{"url": "https://www.facebook.com/helperase/photos/a.1029649477086727/1682802618438073/?type=3", "created_time": "2017-12-03T12:14:27+0000", "message": "Great job by all the New Jersey Law Enforcement involved in getting these predators off the streets! \n#NJICACTaskForce #SaferStreets\nhttp://fxn.ws/2ArO3uG", "cleaned_message": ["great", "job", "new", "jersey", "law", "enforc", "involv", "get", "predat", "street"], "emojis": null, "mentions": null, "names": null, "message_tags": ["njicactaskforce", "SaferStreets"], "attachments": [{"media_type": "photo", "media_url": "https://www.facebook.com/helperase/photos/a.1029649477086727/1682802618438073/?type=3", "media_description": "Timeline Photos", "thumbnail_url": null}], "urls": ["http://fxn.ws/2ArO3uG"]}