{"url": "https://www.facebook.com/1003344626383879/posts/1668835466501455/", "created_time": "2017-11-20T15:14:09+0000", "message": "YWCA Kalamazoo to build only human trafficking shelter in Michigan\nThe grant it received will allow them to expand their human trafficking program and will build a 17 bed shelter for survivors, offer legal support, therapy and case management.", "cleaned_message": ["ywca", "kalamazoo", "build", "human", "traffick", "shelter", "michigan", "grant", "receiv", "allow", "expand", "human", "traffick", "program", "build", "bed", "shelter", "survivor", "offer", "legal", "support", "therapi", "case", "manag"], "emojis": null, "mentions": null, "names": ["YWCA Kalamazoo"], "message_tags": null, "attachments": [{"media_type": "share", "media_url": "http://l.facebook.com/l.php?u=http%3A%2F%2Fj.mp%2F2zMN0ri&h=AT1_IVKWzTrFOlYU86zo0F6Co0WJE3p4lGi5jYJ5dtktCjCV0z2zN42YN3tzuXRkbnRUo_9q2NPAOG_WfMlv5XMZ1eWsr3XsM5sZ7kYMP1oYXHYJUIMYB8-P5hYJWd3X&s=1", "media_description": "YWCA Kalamazoo to build only human trafficking shelter in Michigan", "thumbnail_url": null}], "urls": null}