{"url": "https://www.facebook.com/1003344626383879/posts/1646788298706172/", "created_time": "2017-10-29T14:14:05+0000", "message": "Take every opportunity to chat with your children about the danger of talking to strangers on social media and ask them to disable location sharing capabilities on their social media accounts and photos.", "cleaned_message": ["take", "everi", "opportun", "chat", "children", "danger", "talk", "stranger", "social", "media", "ask", "disabl", "locat", "share", "capabl", "social", "media", "account", "photo"], "emojis": null, "mentions": null, "names": null, "message_tags": null, "attachments": [{"media_type": "share", "media_url": "http://l.facebook.com/l.php?u=http%3A%2F%2Fj.mp%2F2lesPfX&h=AT0Nvihxj4lnzca5fzwWrZYoc9FAbF-CvkflRrUdxHJa5aZoHx-5fwQcLKgOZHpBy5ZgadUnBJKxD8Gqwf8T1i4-r0p21kizMxdVSVeeH9KAYDjKCb54Fm6p9l8JuLsy&s=1", "media_description": "You should talk to your children about child sex trafficking. Here's how.", "thumbnail_url": null}], "urls": null}