{"url": "https://www.facebook.com/1003344626383879/posts/1640538459331156/", "created_time": "2017-10-23T14:14:00+0000", "message": "Because of forward thinking legislators and a governor committed to protecting our children, every student in California will learn about both sex and labor trafficking and how to avoid victimization.", "cleaned_message": ["forward", "think", "legisl", "governor", "commit", "protect", "children", "everi", "student", "california", "learn", "sex", "labor", "traffick", "avoid", "victim"], "emojis": null, "mentions": null, "names": null, "message_tags": null, "attachments": [{"media_type": "share", "media_url": "http://l.facebook.com/l.php?u=http%3A%2F%2Fj.mp%2F2xXCngz&h=AT3As33FwCs9A_Xss9emm05AOXjFRcbmuo97Mb-eLZHILk3Qc6DgdXWNIQoDhuDOEHaCDCugyVdibCwlKkgW6Dc_NUOoCbnAOobAlobQ6uE1ytR9CflwZiTY6MEwp6fw&s=1", "media_description": "Teaching kids to protect themselves from human trafficking", "thumbnail_url": null}], "urls": null}