{"url": "https://www.facebook.com/1003344626383879/posts/1597276646990671/", "created_time": "2017-09-06T13:14:04+0000", "message": "\"We want to give a message of hope, that you can be saved and there are people you can turn to.\" Dozens of airport employees underwent training last year from Airline Ambassadors, a nonprofit group in Arlington, Virginia, that educates the airline industry on how to recognize human trafficking and when to step in.", "cleaned_message": ["want", "give", "messag", "hope", "save", "peopl", "turn", "dozen", "airport", "employe", "underw", "train", "last", "year", "airlin", "ambassador", "nonprofit", "group", "arlington", "virginia", "educ", "airlin", "industri", "recogn", "human", "traffick", "step"], "emojis": null, "mentions": null, "names": null, "message_tags": null, "attachments": [{"media_type": "share", "media_url": "http://l.facebook.com/l.php?u=http%3A%2F%2Fj.mp%2F2eWv0zn&h=AT0LwYtkNkik5qILY0WUBNAb0C0AogAjjBZWSp0JsbFVO1lYB6geHpKbvEsmUhJVVEnYfaG97BIVoQzWBCTDlqzpogAoq8kC9qzovY1Y8p7QgaWvAbeUbbw1SFgXUoGY&s=1", "media_description": "Las Vegas airport, airline workers learn to spot human trafficking", "thumbnail_url": null}], "urls": null}