{"url": "https://www.facebook.com/helperase/photos/a.1029649477086727/3211030555615264/?type=3", "created_time": "2020-06-12T14:23:39+0000", "message": "Great job by all involved!! \n\u201cHur commended Homeland Security Investigations and the Howard County Police Department for their work in the investigation.\u201d\n\nhttps://www.bizjournals.com/baltimore/news/2020/06/11/chuck-nabit-charges-sex-trafficking-business.html\n\n#nodemandnosupply #exploitation #notforsale", "cleaned_message": ["great", "job", "involv", "hur", "commend", "homeland", "secur", "investig", "howard", "counti", "polic", "depart", "work", "investig"], "emojis": null, "mentions": null, "names": null, "message_tags": ["nodemandnosupply", "exploitation", "NotForSale"], "attachments": [{"media_type": "photo", "media_url": "https://www.facebook.com/helperase/photos/a.1029649477086727/3211030555615264/?type=3", "media_description": "Timeline Photos", "thumbnail_url": null}], "urls": ["https://www.bizjournals.com/baltimore/news/2020/06/11/chuck-nabit-charges-sex-trafficking-business.html"]}