{"url": "https://www.facebook.com/1003344626383879/posts/1485899431461727/", "created_time": "2017-05-23T00:07:09+0000", "message": null, "cleaned_message": null, "emojis": null, "mentions": null, "names": null, "message_tags": null, "attachments": [{"media_type": "share", "media_url": "http://l.facebook.com/l.php?u=http%3A%2F%2Fbuff.ly%2F2rB6CrC&h=AT2Da3g8sGwNrv1HckvTYLVFs6E8gjSPNJs3a2dqy7Gx_wtyVCtc4DaosGIrRSEBxzhD13L1Qb5dmH6PAk-GP3Ihybq7Vockb48nLzH-VW9DgZdEZ97EmI4eThquhlAV&s=1", "media_description": "Abbott signs law to enlist truck drivers in fight against human trafficking", "thumbnail_url": null}]}