{"url": "https://www.facebook.com/helperase/photos/a.1381766311875040/1344920895559582/?type=3", "created_time": "2017-01-13T18:28:54+0000", "message": "Ways traffickers lure victims.\n\nFact #13 Some recruiters befriend teens \nand young adults for the sake of trafficking them.\nAfter they develop trust and a friendship, the recruiters initiate a weekend vacation or gig, only to deceive them into trafficking.\n\n30 Facts ~ National Slavery and Human Trafficking Prevention Month\n#Awareness #Prevention #Education", "cleaned_message": ["way", "traffick", "lure", "victim", "fact", "recruit", "befriend", "teen", "young", "adult", "sake", "traffick", "develop", "trust", "friendship", "recruit", "initi", "weekend", "vacat", "gig", "deceiv", "traffick", "fact", "nation", "slaveri", "human", "traffick", "prevent", "month"], "emojis": null, "mentions": null, "names": null, "message_tags": ["awareness", "prevention", "education"], "attachments": [{"media_type": "photo", "media_url": "https://www.facebook.com/helperase/photos/a.1381766311875040/1344920895559582/?type=3", "media_description": "30 Facts about Human Trafficking", "thumbnail_url": null}], "urls": null}