{"url": "https://www.facebook.com/1003344626383879/posts/2595234687194857/", "created_time": "2019-09-08T20:10:03+0000", "message": "The judge said investigators had found templates in his Williams' phone for creating driver's licenses, social security cards and other forms of identification.", "cleaned_message": ["judg", "said", "investig", "found", "templat", "william", "phone", "creat", "driver", "licens", "social", "secur", "card", "form", "identif"], "emojis": null, "mentions": null, "names": ["Williams"], "message_tags": null, "attachments": [{"media_type": "share", "media_url": "https://l.facebook.com/l.php?u=https%3A%2F%2Fbuff.ly%2F2Lyb2KK&h=AT2lEowMDLlyuUdoOemOzTQoq5XRZBdhPFQV0E0mahzKSP7vcLKk6IRmrUXCX7tLf3t6gDnnRSqeRFCJjq0i3vJmQkMBjfyC3fGIh51yQb2Qw4ZVho5maR17WIIn2EF3&s=1", "media_description": "Pensacola man accused of human trafficking at massage parlors in 4 states denied bail", "thumbnail_url": null}], "urls": null}