{"url": "https://www.facebook.com/1003344626383879/posts/3384826408235677/", "created_time": "2020-08-13T17:08:48+0000", "message": "Sex Trafficking does not discriminate, anyone can fall prey to techniques used by traffickers. #LE #MakingADifference  #HelpERASE", "cleaned_message": ["sex", "traffick", "discrimin", "anyon", "fall", "prey", "techniqu", "use", "traffick"], "emojis": null, "mentions": null, "names": null, "message_tags": ["le", "makingadifference", "helpERASE"], "attachments": [{"media_type": "video_inline", "media_url": "https://www.facebook.com/helperase/videos/695935074470230/", "media_description": "Auburn Hills police issue campus warning.", "thumbnail_url": null}], "urls": null}