{"url": "https://www.facebook.com/1003344626383879/posts/1960926930625639/", "created_time": "2018-08-02T20:10:03+0000", "message": "\"A 31-year-old Lake Worth man was arrested last week after DNA evidence linked him to a case involving a teenage human-trafficking victim, according to a Palm Beach County Sheriff\u2019s Office arrest report.\"", "cleaned_message": ["-year-old", "lake", "worth", "man", "arrest", "last", "week", "dna", "evid", "link", "case", "involv", "teenag", "human-traffick", "victim", "accord", "palm", "beach", "counti", "sheriff", "offic", "arrest", "report"], "emojis": null, "mentions": null, "names": null, "message_tags": null, "attachments": [{"media_type": "share", "media_url": "https://l.facebook.com/l.php?u=https%3A%2F%2Fbuff.ly%2F2ODvjz3&h=AT11TMwPit4CYhqkQnknFTesqr6atFTbxhJDMfbv7X5r5XbNelevyY4hxPLKf39UvUvt0TyiTFIxHPH8_bQacUlBVrwx2DB5V5egCSmvkInF3u9d-kPqSjpcvwQA7R3k&s=1", "media_description": "Lake Worth man accused of lewd behavior on human-trafficking victim", "thumbnail_url": null}], "urls": null}