{"url": "https://www.facebook.com/1003344626383879/posts/1857791167605883/", "created_time": "2018-05-21T20:04:01+0000", "message": "Angels of Mercy and the Century Club of Rochester are working together to take a stand against the exploitation of women and girls forced into human trafficking.", "cleaned_message": ["angel", "merci", "centuri", "club", "rochest", "work", "togeth", "take", "stand", "exploit", "women", "girl", "forc", "human", "traffick"], "emojis": null, "mentions": null, "names": null, "message_tags": null, "attachments": [{"media_type": "share", "media_url": "https://l.facebook.com/l.php?u=https%3A%2F%2Fbuff.ly%2F2GFbrXq&h=AT1mz9u2EFtthbpN8nB55IJHItbiqovD1yQDdpmF3I-G2A7W8oD99D0HNztRDHvsS9uOKI5O0hXco4SvVeqI32b5UECi1IquIMFqzz9O9vSlRSWGPflOMfeAt3VzJsmS&s=1", "media_description": "Rochester takes a stand against human trafficking", "thumbnail_url": null}], "urls": null}