{"url": "https://www.facebook.com/1003344626383879/posts/1853879707997029/", "created_time": "2018-05-17T20:04:02+0000", "message": "Human trafficking is modern day slavery. Girls around the age of 12 sold for sex and held by fear. You may think it\u2019s a crime that only happens in big-metro areas, but it is happening right here in Northern Michigan.", "cleaned_message": ["human", "traffick", "modern", "day", "slaveri", "girl", "around", "age", "sold", "sex", "held", "fear", "may", "think", "crime", "happen", "big-metro", "area", "happen", "right", "northern", "michigan"], "emojis": null, "mentions": null, "names": null, "message_tags": null, "attachments": [{"media_type": "share", "media_url": "https://l.facebook.com/l.php?u=https%3A%2F%2Fbuff.ly%2F2wMgmGm&h=AT1DdoTBWdjaD91IetQn3AceZlCfJML8oxeSf9hkCcbt5aDSOebNGvLZvVHv9AYxGaTjIdwUq4DnnePqgJD_NbexF8JwCMybdnssqcq1zGs5U52ohDU1cvK7pzHgS4R_&s=1", "media_description": "Special Report: Trafficking Innocence, A Hidden Epidemic - 9 & 10 News", "thumbnail_url": null}], "urls": null}