{"url": "https://www.facebook.com/1003344626383879/posts/1817466744971659/", "created_time": "2018-04-10T20:04:03+0000", "message": "Every year, federal agents across the country run a massive sting operation called Operation Cross Country to get dangerous traffickers off the streets and save sexually abused minors.", "cleaned_message": ["everi", "year", "feder", "agent", "across", "countri", "run", "massiv", "sting", "oper", "call", "oper", "cross", "countri", "get", "danger", "traffick", "street", "save", "sexual", "abus", "minor"], "emojis": null, "mentions": null, "names": null, "message_tags": null, "attachments": [{"media_type": "share", "media_url": "https://l.facebook.com/l.php?u=https%3A%2F%2Fbuff.ly%2F2uT0uAD&h=AT3cyQhtkd2m11FG188-Q5ALhlY3XnZSYJRuiVJNx5Eiei2S-d2t1qa3h1gOYbDFvWH4hdIndqe-4egXd8MyG2dRxDtx5X4LWhfMVNKDBVJkPISFpK8aOUqFLQzrawDS&s=1", "media_description": "FBI on sex trafficking sting: \"Our primary goal is to recover children\"", "thumbnail_url": null}], "urls": null}