{"url": "https://www.facebook.com/helperase/videos/1794260347292299/", "created_time": "2018-03-19T11:53:27+0000", "message": "Law Enforcement Training in Miami hosted by the North Miami Police and #HialeahGardensPoliceDepartment", "cleaned_message": ["law", "enforc", "train", "miami", "host", "north", "miami", "polic"], "emojis": null, "mentions": null, "names": ["Enforcement Training"], "message_tags": ["North Miami PD", "hialeahgardenspolicedepartment"], "attachments": [{"media_type": "video_inline", "media_url": "https://www.facebook.com/helperase/videos/1794260347292299/", "media_description": null, "thumbnail_url": null}], "urls": null}