{"url": "https://www.facebook.com/helperase/videos/1649284528456549/", "created_time": "2017-11-01T00:00:11+0000", "message": "Celebrating the power to Speak Out! Part 2 of 4  \nWhat message do we send when we don\u2019t speak out? Silence is not always golden.  \n#HelpErase", "cleaned_message": ["celebr", "power", "speak", "part", "messag", "send", "speak", "silenc", "alway", "golden"], "emojis": null, "mentions": null, "names": null, "message_tags": ["helpERASE"], "attachments": [{"media_type": "video_direct_response", "media_url": "https://www.facebook.com/helperase/videos/1649284528456549/", "media_description": null, "thumbnail_url": null}], "urls": null}