{"url": "https://www.facebook.com/1003344626383879/posts/1590496341002035/", "created_time": "2017-08-29T23:04:07+0000", "message": "\u201cI\u2019ve worked with victims where they weren\u2019t addicted to drugs before they met their trafficker,\u201d she said. \u201cThese offenders use drugs as a way to control the victims.\u201d One major misconception about human trafficking victims, especially sex trafficking, is that this only happens to people in poverty or with deeply troubled backgrounds. Hathcock said that is not the case.", "cleaned_message": ["work", "victim", "addict", "drug", "met", "traffick", "said", "offend", "use", "drug", "way", "control", "victim", "one", "major", "misconcept", "human", "traffick", "victim", "especi", "sex", "traffick", "happen", "peopl", "poverti", "deepli", "troubl", "background", "hathcock", "said", "case"], "emojis": null, "mentions": null, "names": null, "message_tags": null, "attachments": [{"media_type": "share", "media_url": "http://l.facebook.com/l.php?u=http%3A%2F%2Fj.mp%2F2iFOP2b&h=AT0Aph3N5zCDX_NvOjZALeQ04Wtvqwi6ZHTI8iJsFyE_2aBADD1BjvRdLzSJqkXt6SMme2GlcEuCm-Oc7E-E-pTwRcFa5IUHyZe9pZwG1Ed2Jq_VOaBlci7hmjk6Yzhc&s=1", "media_description": "Human trafficking: It's not always what you'd expect", "thumbnail_url": null}], "urls": null}