{"url": "https://www.facebook.com/1003344626383879/posts/1582235935161409/", "created_time": "2017-08-20T13:14:07+0000", "message": "\u201cThere\u2019s a lack of knowledge or desire for knowledge in society,\u201d ... \u201cIt\u2019s easier for people to think of them as delinquents and prostitutes rather than enslaved, trafficked, human beings.\u201d\n#education", "cleaned_message": ["lack", "knowledg", "desir", "knowledg", "societi", "easier", "peopl", "think", "delinqu", "prostitut", "rather", "enslav", "traffick", "human"], "emojis": null, "mentions": null, "names": null, "message_tags": ["education"], "attachments": [{"media_type": "share", "media_url": "https://l.facebook.com/l.php?u=https%3A%2F%2Fbuff.ly%2F2vMFY1r&h=AT12D5-KsaBE9kpXkQYakX0LxV03wTov2HYcpgSW9kfFvfPKi5bagZIl00JorGgZ1hZ5nCHIeO7kuTkB0vr8I06cqFgCY2g5VNDmaWSuyQJIdEOuZC-Ue9lbefDHqZw5&s=1", "media_description": "INHUMAN TRADE: Sex trafficking victims manipulated, controlled for profit", "thumbnail_url": null}], "urls": null}