{"url": "https://www.facebook.com/1003344626383879/posts/1504016602983343/", "created_time": "2017-06-10T00:07:00+0000", "message": null, "cleaned_message": null, "emojis": null, "mentions": null, "names": null, "message_tags": null, "attachments": [{"media_type": "share", "media_url": "http://l.facebook.com/l.php?u=http%3A%2F%2Fbuff.ly%2F2s5NiFz&h=AT3cSIYCkJRmPLD03Mig_tBIKnRt8cu887ixHdKcOizYn_hGfJy_oC25xZaau2GejC7FHLmOzJ5M89gx04bOjRwWuAAcUGBoqLhv24o2-zaGitJMeHxNyHA58L3sop3s&s=1", "media_description": "5 Social Media Safety Tips for Parents", "thumbnail_url": null}]}