{"url": "https://www.facebook.com/1003344626383879/posts/1501206373264366/", "created_time": "2017-06-07T11:14:00+0000", "message": null, "cleaned_message": null, "emojis": null, "mentions": null, "names": null, "message_tags": null, "attachments": [{"media_type": "share", "media_url": "http://l.facebook.com/l.php?u=http%3A%2F%2Fbuff.ly%2F2swFw5B&h=AT1E_IKpA4MafOK8hfUspIen6zePWamCXofb3msPPouu9ujQd8dQqPxowuYb6JfdTqY2qnAr1_437qUT0ZdM8mUWIkhKd9mPOSPkiJgbWk0nWIGWNx_wn3RHRf7Mdo7V&s=1", "media_description": "'Just Ask' shining light on teen sex trafficking problem in Fairfax Co.", "thumbnail_url": null}]}