{"url": "https://www.facebook.com/helperase/photos/a.1029649477086727/3222102697841383/?type=3", "created_time": "2020-06-16T17:05:35+0000", "message": "#Repost @vicb1010\n\u30fb\u30fb\u30fb\nKeep it moving!!!", "cleaned_message": ["keep", "move"], "emojis": null, "mentions": ["vicb1010"], "names": null, "message_tags": ["Repost"], "attachments": [{"media_type": "photo", "media_url": "https://www.facebook.com/helperase/photos/a.1029649477086727/3222102697841383/?type=3", "media_description": "Timeline Photos", "thumbnail_url": null}], "urls": null}