{"url": "https://www.facebook.com/helperase/photos/a.1029649477086727/2938850209499968/?type=3", "created_time": "2020-02-17T19:10:16+0000", "message": "\"Reportedly, Ray, 60, of Piscataway, New Jersey, brought three students to the property and forced them to do manual labor in 2013. The indictment states they had to install an irrigation system at the location.\"\nhttps://buff.ly/2uVcpPb", "cleaned_message": ["reportedli", "ray", "piscataway", "new", "jersey", "brought", "three", "student", "properti", "forc", "manual", "labor", "indict", "state", "instal", "irrig", "system", "locat"], "emojis": null, "mentions": null, "names": ["Ray"], "message_tags": [], "attachments": [{"media_type": "photo", "media_url": "https://www.facebook.com/helperase/photos/a.1029649477086727/2938850209499968/?type=3", "media_description": "Timeline Photos", "thumbnail_url": null}], "urls": ["https://buff.ly/2uVcpPb"]}