{"url": "https://www.facebook.com/1003344626383879/posts/1795424997175834/", "created_time": "2018-03-20T14:14:04+0000", "message": "To combat this epidemic, we\u2019ve introduced the bipartisan Protecting Rights of Those Exploited by Coercive Trafficking (PROTECT) Act, which specifically addresses this use of drugs to facilitate trafficking and will protect those who are vulnerable.", "cleaned_message": ["combat", "epidem", "introduc", "bipartisan", "protect", "right", "exploit", "coerciv", "traffick", "protect", "act", "specif", "address", "use", "drug", "facilit", "traffick", "protect", "vulner"], "emojis": null, "mentions": null, "names": null, "message_tags": null, "attachments": [{"media_type": "share", "media_url": "https://l.facebook.com/l.php?u=https%3A%2F%2Fbuff.ly%2F2FPsZQP&h=AT2ljcupcqySoQsNodtTCdyqM6qETk3nfGD4zFmW9jtAyl7n8TiA0h7SUDgcDR7LsPoX_nziv9ziFL0LxPOjCy-8twzukJcoLx6KEFFksBzTl7nM6ghSn6z41XH5KYX3&s=1", "media_description": "Breaking the link between forced drug use and human trafficking , by John Cornyn and John Ratcliffe", "thumbnail_url": null}], "urls": null}