{"url": "https://www.facebook.com/1003344626383879/posts/1794676573917343/", "created_time": "2018-03-19T20:04:03+0000", "message": "Airbnb and Uber, two companies with vast global scale, have recognized that they, too, can help. Why? Because the people engaged in this evil often use those companies' services.", "cleaned_message": ["airbnb", "uber", "two", "compani", "vast", "global", "scale", "recogn", "help", "peopl", "engag", "evil", "often", "use", "compani", "servic"], "emojis": null, "mentions": null, "names": ["Uber"], "message_tags": null, "attachments": [{"media_type": "share", "media_url": "https://l.facebook.com/l.php?u=https%3A%2F%2Fbuff.ly%2F2HJdPNp&h=AT1bhBD_l9k9qs-jewKly53Nnm7TQlf8uEN9tLvsOe2Gi2aVA8XPVWRNMz_bwOnUqbUWr4Z7-jtiD1vX8HjkVRfo1ckAuU9Kwwsn7T5p0qHSgHDGjotLAJD5GG4Njsdm&s=1", "media_description": "Producing results on human trafficking", "thumbnail_url": null}], "urls": null}