{"url": "https://www.facebook.com/1003344626383879/posts/1562941103757559/", "created_time": "2017-07-31T04:36:23+0000", "message": "As World Day Against Trafficking in Persons comes to a close, please remember we need to raise awareness every day. Human Trafficking Victims do not get a day off nor do they get to sleep in when they want. No option to call out sick or take a mental health day. Every day is a day to survive. We can give a voice to the voiceless. Here are some common signs of a Trafficking Victim. If you see something suspicious please notify law enforcement.\n#endhumantrafficking #givefreedom #helperase #SpeakUp", "cleaned_message": ["world", "day", "traffick", "person", "come", "close", "pleas", "rememb", "need", "rais", "awar", "everi", "day", "human", "traffick", "victim", "get", "day", "get", "sleep", "want", "option", "call", "sick", "take", "mental", "health", "day", "everi", "day", "day", "surviv", "give", "voic", "voiceless", "common", "sign", "traffick", "victim", "see", "someth", "suspici", "pleas", "notifi", "law", "enforc"], "emojis": null, "mentions": null, "names": null, "message_tags": ["endhumantrafficking", "GiveFreedom", "helpERASE", "SpeakUp"], "attachments": [{"media_type": "photo", "media_url": "https://www.facebook.com/helperase/photos/a.1029649477086727/1562940693757600/?type=3", "media_description": null, "thumbnail_url": null}], "urls": null}