{"url": "https://www.facebook.com/1003344626383879/posts/1562910473760622/", "created_time": "2017-07-31T03:36:03+0000", "message": "This is a great PSA video by Sunnyvale Department of Public Safety on Human Trafficking. Very happy to see the many law enforcement departments raising awareness today.", "cleaned_message": ["great", "psa", "video", "sunnyval", "depart", "public", "safeti", "human", "traffick", "happi", "see", "mani", "law", "enforc", "depart", "rais", "awar", "today"], "emojis": null, "mentions": null, "names": null, "message_tags": ["Sunnyvale Department of Public Safety"], "attachments": [{"media_type": "video_inline", "media_url": "https://www.facebook.com/SunnyvaleDPS/videos/365649497146594/", "media_description": "Human Trafficking", "thumbnail_url": null}], "urls": null}