{"url": "https://www.facebook.com/1003344626383879/posts/1537513129633690/", "created_time": "2017-07-08T11:14:01+0000", "message": null, "cleaned_message": null, "emojis": null, "mentions": null, "names": null, "message_tags": null, "attachments": [{"media_type": "share", "media_url": "http://l.facebook.com/l.php?u=http%3A%2F%2Fbuff.ly%2F2uzMjwp&h=AT3CxTq1nykYTYAKSaveK5KKKmhdS7FVWGZ-qPGU8lgnmCjtwvLVovIA83LJxcm-rAp3K7vZRQbVgizER4fB4-MqXePQ--kY9c6Boy6dMUL4A_7Z4pHQbnmAP6soO-v2&s=1", "media_description": "Disney finally scrubs human trafficking  from Pirates of the Caribbean ride", "thumbnail_url": null}]}