{"url": "https://www.facebook.com/1003344626383879/posts/1536010019784001/", "created_time": "2017-07-07T00:07:02+0000", "message": "Speaking up saves lives! \n#HelpERASE #ChildTrafficking", "cleaned_message": ["speak", "save", "live"], "emojis": null, "mentions": null, "names": null, "message_tags": ["helpERASE", "childtrafficking"], "attachments": [{"media_type": "share", "media_url": "http://l.facebook.com/l.php?u=http%3A%2F%2Fbuff.ly%2F2uv7xLz&h=AT0j8mNEIZFA18r5kyQKPRna8j2b_JpXdJT6AUkOIWtEyDcJQwlZRym3ir_22b6mMSACXr4XickT_5QX_7fiPQcUVp24vqTBF1GNxXAsj9nLxlgXpTqjxTQAljh5S4Od&s=1", "media_description": "Grandfather\u2019s tip leads to human trafficking, drug bust in Alamance County", "thumbnail_url": null}], "urls": null}