{"url": "https://www.facebook.com/1003344626383879/posts/2804681059583551/", "created_time": "2019-12-16T15:04:02+0000", "message": "\u2018My Prince Charming turned into a monster\u2019: Local woman survives sex trafficking \n#sextrafficking #texas", "cleaned_message": ["princ", "charm", "turn", "monster", "local", "woman", "surviv", "sex", "traffick"], "emojis": null, "mentions": null, "names": ["Prince Charming"], "message_tags": ["Sextrafficking", "texas"], "attachments": [{"media_type": "share", "media_url": "https://l.facebook.com/l.php?u=https%3A%2F%2Fbuff.ly%2F2qZtq98&h=AT0FOZQGukZecRehOkNYC9wMZ3kzr6pTw_VbS-f6ZAuX8YYx30KXkyYzxMBH6_SPoDqJCWGpwhjYZ7N6POOioHcc0FU0IPuNTTqJMMsMl92QNVxpd28HuIAqnXHcSEbq&s=1", "media_description": "\u2018My Prince Charming turned into a monster\u2019: Local woman survives sex trafficking", "thumbnail_url": null}], "urls": null}