{"url": "https://www.facebook.com/helperase/videos/589106088223177/", "created_time": "2019-03-27T23:04:35+0000", "message": "The power behind those in power.\n#changemakers \n#HelpERASE\n#thelifestory", "cleaned_message": ["power", "behind", "power"], "emojis": null, "mentions": null, "names": null, "message_tags": ["changemakers", "helpERASE", "TheLifeStory"], "attachments": [{"media_type": "video_inline", "media_url": "https://www.facebook.com/helperase/videos/589106088223177/", "media_description": null, "thumbnail_url": null}], "urls": null}