{"url": "https://www.facebook.com/helperase/videos/528178377692505/", "created_time": "2019-01-17T00:02:11+0000", "message": "It takes a village of unsung heroes. \nPart 2\n#HelpERASE", "cleaned_message": ["take", "villag", "unsung", "hero", "part"], "emojis": null, "mentions": null, "names": null, "message_tags": ["helpERASE"], "attachments": [{"media_type": "video_inline", "media_url": "https://www.facebook.com/helperase/videos/528178377692505/", "media_description": null, "thumbnail_url": null}], "urls": null}