{"url": "https://www.facebook.com/helperase/videos/369787976936665/", "created_time": "2019-02-07T00:03:14+0000", "message": "Bust out your Red Marker!!!\nTop 3 Ways you can help End It tomorrow!\n#EndItMovement #HelpERASE", "cleaned_message": ["bust", "red", "marker", "top", "way", "help", "end", "tomorrow"], "emojis": null, "mentions": null, "names": null, "message_tags": ["enditmovement", "helpERASE"], "attachments": [{"media_type": "video_inline", "media_url": "https://www.facebook.com/helperase/videos/369787976936665/", "media_description": null, "thumbnail_url": null}], "urls": null}