{"url": "https://www.facebook.com/1003344626383879/posts/1996683997049932/", "created_time": "2018-08-23T14:04:04+0000", "message": "\"Hoke is one of more than half a million truckers trained to spot and report human trafficking through Truckers Against Trafficking.\"", "cleaned_message": ["hoke", "one", "half", "million", "trucker", "train", "spot", "report", "human", "traffick", "trucker", "traffick"], "emojis": null, "mentions": null, "names": ["Hoke"], "message_tags": null, "attachments": [{"media_type": "share", "media_url": "https://l.facebook.com/l.php?u=https%3A%2F%2Fbuff.ly%2F2w3SLxM&h=AT0vq07cKYpt89M_blwB_h_2m8PgpG_p6H1PtN1r-Z_mlIXB7lHeLSaIOiHbNsUAfk7YcNi47OcJD_uwRRpSzl2YYVN4Epeq6w6cdgJnzUOUAzPSqUxucJCOzKR80tYV&s=1", "media_description": "Truckers take on human trafficking", "thumbnail_url": null}], "urls": null}