{"url": "https://www.facebook.com/1003344626383879/posts/1963846823666983/", "created_time": "2018-08-04T14:04:02+0000", "message": "\u201cAn investigation into human trafficking done by a North Strabane Township police officer at the request of an agent with the federal Department of Homeland Security Child Exploitation/Human Trafficking team led to the arrest Tuesday of a New Jersey man.\u201d", "cleaned_message": ["investig", "human", "traffick", "done", "north", "straban", "township", "polic", "offic", "request", "agent", "feder", "depart", "homeland", "secur", "child", "exploit", "human", "traffick", "team", "led", "arrest", "tuesday", "new", "jersey", "man"], "emojis": null, "mentions": null, "names": null, "message_tags": null, "attachments": [{"media_type": "share", "media_url": "https://l.facebook.com/l.php?u=https%3A%2F%2Fbuff.ly%2F2LMkJbx&h=AT2ujpMuP3oFE89ibuTYp_mdR-yMEsu9VgyY4pHJ355ws5hfVyU-TrI9UyLHWxOesabFniTyD2Zh6WxjPSk-cz4XFn7rvvZJAEkh7eA_7eHZbR2Ta4of0D7B6-wi9t_D&s=1", "media_description": "North Strabane police investigation into human trafficking leads to arrest of New Jersey man", "thumbnail_url": null}], "urls": null}