{"url": "https://www.facebook.com/1003344626383879/posts/1907638469287819/", "created_time": "2018-06-30T20:04:01+0000", "message": "\"Dart new podcast series is produced in collaboration with Truckers Against Trafficking (TAT), the Minnesota Trucking Association (MTA) and the Minnesota Bureau of Criminal Apprehension (MBCA). The five-part series examines how the state of Minnesota and MTA members have been involved in the effort to address human trafficking.\"", "cleaned_message": ["dart", "new", "podcast", "seri", "produc", "collabor", "trucker", "traffick", "tat", "minnesota", "truck", "associ", "mta", "minnesota", "bureau", "crimin", "apprehens", "mbca", "five-part", "seri", "examin", "state", "minnesota", "mta", "member", "involv", "effort", "address", "human", "traffick"], "emojis": null, "mentions": null, "names": ["Dart"], "message_tags": null, "attachments": [{"media_type": "share", "media_url": "https://l.facebook.com/l.php?u=https%3A%2F%2Fbuff.ly%2F2yLvhBD&h=AT1Dc4ewQcNJX-j3RdGZ3XTBrHAntjzrx214jPHKBOWmbrC8MofgKU6wjtTAv2bv0sAqTSyN8oWydyqwCxdLCJ2OKac9WCF1PXJaT-nqWqvojji2lGvz2tF6ynKgxJEg&s=1", "media_description": "Dart Transit creates podcast series to help drivers combat human trafficking", "thumbnail_url": null}], "urls": null}