{"url": "https://www.facebook.com/1003344626383879/posts/1958835520834780/", "created_time": "2018-08-01T14:04:06+0000", "message": "\u201cEight more charged in North St. Paul underage sex sting, bringing total to 17\u201d", "cleaned_message": ["eight", "charg", "north", "st", "paul", "underag", "sex", "sting", "bring", "total"], "emojis": null, "mentions": null, "names": null, "message_tags": null, "attachments": [{"media_type": "share", "media_url": "https://l.facebook.com/l.php?u=https%3A%2F%2Fbuff.ly%2F2vqZEZ1&h=AT02NrovoJegUrL5Z3_Aj0DGXNW7i_z0JqDhEJAGUs-uWe1s4XcWzgca5hUWbne601GsQ7UwTLUzHXmjTPDLPFTE3B1jyqX8T-Xf2UFswHce-_8hSfnx5hLCnnCKVY0x&s=1", "media_description": "Eight more charged in North St. Paul underage sex sting, bringing total to 17", "thumbnail_url": null}], "urls": null}