{"url": "https://www.facebook.com/1003344626383879/posts/1778850255499975/", "created_time": "2018-03-05T21:04:01+0000", "message": "There are almost 80,000 children trafficked for sex each year just in Texas, according to a study from UT. That's why the Safe Alliance created a program to specifically help victims of sex trafficking.", "cleaned_message": ["almost", "children", "traffick", "sex", "year", "texa", "accord", "studi", "ut", "safe", "allianc", "creat", "program", "specif", "help", "victim", "sex", "traffick"], "emojis": null, "mentions": null, "names": null, "message_tags": null, "attachments": [{"media_type": "share", "media_url": "https://l.facebook.com/l.php?u=https%3A%2F%2Fbuff.ly%2F2t3aiam&h=AT3F63ukmwp0G3yJlSHHJtqL1Rku2D2zIU2a6ybXsq-4g6IAuz8cmEhWlCVNaT_llGcqk4tqLoK_CfVvxav3NnbBZkgwxhoaGjR3NVGeRIVM5R-awg1g2DcvPr_2UB0I&s=1", "media_description": "Program helping victims of sex trafficking", "thumbnail_url": null}], "urls": null}