{"url": "https://www.facebook.com/1003344626383879/posts/1760869073964760/", "created_time": "2018-02-16T21:04:01+0000", "message": "\"They don't have to worry about whether he is going to believe them or not. They can tell him how they feel, and they don't have to worry that they'll be blamed, or that somebody is going to tell them that they've done something wrong.\"", "cleaned_message": ["worri", "whether", "go", "believ", "tell", "feel", "worri", "blame", "somebodi", "go", "tell", "done", "someth", "wrong"], "emojis": null, "mentions": null, "names": null, "message_tags": null, "attachments": [{"media_type": "share", "media_url": "http://l.facebook.com/l.php?u=http%3A%2F%2Fj.mp%2F2ELgatz&h=AT2CFxpEZqyOVOpDXz0M4QkUMWgQOfAJrj0vEamqRnw8OgU5lU7zihWh5qws7--OMEx6n7bAfVIdraIk0ghiE3UYHQchvsixaR96lvv-aeFJmikC_fwHDbyr05zYajEG&s=1", "media_description": "'Iggy's there just for them': Therapy dog helps child sex trafficking survivors testify", "thumbnail_url": null}], "urls": null}