{"url": "https://www.facebook.com/1003344626383879/posts/1724248134293521/", "created_time": "2018-01-11T21:04:09+0000", "message": "victims are commonly spotted in places like airports, bus stations, hotels, truck stops and massage parlors. Red flags include their appearance and demeanor \u2014 victims of sex trafficking frequently avoid eye contact, appear anxious or scared and may have cuts, bruises or other signs of physical abuse.", "cleaned_message": ["victim", "commonli", "spot", "place", "like", "airport", "bu", "station", "hotel", "truck", "stop", "massag", "parlor", "red", "flag", "includ", "appear", "demeanor", "victim", "sex", "traffick", "frequent", "avoid", "eye", "contact", "appear", "anxiou", "scare", "may", "cut", "bruis", "sign", "physic", "abus"], "emojis": null, "mentions": null, "names": null, "message_tags": null, "attachments": [{"media_type": "share", "media_url": "http://l.facebook.com/l.php?u=http%3A%2F%2Fj.mp%2F2CHc2Xk&h=AT1Tz14HUvYaumjm0m2HYIUPJJAkQL9b-f8ZYcHvFxTOMhlEiY7yK1F_pgnzx-YzD4zpieEUULprCnMCrFYfU5evqc-JokSW7okaCc_8gnQxA3SzjpyiuqDWprNainMK&s=1", "media_description": "Human Trafficking: 5 Important Things You Should Know - Crixeo", "thumbnail_url": null}], "urls": null}