{"url": "https://www.facebook.com/1003344626383879/posts/1664498950268440/", "created_time": "2017-11-16T15:14:06+0000", "message": "Quest: Human trafficking must be stopped \nCNN is committed to helping end modern day slavery through our Freedom Project.", "cleaned_message": ["quest", "human", "traffick", "must", "stop", "cnn", "commit", "help", "end", "modern", "day", "slaveri", "freedom", "project"], "emojis": null, "mentions": null, "names": null, "message_tags": null, "attachments": [{"media_type": "share", "media_url": "http://l.facebook.com/l.php?u=http%3A%2F%2Fj.mp%2F2zAV4LG&h=AT0KV08q4fxspwzwUo5OhmK11o0w8M6uR2HiK6R0iREvHMm3V-kLYn8SyAxjE9sucrL0UivMIgqM-IdSa2gJR19FuY9bFZFzR7RrcWIXiQYwELSzF3LFKUYcjPuipfBr&s=1", "media_description": "Quest: Human trafficking must be stopped", "thumbnail_url": null}], "urls": null}