{"url": "https://www.facebook.com/1003344626383879/posts/1658985897486412/", "created_time": "2017-11-10T22:37:44+0000", "message": "Human trafficking is a $100 billion business IKEA, H&M, Coca Cola and many of the world's largest companies are working to stop labor exploitation and human trafficking. CNNMoney's Richard Quest explains.", "cleaned_message": ["human", "traffick", "billion", "busi", "ikea", "h", "coca", "cola", "mani", "world", "largest", "compani", "work", "stop", "labor", "exploit", "human", "traffick", "cnnmoney", "richard", "quest", "explain"], "emojis": null, "mentions": null, "names": null, "message_tags": null, "attachments": [{"media_type": "share", "media_url": "http://l.facebook.com/l.php?u=http%3A%2F%2Fj.mp%2F2yPRA8G&h=AT2ypBmmtYbPwN0tijX_wdLDlN25K0B24SIOEgbaIj7MiKpKAk4_whXd5vcJQSASs3Q8r8mOsRzXgD4Be3PJ3KJAwTRPQKqs_DcwVJHcQCmH38YZsiUv60rvUZ1bPwRd&s=1", "media_description": "Human trafficking is a $100 billion business - CNN Video", "thumbnail_url": null}], "urls": null}