{"url": "https://www.facebook.com/helperase/photos/a.1029649477086727/1613914795326856/?type=3", "created_time": "2017-09-25T14:14:07+0000", "message": "Human Trafficking is a Market-Driven Crime. No Demand = No Need For Supply \nStop The Demand! Human Trafficking is a crime that can be defeated. If we stopped the consumers/buyers aka rapist then there would not be a demand. Speak up in your community. Demand tougher sentencing on the buyers. #NotForSale", "cleaned_message": ["human", "traffick", "market-driven", "crime", "demand", "need", "suppli", "stop", "demand", "human", "traffick", "crime", "defeat", "stop", "consum", "buyer", "aka", "rapist", "would", "demand", "speak", "commun", "demand", "tougher", "sentenc", "buyer"], "emojis": null, "mentions": null, "names": null, "message_tags": ["NotForSale"], "attachments": [{"media_type": "photo", "media_url": "https://www.facebook.com/helperase/photos/a.1029649477086727/1613914795326856/?type=3", "media_description": "Timeline Photos", "thumbnail_url": null}], "urls": null}