{"url": "https://www.facebook.com/1003344626383879/posts/1578674528850883/", "created_time": "2017-08-16T13:14:01+0000", "message": "...if someone needs a Safe Place, she or he can board a bus and make it known to the CAT driver that they need help.  Our drivers are trained to be the first step to make sure the child or person at risk is taken to safety.\u201d", "cleaned_message": ["someon", "need", "safe", "place", "board", "bu", "make", "known", "cat", "driver", "need", "help", "driver", "train", "first", "step", "make", "sure", "child", "person", "risk", "taken", "safeti"], "emojis": null, "mentions": null, "names": null, "message_tags": null, "attachments": [{"media_type": "share", "media_url": "https://l.facebook.com/l.php?u=https%3A%2F%2Fbuff.ly%2F2vWARP5&h=AT2eSGAz6yVzWRfLBlF4Zn-CD1DVK2hS2xNfo4ihMV_QSJ75Rpzbi-84gkf4HU9J3c9DfYlb7gWGImwxHwwvRIInlr-mm1VIAoDY35TUYccarSSodJxqV9Y_RG43pjjz&s=1", "media_description": "Capital Area Transit bus drivers receive training on how to handle human trafficking, domestic abuse situations", "thumbnail_url": null}], "urls": null}