{"url": "https://www.facebook.com/1003344626383879/posts/1575798155805187/", "created_time": "2017-08-13T13:14:01+0000", "message": "\u201cThe Racine Dominican Sisters and associates support human rights by opposing the trafficking of women, children and men for sexual exploitation and international works of enslavement. We commit our prayer, study, resources and action to end this criminal activity against our sisters and brothers.\u201d", "cleaned_message": ["racin", "dominican", "sister", "associ", "support", "human", "right", "oppos", "traffick", "women", "children", "men", "sexual", "exploit", "intern", "work", "enslav", "commit", "prayer", "studi", "resourc", "action", "end", "crimin", "activ", "sister", "brother"], "emojis": null, "mentions": null, "names": null, "message_tags": null, "attachments": [{"media_type": "share", "media_url": "https://l.facebook.com/l.php?u=https%3A%2F%2Fbuff.ly%2F2upg1YA&h=AT0ZsFPrRJjs4z_1jIXrowauIoPO1tlFs7e-GNKlI54tqRhVjI_K-RwrYrJA0fg4AiNQW3tecEjZSGXEWj0Rbk7gCGxh4AipNEJ1u3Svb6D68HuyggWHymeIyaEHLqOh&s=1", "media_description": "Racine Dominicans continue to fight human trafficking", "thumbnail_url": null}], "urls": null}