{"url": "https://www.facebook.com/1003344626383879/posts/2183200468398283/", "created_time": "2019-01-07T15:04:02+0000", "message": "\"When you are a child, you cannot consent to having sex with an adult, or with anyone else, for that matter,\u201d", "cleaned_message": ["child", "consent", "sex", "adult", "anyon", "els", "matter"], "emojis": null, "mentions": null, "names": null, "message_tags": null, "attachments": [{"media_type": "share", "media_url": "https://l.facebook.com/l.php?u=https%3A%2F%2Fbuff.ly%2F2R9gpFP&h=AT2odXWRoHzAlgH838EhjFI4rBHgh2R9iPd5xLFkQI4ja7W04z5rclkezQ0IIncC57txuUFvrEsIr01QujlDF-bQUHD5Y0CCmjKyqftn_ZIjbERx80HgrboGl7k1nxFk&s=1", "media_description": "Shout Out to Dine Out: Local artist sheds light on human trafficking |", "thumbnail_url": null}], "urls": null}