{"url": "https://www.facebook.com/1003344626383879/posts/1467784879939849/", "created_time": "2017-05-07T00:07:00+0000", "message": null, "cleaned_message": null, "emojis": null, "mentions": null, "names": null, "message_tags": null, "attachments": [{"media_type": "share", "media_url": "http://l.facebook.com/l.php?u=http%3A%2F%2Fbuff.ly%2F2phdFnO&h=AT2WXXaMoPmo05DMHF1mlSLS4PSFhlonPy5oZ2OdmAM0hxB_584-xXvt0KEU73HKWhr2_44hkWD0FcaefUdyeq4w1ZFbQweDoh0c8spF10sn8AytOVkUFbIue8QRHwVC&s=1", "media_description": "Bad odds for human trafficking during Derbyweek", "thumbnail_url": null}]}