{"url": "https://www.facebook.com/helperase/photos/a.1029649477086727/1450591868325817/?type=3", "created_time": "2017-04-22T16:57:34+0000", "message": "\"We do not inherit the Earth from our Ancestors, we borrow it from our Children\" ~ Ancient Indian proverb\n#EarthDay2017", "cleaned_message": ["inherit", "earth", "ancestor", "borrow", "children", "ancient", "indian", "proverb"], "emojis": null, "mentions": null, "names": null, "message_tags": ["earthday2017"], "attachments": [{"media_type": "photo", "media_url": "https://www.facebook.com/helperase/photos/a.1029649477086727/1450591868325817/?type=3", "media_description": "Timeline Photos", "thumbnail_url": null}], "urls": null}