{"url": "https://www.facebook.com/1003344626383879/posts/2111310048920659/", "created_time": "2018-11-19T15:04:05+0000", "message": "\u201cMake sure your kids know who they\u2019re trusting and who they\u2019re around, because people sell you a dream.\u201d", "cleaned_message": ["make", "sure", "kid", "know", "trust", "around", "peopl", "sell", "dream"], "emojis": null, "mentions": null, "names": null, "message_tags": null, "attachments": [{"media_type": "share", "media_url": "https://l.facebook.com/l.php?u=https%3A%2F%2Fbuff.ly%2F2DM1Ocf&h=AT2Kxu5-LnrMnuOw7ZCBGzznt7-Emakk-v3BU3piw12RWUjcCqCRJ64WnpzCQUsbzOS8VMyiQ8OWr75zaAD1tAP8yfD5Q3jYDEj96pV8vpp8TpH_JShgcGjlxEhI2QnR&s=1", "media_description": "Cincinnati Mother Of Child Sex Trafficking Victim Warns Parents Of Horror", "thumbnail_url": null}], "urls": null}