{"url": "https://www.facebook.com/helperase/photos/a.1381766311875040/1375026352549036/?type=3", "created_time": "2017-02-12T21:31:29+0000", "message": "Fact 25 ~ For Medical Professionals\nA U.S. study on sex trafficking found that more than 85 percent of survivors had contact with a health care professional while being trafficked. \n\nSpotting Signs of Sex Trafficking for Health Care Providers- Red flags in a patient\u2019s presentation and health care history that warrant further questions: poor eye contact; anxiety; a scripted or mechanically recited history; being a runaway or in the foster-care system; sexual promiscuity; recurrent STIs; multiple pregnancies; malnourishment; substance addiction; weather-inappropriate clothing; bruising, scars, or burns in hidden places; a tattoo of a pimp\u2019s name or a strange symbol; the inability to provide an address; and a companion who refuses to leave the examination room.\n\n30 Facts ~ Human Trafficking Prevention and Awareness. \n\n#HealthCare #EducateYourself #ProtectOurKids", "cleaned_message": ["fact", "medic", "profession", "u", "studi", "sex", "traffick", "found", "percent", "survivor", "contact", "health", "care", "profession", "traffick", "spot", "sign", "sex", "traffick", "health", "care", "providers-", "red", "flag", "patient", "present", "health", "care", "histori", "warrant", "question", "poor", "eye", "contact", "anxieti", "script", "mechan", "recit", "histori", "runaway", "foster-car", "system", "sexual", "promiscu", "recurr", "sti", "multipl", "pregnanc", "malnourish", "substanc", "addict", "weather-inappropri", "cloth", "bruis", "scar", "burn", "hidden", "place", "tattoo", "pimp", "name", "strang", "symbol", "inabl", "provid", "address", "companion", "refus", "leav", "examin", "room", "fact", "human", "traffick", "prevent", "awar"], "emojis": null, "mentions": null, "names": null, "message_tags": ["healthcare", "educateyourself", "protectourkids"], "attachments": [{"media_type": "photo", "media_url": "https://www.facebook.com/helperase/photos/a.1381766311875040/1375026352549036/?type=3", "media_description": "30 Facts about Human Trafficking", "thumbnail_url": null}], "urls": null}