{"url": "https://www.facebook.com/helperase/photos/a.1029649477086727/2798279186890405/?type=3", "created_time": "2019-12-13T15:04:03+0000", "message": "Trafficking lawsuit sheds light on often-hidden abuse - She \u201crepeatedly checked into the hotel or checked in for long periods of time without any luggage, often with different varied visitors who were all male.\u201d #travel #redflags\n https://buff.ly/38v8QOV", "cleaned_message": ["traffick", "lawsuit", "shed", "light", "often-hidden", "abus", "-", "repeatedli", "check", "hotel", "check", "long", "period", "time", "without", "luggag", "often", "differ", "vari", "visitor", "male"], "emojis": null, "mentions": null, "names": null, "message_tags": ["travel", "redflags"], "attachments": [{"media_type": "photo", "media_url": "https://www.facebook.com/helperase/photos/a.1029649477086727/2798279186890405/?type=3", "media_description": "Timeline Photos", "thumbnail_url": null}], "urls": ["https://buff.ly/38v8QOV"]}