{"url": "https://www.facebook.com/1003344626383879/posts/2487992954585698/", "created_time": "2019-07-11T12:06:35+0000", "message": "2 days away! For anyone in the area of #PalmyraPA or #HersheyPA, stop by to say hello.  Palmyra Fire is the place to be from 2-4pm on Saturday to pick up some tips on child and teen safety.", "cleaned_message": ["day", "away", "anyon", "area", "stop", "say", "hello", "palmyra", "fire", "place", "-", "pm", "saturday", "pick", "tip", "child", "teen", "safeti"], "emojis": null, "mentions": null, "names": ["Palmyra Fire"], "message_tags": ["Palmyra Fire", "palmyrapa", "hersheypa"], "attachments": [{"media_type": "photo", "media_url": "https://www.facebook.com/helperase/photos/a.1066175113434163/2480924805292513/?type=3", "media_description": null, "thumbnail_url": null}], "urls": null}