{"url": "https://www.facebook.com/1003344626383879/posts/2038334799551518/", "created_time": "2018-09-26T13:05:09+0000", "message": "\u201cMembers of the newly formed Suffolk County Police Department Human Trafficking Task Force will be coming to listen and learn from Jeri and other speakers and workshop presenters.\u201d", "cleaned_message": ["member", "newli", "form", "suffolk", "counti", "polic", "depart", "human", "traffick", "task", "forc", "come", "listen", "learn", "jeri", "speaker", "workshop", "present"], "emojis": null, "mentions": null, "names": null, "message_tags": null, "attachments": [{"media_type": "share", "media_url": "https://l.facebook.com/l.php?u=https%3A%2F%2Fbuff.ly%2F2Ijl4NA&h=AT3hpC9aZOf0y36mt7e5vKMK1r33YzCdG3ootqquuk9RWuQlytwDFxq2zubScIiPS9jfV7Dn023oODu8Y2ooRN2v5iowMMWmSEqXRnXwHHK6_ZZGX4o-FPBKn6jieUe3&s=1", "media_description": "Human Trafficking On The East End - The Independent", "thumbnail_url": null}], "urls": null}