{"url": "https://www.facebook.com/1003344626383879/posts/1969754079742924/", "created_time": "2018-08-08T01:18:24+0000", "message": null, "cleaned_message": null, "emojis": null, "mentions": null, "names": null, "message_tags": null, "attachments": [{"media_type": "share", "media_url": "https://l.facebook.com/l.php?u=https%3A%2F%2Fbuff.ly%2F2vHdRkK&h=AT2qX11EiesYdsp0jiO9TP6MO3i4e0ZIq1lWW0ID5bYIFCFba5SHf3T4-GrXEPQaDfDcVxHqGb1Hev2cy-I9DOJ6A9UF3YrFR3ZA_V7mpIZKpuMlCO-hJaEDD_2n5Vxb&s=1", "media_description": "New unit aims to fight human trafficking on Long Island", "thumbnail_url": null}]}