{"url": "https://www.facebook.com/1003344626383879/posts/1967689996615999/", "created_time": "2018-08-06T20:10:05+0000", "message": "The most prevalent trafficker of children in South Carolina is a family member. Human Trafficking enslaves men, women, boys and girls. They do not have control of their lives. They are sold for sex or labor, to be exploited and abused.", "cleaned_message": ["preval", "traffick", "children", "south", "carolina", "famili", "member", "human", "traffick", "enslav", "men", "women", "boy", "girl", "control", "live", "sold", "sex", "labor", "exploit", "abus"], "emojis": null, "mentions": null, "names": null, "message_tags": null, "attachments": [{"media_type": "share", "media_url": "https://l.facebook.com/l.php?u=https%3A%2F%2Fbuff.ly%2F2M5gN4M&h=AT0IW8D8SUiEnSn86y9hdq1hCgAHrZZWwzx9hmYpJSuzk8VfBe848RY1l-qT4gqm00fHyzzm-e1gHSWQol3OMJ9uwPMnmq9MwvkQO1TF9U1Pqf2QPTM7hu-p6M5Bl93F&s=1", "media_description": "Patty Jackson Op-Ed: Rise up and stand shoulder to shoulder", "thumbnail_url": null}], "urls": null}