{"url": "https://www.facebook.com/1003344626383879/posts/1846285492089784/", "created_time": "2018-05-09T20:04:01+0000", "message": "A News Journal investigation found that despite legislation to address human trafficking, Delaware's Human Trafficking Coordinating Council is no longer meeting and the state lacks a comprehensive strategy to deal with the issue.", "cleaned_message": ["news", "journal", "investig", "found", "despit", "legisl", "address", "human", "traffick", "delawar", "human", "traffick", "coordin", "council", "longer", "meet", "state", "lack", "comprehens", "strategi", "deal", "issu"], "emojis": null, "mentions": null, "names": null, "message_tags": null, "attachments": [{"media_type": "share", "media_url": "https://l.facebook.com/l.php?u=https%3A%2F%2Fbuff.ly%2F2IqieZL&h=AT1UkgDuJB88g_HF80_IzlGirNJXA3_EbbIS6_dUvNqWgSrbLsvzTZADS7nIaoMw_DSG5K8Mhd9JBwy79P1tosbywixCv1JleEo4J0YxVGlGVJkEH6ueNc6WhAgjX6Ga&s=1", "media_description": "Human trafficking in Delaware: The News Journal investigates sex work slavery", "thumbnail_url": null}], "urls": null}