{"url": "https://www.facebook.com/1003344626383879/posts/1833092533409080/", "created_time": "2018-04-26T14:14:01+0000", "message": "\u201cIt wasn\u2019t being talked about. That bothered me,\u201d he said Saturday, while he took a break from walking to have dinner at Tipsy McSway\u2019s restaurant in downtown Brunswick. \u201cThe first thing I thought about was I remember back in the days when they had a \u2018war on drugs,\u2019 and you saw billboards and there were all types of campaigns going. And with this, it\u2019s such a battle to get it exposed.\u201d", "cleaned_message": ["talk", "bother", "said", "saturday", "took", "break", "walk", "dinner", "tipsi", "mcsway", "restaur", "downtown", "brunswick", "first", "thing", "thought", "rememb", "back", "day", "war", "drug", "saw", "billboard", "type", "campaign", "go", "battl", "get", "expos"], "emojis": null, "mentions": null, "names": null, "message_tags": null, "attachments": [{"media_type": "share", "media_url": "https://l.facebook.com/l.php?u=https%3A%2F%2Fbuff.ly%2F2K6zPnL&h=AT0Ym0GJmk3Qsy7Y5rir9_F-HIzngyMlulUJWxCuYOAgyI5IMzZIr5vmrwIMVoV_dEedGx6-9Ku9Mi1fo88FL7DDAswlUeDVJjlNnc-ulL-gj_Itjctd830_7tfBV-3a&s=1", "media_description": "Man walking from Florida to D.C. to raise awareness of human trafficking", "thumbnail_url": null}], "urls": null}