{"url": "https://www.facebook.com/1003344626383879/posts/1807031612681839/", "created_time": "2018-03-31T18:08:07+0000", "message": null, "cleaned_message": null, "emojis": null, "mentions": null, "names": null, "message_tags": null, "attachments": [{"media_type": "share", "media_url": "https://l.facebook.com/l.php?u=https%3A%2F%2Fwww.pbs.org%2Fvideo%2Ftrafficked-america-preview-aaiazl&h=AT0NoBCukb6SYPW0QoT3nPeLGtsjkvsYqDliQuRvne-PpaHvbkDgHro_iUukr8KnhqjEfkWZ4LvT8JCJftd6NUAY-oxAaOjWz6HRItyiJSg_E8iSYu3QH5B5H79ghHVo&s=1", "media_description": "\"Trafficked in America\" - Preview | FRONTLINE", "thumbnail_url": null}]}