{"url": "https://www.facebook.com/1003344626383879/posts/1806797586038575/", "created_time": "2018-03-31T14:14:05+0000", "message": "The internet has given criminals an avenue to commit these crimes, and certain websites are knowingly facilitating their activities as part of an organized network. Compounding the issue, smart phones make it easier for traffickers to complete transactions.", "cleaned_message": ["internet", "given", "crimin", "avenu", "commit", "crime", "certain", "websit", "knowingli", "facilit", "activ", "part", "organ", "network", "compound", "issu", "smart", "phone", "make", "easier", "traffick", "complet", "transact"], "emojis": null, "mentions": null, "names": null, "message_tags": null, "attachments": [{"media_type": "share", "media_url": "https://l.facebook.com/l.php?u=https%3A%2F%2Fbuff.ly%2F2J0EzdQ&h=AT04T7UjCmryuloeXOthVV9GrLXQzuatD93zkDl-HsuiHsg9esrFhyVfYCWuSb0uwsivm_BXBz1RBCI8R3qPuvHHLln4IHHL-kQnfSaK-C4sWcRQDcCyISgSCY5tq2P7&s=1", "media_description": "Fischer on the Stop Enabling Online Sex Trafficking Act", "thumbnail_url": null}], "urls": null}