{"url": "https://www.facebook.com/1003344626383879/posts/1787706904614310/", "created_time": "2018-03-13T14:14:01+0000", "message": "I blamed myself for what was happening. I would write to my family and say that everything was fine, that the city was beautiful. I never told my family about the situation, because I felt it was my fault.", "cleaned_message": ["blame", "happen", "would", "write", "famili", "say", "everyth", "fine", "citi", "beauti", "never", "told", "famili", "situat", "felt", "fault"], "emojis": null, "mentions": null, "names": null, "message_tags": null, "attachments": [{"media_type": "share", "media_url": "https://l.facebook.com/l.php?u=https%3A%2F%2Fbuff.ly%2F2p8GsfC&h=AT2ySkKM96girMChSQCkQmdEeXSHa3ydIjgLCTRZzl7ANlagAI6NlegeynH1H1h20jYHHhBBrknU3T3P34B7HUi0L3UPcoqGPm_mu_i80nhQac2dJGvMSYsvBtKVx4KT&s=1", "media_description": "I Am a Survivor of Human Trafficking: Natalicia's Story", "thumbnail_url": null}], "urls": null}