{"url": "https://www.facebook.com/1003344626383879/posts/1699979266720408/", "created_time": "2017-12-19T13:36:34+0000", "message": "\u201cToday\u2019s verdict should send a strong message that this Office, together with our law enforcement partners, will work tirelessly to identify those who would sexually exploit minors and prosecute those abusers to the fullest extent of the law.\u201d", "cleaned_message": ["today", "verdict", "send", "strong", "messag", "offic", "togeth", "law", "enforc", "partner", "work", "tirelessli", "identifi", "would", "sexual", "exploit", "minor", "prosecut", "abus", "fullest", "extent", "law"], "emojis": null, "mentions": null, "names": null, "message_tags": null, "attachments": [{"media_type": "share", "media_url": "https://l.facebook.com/l.php?u=https%3A%2F%2Fwww.ice.gov%2Fnews%2Freleases%2Fice-new-york-trafficking-investigation-results-criminal-conviction-victim-rescued&h=AT2szaK_uAhPd-I3b1jWSUKM6Lzazb4TK4N52Glp3rjf3b7wGxTvoF0JaJrvSA8QWNRZQ5ieXBTlDI5hZ-b-LcgKnXICDXItcObUjuk4Ex1Z1ePKpbE00F3OX1q3BEqG&s=1", "media_description": "ICE New York trafficking investigation results in criminal conviction, victim rescued", "thumbnail_url": null}], "urls": null}