{"url": "https://www.facebook.com/1003344626383879/posts/1696317250419943/", "created_time": "2017-12-15T21:04:04+0000", "message": "New Michigan shelter helps human trafficking survivors rebuild their lives\nif there's one thing that's true about most survivors of human trafficking, it's this: Escaping isn't as simple as walking away.", "cleaned_message": ["new", "michigan", "shelter", "help", "human", "traffick", "survivor", "rebuild", "live", "one", "thing", "true", "survivor", "human", "traffick", "escap", "simpl", "walk", "away"], "emojis": null, "mentions": null, "names": null, "message_tags": null, "attachments": [{"media_type": "share", "media_url": "http://l.facebook.com/l.php?u=http%3A%2F%2Fj.mp%2F2z4GFGM&h=AT2_vRR5lpNwNIxAaadw6Q-qe5HYSFFB4Ly2jfp3nQ364vBcWMEkFIOTK6gT3sSG4Q62qIdO7qtTxYJJnGTVBztUaevUcL4pD5L3TDXIKjmdKuPT1R_ZXmIgXlzUkSOq&s=1", "media_description": "New Michigan shelter helps human trafficking survivors rebuild their lives", "thumbnail_url": null}], "urls": null}