{"url": "https://www.facebook.com/1003344626383879/posts/1682296045155397/", "created_time": "2017-12-02T21:04:01+0000", "message": "Sex trafficking: The new American slavery. CNN reports\nUnder federal law, anyone under 18 years of age induced into commercial sex is a victim of sex trafficking -- regardless of whether the trafficker uses force, fraud, or coercion.", "cleaned_message": ["sex", "traffick", "new", "american", "slaveri", "cnn", "report", "feder", "law", "anyon", "year", "age", "induc", "commerci", "sex", "victim", "sex", "traffick", "--", "regardless", "whether", "traffick", "use", "forc", "fraud", "coercion"], "emojis": null, "mentions": null, "names": null, "message_tags": null, "attachments": [{"media_type": "share", "media_url": "http://l.facebook.com/l.php?u=http%3A%2F%2Fj.mp%2F2iA4uAF&h=AT02QrJyIZF-SATqIvlPG--a2XVMZYk8wZCYTOCU7lvmAKPwDv-i-n_vF-cTG5p0jfG7nikRmKIW7Xro0jCDLy2CLYN1IEKd63SkI-X4gnl8bYpQJWimOTT5PLJIq0Ta&s=1", "media_description": "Sex trafficking: The new American slavery. CNN reports", "thumbnail_url": null}], "urls": null}