{"url": "https://www.facebook.com/1003344626383879/posts/1676910805693921/", "created_time": "2017-11-28T12:14:00+0000", "message": "Your donations make an impact! Funding provides direct services for human trafficking survivors and educates law enforcement to detect and deter human trafficking. \nTEXT ERASE to 91999 to Donate Now\n#GivingTuesday #CreatingChange", "cleaned_message": ["donat", "make", "impact", "fund", "provid", "direct", "servic", "human", "traffick", "survivor", "educ", "law", "enforc", "detect", "deter", "human", "traffick", "text", "eras", "donat"], "emojis": null, "mentions": null, "names": null, "message_tags": ["GivingTuesday", "creatingchange"], "attachments": [{"media_type": "photo", "media_url": "https://www.facebook.com/helperase/photos/a.1029649477086727/1676908509027484/?type=3", "media_description": null, "thumbnail_url": null}], "urls": null}