{"url": "https://www.facebook.com/1003344626383879/posts/1593820994002903/", "created_time": "2017-09-02T13:14:02+0000", "message": "The city in November sued the managers of a motel in the Sylmar neighborhood and G6 Hospitality Property LLC, which operates the Motel 6 chain, seeking to quell \"Unrelenting crime and nuisance activity.\" Los Angeles police had made more than 60 arrests at the location since 2013 for prostitution, battery, firearms possession and drug-related charges, authorities said.", "cleaned_message": ["citi", "novemb", "su", "manag", "motel", "sylmar", "neighborhood", "g", "hospit", "properti", "llc", "oper", "motel", "chain", "seek", "quell", "unrel", "crime", "nuisanc", "activ", "lo", "angel", "polic", "made", "arrest", "locat", "sinc", "prostitut", "batteri", "firearm", "possess", "drug-rel", "charg", "author", "said"], "emojis": null, "mentions": null, "names": null, "message_tags": null, "attachments": [{"media_type": "share", "media_url": "http://l.facebook.com/l.php?u=http%3A%2F%2Fj.mp%2F2eM2cJL&h=AT2v7ac0ywmgk6BvtE6zglwNEyOBjF0prz2haaXj-iDwfBxa7OOlzok4EK3gqDPX1EFAiAdjYjVR8VhGQSLCmhZs-ACmsENYQw6VxIzcc64QaxYrTXZxyG4-9XWzzn7l&s=1", "media_description": "Motel 6 to pay $250,000 to settle human trafficking suit", "thumbnail_url": null}], "urls": null}