{"url": "https://www.facebook.com/1003344626383879/posts/1590453681006301/", "created_time": "2017-08-29T21:43:21+0000", "message": "Tonight Tuesday 8/29/17 8pm EST.Join us on #FacebookLive Child Empowerment Part 2\n#BacktoSchool", "cleaned_message": ["tonight", "tuesday", "pm", "est", "join", "us", "child", "empower", "part"], "emojis": null, "mentions": null, "names": null, "message_tags": ["FacebookLive", "BacktoSchool"], "attachments": [{"media_type": "photo", "media_url": "https://www.facebook.com/helperase/photos/a.1066175113434163/1590453667672969/?type=3", "media_description": null, "thumbnail_url": null}], "urls": null}