{"url": "https://www.facebook.com/helperase/photos/a.1029649477086727/1488164857901851/?type=3", "created_time": "2017-05-25T11:27:17+0000", "message": "Today is National Missing Children's Day. Simply sharing a missing child's poster can make a difference. \n#nationalmissingchildrensday \n\nhttp://buff.ly/2rCJ7kI", "cleaned_message": ["today", "nation", "miss", "children", "day", "simpli", "share", "miss", "child", "poster", "make", "differ"], "emojis": null, "mentions": null, "names": null, "message_tags": ["NationalMissingChildrensDay"], "attachments": [{"media_type": "photo", "media_url": "https://www.facebook.com/helperase/photos/a.1029649477086727/1488164857901851/?type=3", "media_description": "Timeline Photos", "thumbnail_url": null}], "urls": ["http://buff.ly/2rCJ7kI"]}