{"url": "https://www.facebook.com/1003344626383879/posts/1482941491757521/", "created_time": "2017-05-20T15:43:54+0000", "message": "Community leaders and members in Fayetteville come together to fight against #HumanTrafficking. \nhttp://bit.ly/2pWmK9P", "cleaned_message": ["commun", "leader", "member", "fayettevil", "come", "togeth", "fight"], "emojis": null, "mentions": null, "names": null, "message_tags": ["humantrafficking"], "attachments": [{"media_type": "share", "media_url": "https://l.facebook.com/l.php?u=https%3A%2F%2Fbit.ly%2F2pWmK9P&h=AT2PqzHukBZnxG2cLTI5n5N2Lj48Z2OxcdhtwIFseoayX65kl3UUgiubn2pUAGTmJqIJbxE10zXOVVMN6-xczlApE3ZNMx33yrUtASqU6N1FRLn4U9wYYVmZs2dfbBGC&s=1", "media_description": "Human trafficking solutions include community awareness, relocation", "thumbnail_url": null}], "urls": ["http://bit.ly/2pWmK9P"]}