{"url": "https://www.facebook.com/1003344626383879/posts/1471129376272066/", "created_time": "2017-05-10T11:14:00+0000", "message": "National Human Trafficking Hotline, Get Help, Report a Tip, Request Services. 1-888-373-7888 #HelpErase", "cleaned_message": ["nation", "human", "traffick", "hotlin", "get", "help", "report", "tip", "request", "servic", "-", "-", "-"], "emojis": null, "mentions": null, "names": null, "message_tags": ["helpERASE"], "attachments": [{"media_type": "share", "media_url": "http://l.facebook.com/l.php?u=http%3A%2F%2Fbuff.ly%2F2qnYDAP&h=AT1p9Wt4Z7_UgslmZKJ4-4VG20r3I_YBf7fb3YHFOqQE9V6T4H_GP1MiNSm-tsbXuDabIrD7a-QfK0QmcDZxIr9ex0-Z6DDvn3Lt3UZGSoj4CHTCHqwFwhAKPMyYt67H&s=1", "media_description": "National Human Trafficking Hotline", "thumbnail_url": null}], "urls": null}