{"url": "https://www.facebook.com/1003344626383879/posts/2892797350771921/", "created_time": "2020-01-26T21:10:09+0000", "message": "\u201cIt is horrendous, terrible and unimaginable \u2014 yet it goes on all the time,\u201d said Cavitt of sex and labor trafficking.\"  \"Camp Pendleton Navy Corpsman and founder of Mosques Against Trafficking (MAT), a networking awareness team of mosques and musallas, now nationwide, collaborating against human trafficking.\"", "cleaned_message": ["horrend", "terribl", "unimagin", "yet", "goe", "time", "said", "cavitt", "sex", "labor", "traffick", "camp", "pendleton", "navi", "corpsman", "founder", "mosqu", "traffick", "mat", "network", "awar", "team", "mosqu", "musalla", "nationwid", "collabor", "human", "traffick"], "emojis": null, "mentions": null, "names": ["musallas"], "message_tags": null, "attachments": [{"media_type": "share", "media_url": "https://l.facebook.com/l.php?u=https%3A%2F%2Fbuff.ly%2F2NRrfwz&h=AT2Gbt6kUPmAc5L5dDDbTAIQOLaY05_Qf4wmQwJWF9Cb2zjo0yTRPpXVm_CWOwJvrwro7v1BslmzrePfAzYQJB_oK1jurpDnvsD42-FmHHdx4JcbG4QWV-UPjUhsZhTH&s=1", "media_description": "Soroptimists honor fighters against human trafficking", "thumbnail_url": null}], "urls": null}