{"url": "https://www.facebook.com/helperase/photos/a.1029649477086727/2553197031398623/?type=3", "created_time": "2019-08-16T16:00:07+0000", "message": "\"The price they paid for me had nothing to do with my true value or worth but everything to do with their distorted self worth.\"\u2800\n-Survivor of child trafficking\u2800\n#priceless #selfworth  #EndDemand #notforsale #helpERASE \u2800\n#survivor #leader #thrivor #community", "cleaned_message": ["price", "paid", "noth", "true", "valu", "worth", "everyth", "distort", "self", "worth", "-survivor", "child", "traffick"], "emojis": null, "mentions": null, "names": null, "message_tags": ["Priceless", "SELFWORTH", "EndDemand", "NotForSale", "helpERASE", "survivor", "Leader", "thrivor", "community"], "attachments": [{"media_type": "photo", "media_url": "https://www.facebook.com/helperase/photos/a.1029649477086727/2553197031398623/?type=3", "media_description": "Timeline Photos", "thumbnail_url": null}], "urls": null}