{"url": "https://www.facebook.com/helperase/photos/a.1029649477086727/2574652445919748/?type=3", "created_time": "2019-08-28T14:04:01+0000", "message": "Forced labor in agriculture, factories, and construction can be easily missed just like sex trafficking if law enforcement are not educated on the crimes. \n\n\u201cThe new staff members will be a part of a team of people who will focus on securing justice for victims of forced labor.\u201d #helperase #labortrafficking\nhttps://buff.ly/2HuvoDc", "cleaned_message": ["forc", "labor", "agricultur", "factori", "construct", "easili", "miss", "like", "sex", "traffick", "law", "enforc", "educ", "crime", "new", "staff", "member", "part", "team", "peopl", "focu", "secur", "justic", "victim", "forc", "labor"], "emojis": null, "mentions": null, "names": null, "message_tags": ["helpERASE", "labortrafficking"], "attachments": [{"media_type": "photo", "media_url": "https://www.facebook.com/helperase/photos/a.1029649477086727/2574652445919748/?type=3", "media_description": "Timeline Photos", "thumbnail_url": null}], "urls": ["https://buff.ly/2HuvoDc"]}