{"url": "https://www.facebook.com/1003344626383879/posts/1920064458045220/", "created_time": "2018-07-08T14:04:01+0000", "message": "This article stresses the importance of why police need additional training in investigating HT and understanding the \"victim centered approach\". In ERASE's Human Trafficking Investigation Course officers are provided tools and techniques on how to build prosecutable cases while still reamining victim centered. \n\n\"The prosecutor said nearly all women involved in prostitution have been trafficked at some point in their lives, but with Liu\u2019s reluctance to speak with the state about her situation, the office could not open an investigation into who may be controlling her actions.\"", "cleaned_message": ["articl", "stress", "import", "polic", "need", "addit", "train", "investig", "ht", "understand", "victim", "center", "approach", "eras", "human", "traffick", "investig", "cours", "offic", "provid", "tool", "techniqu", "build", "prosecut", "case", "still", "reamin", "victim", "center", "prosecutor", "said", "nearli", "women", "involv", "prostitut", "traffick", "point", "live", "liu", "reluct", "speak", "state", "situat", "offic", "could", "open", "investig", "may", "control", "action"], "emojis": null, "mentions": null, "names": ["Liu"], "message_tags": null, "attachments": [{"media_type": "share", "media_url": "https://l.facebook.com/l.php?u=https%3A%2F%2Fbuff.ly%2F2zkUjaM&h=AT2NKI8AkA8l-trEjHK3luCatHMC8D-_yR2gR_DisqZiGORerqDYlxPXvPPOVUJQyZAHHmp3V6JoPH7KqxZ_cDuaTCcHa2jmV2088gLnapsvpa7swdBhsi3Ma8frSTe5&s=1", "media_description": "Prostitution arrest at South Portland motel opened window on sex trafficking", "thumbnail_url": null}], "urls": null}