{"url": "https://www.facebook.com/1003344626383879/posts/1902890306429302/", "created_time": "2018-06-27T20:04:03+0000", "message": "\"A lot of us kids, we've been through a lot and we want to go to a place where we feel safe,\"", "cleaned_message": ["lot", "us", "kid", "lot", "want", "go", "place", "feel", "safe"], "emojis": null, "mentions": null, "names": null, "message_tags": null, "attachments": [{"media_type": "share", "media_url": "https://l.facebook.com/l.php?u=https%3A%2F%2Fbuff.ly%2F2ItfWoQ&h=AT2-if_cN8OiMkaG_c9aYXWNMFn1uRdd_yOK4szjo5KLZq3QeskWIGah7g9haUgpAz0yu2R9FhEqjoSvJ0n4Ii2KrZIYQHHaW_42LSTJpNzWLnoi0H8awneKhxbEayJK&s=1", "media_description": "Junior League of Santa Barbara helps empower human sex trafficking victims", "thumbnail_url": null}], "urls": null}