{"url": "https://www.facebook.com/1003344626383879/posts/1875607352490931/", "created_time": "2018-06-08T14:14:16+0000", "message": "Forced Labor is also a form of human trafficking. Anyone one with a vulnerability is at greater risk of being trafficked. In South Carolina a victim with intellectual disabilities was subjected to  \"violence, threats, isolation and intimidation to work for over 100 hours a week without pay.\"\nhttps://buff.ly/2LqyWG7", "cleaned_message": ["forc", "labor", "also", "form", "human", "traffick", "anyon", "one", "vulner", "greater", "risk", "traffick", "south", "carolina", "victim", "intellectu", "disabl", "subject", "violenc", "threat", "isol", "intimid", "work", "hour", "week", "without", "pay"], "emojis": null, "mentions": null, "names": null, "message_tags": [], "attachments": [{"media_type": "photo", "media_url": "https://www.facebook.com/helperase/photos/a.1029649477086727/1875607282490938/?type=3", "media_description": null, "thumbnail_url": null}], "urls": ["https://buff.ly/2LqyWG7"]}