{"url": "https://www.facebook.com/1003344626383879/posts/1868040569914276/", "created_time": "2018-06-01T04:05:02+0000", "message": null, "cleaned_message": null, "emojis": null, "mentions": null, "names": null, "message_tags": null, "attachments": [{"media_type": "share", "media_url": "https://l.facebook.com/l.php?u=https%3A%2F%2Fwww.usnews.com%2Fnews%2Fhealthiest-communities%2Farticles%2F2018-05-30%2Fhealth-care-providers-fight-human-trafficking-on-the-front-lines%3Fsrc%3Dusn_fb&h=AT1ezYO304firzoTukds2daqFSlMD1qKSQSDvV23epjlH09lG0StMjYc9S38BCQVcKqVdhznMGEejRWrEnMJp_3s9zh4XPR9of5WZwUGsoKSSvZ5R1v1vtM0Kno-Pkz_&s=1", "media_description": "Doctors Need to Get Better at Diagnosing Human Trafficking. Here's Why.", "thumbnail_url": null}]}