{"url": "https://www.facebook.com/1003344626383879/posts/1783071488411185/", "created_time": "2018-03-09T15:14:06+0000", "message": "These bills will create civil causes of action on behalf of victims of sexual trafficking against hotels and motels, holding those that turn a blind eye accountable when traffickers use their rooms as havens for sexual trafficking.", "cleaned_message": ["bill", "creat", "civil", "caus", "action", "behalf", "victim", "sexual", "traffick", "hotel", "motel", "hold", "turn", "blind", "eye", "account", "traffick", "use", "room", "sexual", "traffick"], "emojis": null, "mentions": null, "names": null, "message_tags": null, "attachments": [{"media_type": "share", "media_url": "https://l.facebook.com/l.php?u=https%3A%2F%2Fbuff.ly%2F2G8hIMx&h=AT1vyWmBozZgtwPKgcnUaZT-7lvD9fGETUI9vSR0kbtDhNGiSTTQScoO8aalNub09J4minGnbuqlqm5DMETDpd0SOT3-B4oxOyHXrYgY32eFVmhwecxVS_vh7rUKEktT&s=1", "media_description": "Anti-human trafficking legislation deserves to be heard | Letters", "thumbnail_url": null}], "urls": null}