{"url": "https://www.facebook.com/1003344626383879/posts/1774428609275473/", "created_time": "2018-03-01T21:04:02+0000", "message": "Predators are coming into the community because people think it is safe, it doesn\u2019t happen here, it only happens in the big hubs, like Chicago, Kansas City and Houston", "cleaned_message": ["predat", "come", "commun", "peopl", "think", "safe", "happen", "happen", "big", "hub", "like", "chicago", "kansa", "citi", "houston"], "emojis": null, "mentions": null, "names": null, "message_tags": null, "attachments": [{"media_type": "share", "media_url": "http://l.facebook.com/l.php?u=http%3A%2F%2Fj.mp%2F2EZlaHQ&h=AT2LEH2bedAXSZ3KRqWCu0xFcLmQTOAzyzWY6hXhvsaFVdX2Yqe8gJvpZOIWWizuZFnqKmAe6vhTVlr4k9EASVHjFEJD6zsrK_8FlsbtwhKdZz0uWwyYE6pRIGvk0gNp&s=1", "media_description": "The Two Percent: Victims, activists localize human trafficking issue", "thumbnail_url": null}], "urls": null}