{"url": "https://www.facebook.com/1003344626383879/posts/1666526830065652/", "created_time": "2017-11-18T15:14:04+0000", "message": "How Taking a Picture of Your Hotel Room Can Save a Child from Sex Trafficking.\nThe Internet is making it easier for criminals to capture victims, but thanks to new technologies, it\u2019s also making it easier for us to stop them.", "cleaned_message": ["take", "pictur", "hotel", "room", "save", "child", "sex", "traffick", "internet", "make", "easier", "crimin", "captur", "victim", "thank", "new", "technolog", "also", "make", "easier", "us", "stop"], "emojis": null, "mentions": null, "names": null, "message_tags": null, "attachments": [{"media_type": "share", "media_url": "http://l.facebook.com/l.php?u=http%3A%2F%2Fj.mp%2F2zF2fjD&h=AT3_vXgPZ2gujjw9cnS-2dDyFBIc2TlzvmkXLLgAyCprjz15LHwRMjZvd_Uc3ailKxYtq2xB09NGXjPm7LKcbbRV-Sucbcaui_atl3HAvrzWyctJ5fr68f4hAyja5koP&s=1", "media_description": "How Taking a Picture of Your Hotel Room Can Save a Child from Sex Trafficking", "thumbnail_url": null}], "urls": null}