{"url": "https://www.facebook.com/1003344626383879/posts/1730785306973137/", "created_time": "2018-01-18T20:30:05+0000", "message": "Do you know who your children are talking to online?", "cleaned_message": ["know", "children", "talk", "onlin"], "emojis": null, "mentions": null, "names": null, "message_tags": null, "attachments": [{"media_type": "photo", "media_url": "https://www.facebook.com/906657332819220/photos/a.1010408542444098/1007769782707974/?type=3", "media_description": null, "thumbnail_url": null}], "urls": null}