{"url": "https://www.facebook.com/1003344626383879/posts/1711136795604655/", "created_time": "2017-12-30T19:16:52+0000", "message": "*****Update*****\nFound Safe\n\nStill #Missing #QueensNY", "cleaned_message": ["updat", "found", "safe", "still"], "emojis": null, "mentions": null, "names": null, "message_tags": ["missing", "queensny"], "attachments": [{"media_type": "share", "media_url": "https://l.facebook.com/l.php?u=https%3A%2F%2Fjacksonheightspost.com%2Fjackson-heights-teenage-girl-goes-missing-father-turns-facebook-find&h=AT3ct8abs_qBl0SascOnRwriA6hv5vbkKgvi5fFSmR_oHFD4XUjtneMcl6Hg0LU7f7bsn-jyRb9eZuUDBJSP-npHLt81I-8Mtq-T_Yi6FjllHSKslfvDNgj6fCjE-sUa&s=1", "media_description": "Jackson Heights Teenage Girl Goes Missing, Father Turns to Facebook to Find Her | Jackson Heights Post", "thumbnail_url": null}], "urls": null}