{"url": "https://www.facebook.com/1003344626383879/posts/2585751988143127/", "created_time": "2019-09-03T16:47:00+0000", "message": "Great job by the Genesee County Sheriff's Office's GHOST team!", "cleaned_message": ["great", "job", "genese", "counti", "sheriff", "offic", "ghost", "team"], "emojis": null, "mentions": null, "names": null, "message_tags": null, "attachments": [{"media_type": "share", "media_url": "https://l.facebook.com/l.php?u=https%3A%2F%2Fbuff.ly%2F2zNAruA&h=AT28QcwxS4VO2Bv41TzgddMrke_gg9BLVZz6S8qHw4aOycVSVFycWvAjro2CQVoPuqwOI8_1iy5ZBXkrT7LsUE385rYiglsESidD0Hht6ubScLqmlGvz9xjesmXewiVj&s=1", "media_description": "Two arrested for coaxing woman into sex trafficking with heroin, crack", "thumbnail_url": null}], "urls": null}