{"url": "https://www.facebook.com/helperase/videos/1656224617762540/", "created_time": "2017-11-08T01:02:49+0000", "message": "Celebrating the power to Speak Out! Part 3 of 4.  #Knowledge #Understanding #HelpErase", "cleaned_message": ["celebr", "power", "speak", "part"], "emojis": null, "mentions": null, "names": null, "message_tags": ["knowledge", "understanding", "helpERASE"], "attachments": [{"media_type": "video_inline", "media_url": "https://www.facebook.com/helperase/videos/1656224617762540/", "media_description": "Celebrating the power to Speak Out! Part 3 of 4.", "thumbnail_url": null}], "urls": null}