{"url": "https://www.facebook.com/1003344626383879/posts/1641675552550780/", "created_time": "2017-10-24T14:14:05+0000", "message": "One of the main tasks of a victim specialist, Darr said, is trying to understand the logic of the bond victims often have with their captors. Similar to Stockholm Syndrome, where kidnappers develop an affinity for their captors", "cleaned_message": ["one", "main", "task", "victim", "specialist", "darr", "said", "tri", "understand", "logic", "bond", "victim", "often", "captor", "similar", "stockholm", "syndrom", "kidnapp", "develop", "affin", "captor"], "emojis": null, "mentions": null, "names": ["Darr"], "message_tags": null, "attachments": [{"media_type": "share", "media_url": "http://l.facebook.com/l.php?u=http%3A%2F%2Fj.mp%2F2xXewxv&h=AT3VwA7eBNQT9it--O6JfnfqvMSTerjZWcwdSpuX3Geh_KshrnxL0piTWxsApjjCnWGSeUAGQmHEfxZ_2ew2jXKc5-NJzqeY-ylV4ZNh4uR7qPbCvmRS-CPqVx5ZGdJd&s=1", "media_description": "FBI victim specialists fill a unique roll, helping victims figure out what\u2019s next", "thumbnail_url": null}], "urls": null}