{"url": "https://www.facebook.com/1003344626383879/posts/1617524481632554/", "created_time": "2017-09-29T18:59:00+0000", "message": "Stopping Traffic: The Documentary is released today in several major cities across the US. Check their website to find a location near you. \nhttp://stoppingtrafficfilm.com", "cleaned_message": ["stop", "traffic", "documentari", "releas", "today", "sever", "major", "citi", "across", "us", "check", "websit", "find", "locat", "near"], "emojis": null, "mentions": null, "names": null, "message_tags": ["Stopping Traffic"], "attachments": [{"media_type": "video_direct_response", "media_url": "https://www.facebook.com/StoppingTrafficFilm/videos/828415220650090/", "media_description": "STOPPING TRAFFIC (Trailer) - Available ON DEMAND 1/9/18", "thumbnail_url": null}], "urls": ["http://stoppingtrafficfilm.com"]}