{"url": "https://www.facebook.com/1003344626383879/posts/1594230517295284/", "created_time": "2017-09-02T23:04:00+0000", "message": "The letter asks representatives to amend the Communications Decency Act to clarify that states, localities and territories retain authority to investigate and prosecute facilitators of child sex trafficking wherever they operate, including online, Laxalt's Office said in a statement.", "cleaned_message": ["letter", "ask", "repres", "amend", "commun", "decenc", "act", "clarifi", "state", "local", "territori", "retain", "author", "investig", "prosecut", "facilit", "child", "sex", "traffick", "wherev", "oper", "includ", "onlin", "laxalt", "offic", "said", "statement"], "emojis": null, "mentions": null, "names": null, "message_tags": null, "attachments": [{"media_type": "share", "media_url": "http://l.facebook.com/l.php?u=http%3A%2F%2Fj.mp%2F2vQLOxk&h=AT2HMs045QsQxCjLgBGPstNZoYcbBt6k0VoQD1lEgT_tjNB8hExO-Eo9lxgcOegkml8zWJrb5cxrRJj-N_CSmLwPHRU4FjYZchcjSAvFYjd5xrVG5xDdT1zz85ZNTHId&s=1", "media_description": "Nevada attorney general, 49 states seek sex trafficking law", "thumbnail_url": null}], "urls": null}