{"url": "https://www.facebook.com/1003344626383879/posts/1591512464233756/", "created_time": "2017-08-30T23:04:00+0000", "message": "\u201cHuman trafficking is a major issue that happens here,\u201d Talbot said. \u201cIt happens in cities; it happens in suburbs; it happens in rural area and it affects our youth.\u201d", "cleaned_message": ["human", "traffick", "major", "issu", "happen", "talbot", "said", "happen", "citi", "happen", "suburb", "happen", "rural", "area", "affect", "youth"], "emojis": null, "mentions": null, "names": ["Talbot"], "message_tags": null, "attachments": [{"media_type": "share", "media_url": "http://l.facebook.com/l.php?u=http%3A%2F%2Fj.mp%2F2vBXh4C&h=AT3ai4h9CP6CtKmTR2z1hMBKOiGRysBIzgs98b9zYSrpMN6chaRHRGsZFS4-iSJdayr4gT3R2xUP0LvB3NwmVhyBl8tT-1bOzZvN118fUk9JOFnu2-GaDrwO9M3vvmlH&s=1", "media_description": "Schools get human trafficking training", "thumbnail_url": null}], "urls": null}