{"url": "https://www.facebook.com/1003344626383879/posts/1555569751161361/", "created_time": "2017-07-23T23:04:08+0000", "message": "\"According to a 2015 Pew Research Center study, 73 percent of teens have access to a smart phone. Many of those phones have apps like Facebook, Instagram and Snapchat.\"", "cleaned_message": ["accord", "pew", "research", "center", "studi", "percent", "teen", "access", "smart", "phone", "mani", "phone", "app", "like", "facebook", "instagram", "snapchat"], "emojis": null, "mentions": null, "names": null, "message_tags": null, "attachments": [{"media_type": "share", "media_url": "http://l.facebook.com/l.php?u=http%3A%2F%2Fbuff.ly%2F2ualsIR&h=AT04VWVsy6OEuhnYCJosivz93kP2Omv4AhlBY4b5hXsGgSRWFUH2u4hD-aHvL5WpSvWvr266sgvp8w3JnUyFMQDAhe0EMZghM7AT7acA-8UsYFgqUw3zftyMl9srl4V4&s=1", "media_description": "Social Media Safety Requires Responsibility", "thumbnail_url": null}], "urls": null}