{"url": "https://www.facebook.com/1003344626383879/posts/1552071928177810/", "created_time": "2017-07-21T00:04:23+0000", "message": "26 Child Predators arrested in Washington State.\n \u201cChildren are becoming increasingly vulnerable to sexual predators due to the growth of the internet.\u201d\nhttp://bit.ly/2uEEatt", "cleaned_message": ["child", "predat", "arrest", "washington", "state", "children", "becom", "increasingli", "vulner", "sexual", "predat", "due", "growth", "internet"], "emojis": null, "mentions": null, "names": null, "message_tags": [], "attachments": [{"media_type": "share", "media_url": "https://l.facebook.com/l.php?u=https%3A%2F%2Fbit.ly%2F2uEEatt&h=AT0BAjj3HzTcHDi6zxGYS120kTiungfxFxU6sEUdl1mvKv4RMwTt7X5NJbpbQy7eR5zZArPcLHeotbbMY31DCPkspf5ZJXYsWMjAhP3q0BIvp9lu5SESFkCResGiL3p2&s=1", "media_description": "26 arrested in southeastern Washington child predator sting", "thumbnail_url": null}], "urls": ["http://bit.ly/2uEEatt"]}