{"url": "https://www.facebook.com/1003344626383879/posts/1535915636460106/", "created_time": "2017-07-06T22:07:14+0000", "message": null, "cleaned_message": null, "emojis": null, "mentions": null, "names": null, "message_tags": null, "attachments": [{"media_type": "share", "media_url": "http://l.facebook.com/l.php?u=http%3A%2F%2Fbuff.ly%2F2tIPUuO&h=AT3JLsNl7432Lnqi1jJblYz4rIXNLIiNnBBgnsmZEMT1HE9QFs5zh3vvDnMQUlnuLJiF3_F3LgIbBNNjA7-yFjfhR4GPums6RLJ-1u2D9LCARLnpfpT1Fc1LgmVDbgMr&s=1", "media_description": "Nebraska man walks to bring awareness to human trafficking", "thumbnail_url": null}]}