{"url": "https://www.facebook.com/1003344626383879/posts/1533394070045596/", "created_time": "2017-07-04T15:00:51+0000", "message": "Through your donations, we can offer Law Enforcement Advanced Human Trafficking Training. Taking traffickers off the street and #GivingFreedom back to Human Trafficking Victims.", "cleaned_message": ["donat", "offer", "law", "enforc", "advanc", "human", "traffick", "train", "take", "traffick", "street", "back", "human", "traffick", "victim"], "emojis": null, "mentions": null, "names": null, "message_tags": ["givingfreedom"], "attachments": [{"media_type": "photo", "media_url": "https://www.facebook.com/helperase/photos/a.1029649477086727/1533392743379062/?type=3", "media_description": null, "thumbnail_url": null}], "urls": null}