{"url": "https://www.facebook.com/helperase/videos/1406444019407269/", "created_time": "2017-03-15T20:56:40+0000", "message": "Here are some highlights of our panel. We cannot begin to express how grateful we are to Ryan Anderson Bell, the founder of SummitLive for inviting us to this incredible event!  The crowd that continued to pour in was such an encouragement in this battle.  Thank you so much to all who attended, participated and shared what they've learned.  This is one of those fights where knowledge truly is power!", "cleaned_message": ["highlight", "panel", "begin", "express", "grate", "ryan", "anderson", "bell", "founder", "summitl", "invit", "us", "incred", "event", "crowd", "continu", "pour", "encourag", "battl", "thank", "much", "attend", "particip", "share", "learn", "one", "fight", "knowledg", "truli", "power"], "emojis": null, "mentions": null, "names": null, "message_tags": ["SummitLive"], "attachments": [{"media_type": "video", "media_url": "https://www.facebook.com/helperase/videos/1406444019407269/", "media_description": "ERASE Child Trafficking Panel at Summit.Live", "thumbnail_url": null}], "urls": null}