{"url": "https://www.facebook.com/1003344626383879/posts/1516575655060771/", "created_time": "2017-06-21T01:05:35+0000", "message": null, "cleaned_message": null, "emojis": null, "mentions": null, "names": null, "message_tags": null, "attachments": [{"media_type": "share", "media_url": "http://l.facebook.com/l.php?u=http%3A%2F%2Fwww.miamiherald.com%2Fnews%2Fstate%2Fflorida%2Farticle156946339.html&h=AT3R8LvLvf6RYoio_LPEpFBRU17ReHFUVSOkPazskVlz6a53g6YelQEet2CL6LjRDSGznlUacmZ1cjcpgM1jJJOQQBVuJ0DtIZjJYt5oDX1nSy6yQvMKMSlz8evFDxKx&s=1", "media_description": "A teen who wanted to run away was raped and kept as sex slave, cops say", "thumbnail_url": null}]}