{"url": "https://www.facebook.com/1003344626383879/posts/1509016135816723/", "created_time": "2017-06-14T11:14:02+0000", "message": "\"As parents, there are plenty of ways we can encourage them to make better decisions online, not to mention, IRL (in real life).\"", "cleaned_message": ["parent", "plenti", "way", "encourag", "make", "better", "decis", "onlin", "mention", "irl", "real", "life"], "emojis": null, "mentions": null, "names": null, "message_tags": null, "attachments": [{"media_type": "share", "media_url": "http://l.facebook.com/l.php?u=http%3A%2F%2Fbuff.ly%2F2rsD2mI&h=AT3U-nNInNBAOVrJolkdiwR6HEMTsl871m-EC4we33TovU0BvyKQqsXovx6W9HCECnlHjk40zIqM_SIu0L5NxCGWc6foT7_HEKgseX237n1tpERcaV-O7C5Z2g3Ojr72&s=1", "media_description": "9 ways to help teens manage their social media footprint", "thumbnail_url": null}], "urls": null}