{"url": "https://www.facebook.com/helperase/photos/a.1066175113434163/1388198867898451/?type=3", "created_time": "2017-02-25T16:28:31+0000", "message": "Summit Live Panel on Child Trafficking. Q&A", "cleaned_message": ["summit", "live", "panel", "child", "traffick", "q"], "emojis": null, "mentions": null, "names": null, "message_tags": null, "attachments": [{"media_type": "photo", "media_url": "https://www.facebook.com/helperase/photos/a.1066175113434163/1388198867898451/?type=3", "media_description": "Mobile Uploads", "thumbnail_url": null}], "urls": null}