{"url": "https://www.facebook.com/helperase/photos/a.1381766311875040/1336597456391926/?type=3", "created_time": "2017-01-04T13:26:00+0000", "message": "Day #3 - 50% of Trafficking Victims are under the age of 16. \n30 facts for National Slavery and Human Trafficking Prevention Month. \n#NoSuchThingAsAChildProstitute\n#Educateyourself #HelpERASE\n#Thiscouldbeyourdaughter", "cleaned_message": ["day", "-", "traffick", "victim", "age", "fact", "nation", "slaveri", "human", "traffick", "prevent", "month"], "emojis": null, "mentions": null, "names": null, "message_tags": ["nosuchthingasachildprostitute", "educateyourself", "helpERASE", "ThisCouldBeYourDaughter"], "attachments": [{"media_type": "photo", "media_url": "https://www.facebook.com/helperase/photos/a.1381766311875040/1336597456391926/?type=3", "media_description": "30 Facts about Human Trafficking", "thumbnail_url": null}], "urls": null}