{"url": "https://www.facebook.com/helperase/videos/614202972410570/", "created_time": "2019-06-05T23:04:25+0000", "message": "The revolving roof syndrome & it\u2019s cure.\n#TheLife #HelpERASE", "cleaned_message": ["revolv", "roof", "syndrom", "cure"], "emojis": null, "mentions": null, "names": null, "message_tags": ["thelife", "helpERASE"], "attachments": [{"media_type": "video_inline", "media_url": "https://www.facebook.com/helperase/videos/614202972410570/", "media_description": null, "thumbnail_url": null}], "urls": null}