{"url": "https://www.facebook.com/1003344626383879/posts/1997185636999768/", "created_time": "2018-08-23T20:10:03+0000", "message": "\u201cThe chilling reality is that Maryland\u2019s central location, and access to major highways and airports, make our state a hotbed for human trafficking, including both sex trafficking and labor trafficking.\"", "cleaned_message": ["chill", "realiti", "maryland", "central", "locat", "access", "major", "highway", "airport", "make", "state", "hotb", "human", "traffick", "includ", "sex", "traffick", "labor", "traffick"], "emojis": null, "mentions": null, "names": null, "message_tags": null, "attachments": [{"media_type": "share", "media_url": "https://l.facebook.com/l.php?u=https%3A%2F%2Fbuff.ly%2F2Lk9ySb&h=AT1B3CDpN_c95-r6UHBQf2ObRsWBLxQKb2W-RnSFw3Ewli0X8v_DJBiti8c9pSzV3BuerXEO3oCthUsr7gEcxcfZqi_XmGVR9lUd4wsA0aodPp6eZYdNljdxAp0qptqM&s=1", "media_description": "New Support in Fight Against Human Trafficking", "thumbnail_url": null}], "urls": null}