{"url": "https://www.facebook.com/1003344626383879/posts/1931150523603280/", "created_time": "2018-07-15T16:55:24+0000", "message": "With families trafficking children, community efforts are needed to protect our children. \n\nThere are many great organizations, coalitions, and task forces that are working together. If you want to get involeved in your area let us know and we will help you find events. If we can't find something we can work together and plan something. \ninfo@erasechildtrafficking.org", "cleaned_message": ["famili", "traffick", "children", "commun", "effort", "need", "protect", "children", "mani", "great", "organ", "coalit", "task", "forc", "work", "togeth", "want", "get", "involev", "area", "let", "us", "know", "help", "find", "event", "find", "someth", "work", "togeth", "plan", "someth", "info", "org"], "emojis": null, "mentions": ["erasechildtrafficking"], "names": null, "message_tags": null, "attachments": [{"media_type": "share", "media_url": "https://l.facebook.com/l.php?u=https%3A%2F%2Fbuff.ly%2F2m7nxAB&h=AT2S7Hvpu4n8_h1_3PciONDUAynIh3tYAgrEPoSqNTy-njHi_l-jM1xPaEday_VefY_Z7hSm7E8hb09uOBWkpSgCZYJHuuzThPjtF3nG7FdrlotfVd-nmmNTPNmpYnwn&s=1", "media_description": "Charlotte couple pleads guilty in child sex trafficking case", "thumbnail_url": null}], "urls": null}