{"url": "https://www.facebook.com/1003344626383879/posts/1850896918295308/", "created_time": "2018-05-14T14:14:02+0000", "message": "\"What I always thought was like this was not going to last forever,\" said a sex trafficking survivor who did not want to be identified. \"I always felt like there was going to be a way out.\"", "cleaned_message": ["alway", "thought", "like", "go", "last", "forev", "said", "sex", "traffick", "survivor", "want", "identifi", "alway", "felt", "like", "go", "way"], "emojis": null, "mentions": null, "names": null, "message_tags": null, "attachments": [{"media_type": "share", "media_url": "https://l.facebook.com/l.php?u=https%3A%2F%2Fbuff.ly%2F2rBo0NH&h=AT1G3FYpTorrEKMxSU5tFqKZ3lE499NTsfIsQgIx6qOtbwIl2QvGdQ-i4kJjXMpkLbGEcuXPtFqzQTwVxjSiNCMSq_1wIymg69ZlXDq8Er3_p9495f29AefqZPpL2geJ&s=1", "media_description": "Advocates, AG fight to end sex trafficking", "thumbnail_url": null}], "urls": null}