{"url": "https://www.facebook.com/1003344626383879/posts/1775472952504372/", "created_time": "2018-03-02T21:04:01+0000", "message": "New research shows that underage victims are increasingly likely to first meet their trafficker online, and the majority of underage victims have been advertised or sold online. How is it that America\u2019s children can be sold online like a t-shirt or take-out?", "cleaned_message": ["new", "research", "show", "underag", "victim", "increasingli", "like", "first", "meet", "traffick", "onlin", "major", "underag", "victim", "advertis", "sold", "onlin", "america", "children", "sold", "onlin", "like", "t-shirt", "take-out"], "emojis": null, "mentions": null, "names": null, "message_tags": null, "attachments": [{"media_type": "share", "media_url": "http://l.facebook.com/l.php?u=http%3A%2F%2Fj.mp%2F2GQIfwZ&h=AT32K4ykAHR0d4-H_U5wqNq9skNTOGo9p02N4m3OCTx6o6RJNAxNHEfiD5CWnKelZlDG-UjC1M33RW1RgoHqNvpW01XQASm0EBjWIn_gy4wMORQSrx_Udv9QYKOnWyrL&s=1", "media_description": "Congresswoman Ann Wagner - Congress Never Intended to Enable Sex Trafficking Crime Online-This Bill Will Change That", "thumbnail_url": null}], "urls": null}