{"url": "https://www.facebook.com/helperase/videos/1751521804899487/", "created_time": "2018-02-08T01:03:49+0000", "message": "FORCE, Fraud & Coercion #Back2TheBasics #HELPErase", "cleaned_message": ["forc", "fraud", "coercion"], "emojis": null, "mentions": null, "names": null, "message_tags": ["Back2TheBasics", "helpERASE"], "attachments": [{"media_type": "video_inline", "media_url": "https://www.facebook.com/helperase/videos/1751521804899487/", "media_description": null, "thumbnail_url": null}], "urls": null}