{"url": "https://www.facebook.com/1003344626383879/posts/1745184875533180/", "created_time": "2018-02-01T21:04:05+0000", "message": "The legislative bill looks to up charges for those who obstruct or interfere with enforcing the second-degree human trafficking law from a Class A misdemeanor to a Class B felony, which could result in a 20-year prison term.", "cleaned_message": ["legisl", "bill", "look", "charg", "obstruct", "interfer", "enforc", "second-degre", "human", "traffick", "law", "class", "misdemeanor", "class", "b", "feloni", "could", "result", "-year", "prison", "term"], "emojis": null, "mentions": null, "names": null, "message_tags": null, "attachments": [{"media_type": "share", "media_url": "http://l.facebook.com/l.php?u=http%3A%2F%2Fj.mp%2F2EmRW6a&h=AT2nmr_6iRoHUOVb13a9LSHwgyUnnqe1ub3XUiQ92XtDuwj_X9camMzUsfkVff2BckCeVwhlQ9qcKrhNnE6318U2FZRxjT4AImpIBBDYKChdoAbxUQ2lvxyHspnUBrAr&s=1", "media_description": "Locally sponsored bill would eliminate human trafficking \u2018loophole\u2019 | Shelby County Reporter", "thumbnail_url": null}], "urls": null}