{"url": "https://www.facebook.com/1003344626383879/posts/1737057893012545/", "created_time": "2018-01-24T21:04:03+0000", "message": "\"Human trafficking is a form of modern slavery where people are exploited through forced labor, sex trafficking, and domestic servitude for another person's gain through a means of forced fraud or coercion,\" says Casey Alvarez, executive director of Go 61-an organization committed to serving victims of human trafficking. Alvarez says that if House Bill 1246 passes, the posters would be seen in places like airports, bus stations, truck stops, strip clubs, hotels, and motels.", "cleaned_message": ["human", "traffick", "form", "modern", "slaveri", "peopl", "exploit", "forc", "labor", "sex", "traffick", "domest", "servitud", "anoth", "person", "gain", "mean", "forc", "fraud", "coercion", "say", "casey", "alvarez", "execut", "director", "go", "-an", "organ", "commit", "serv", "victim", "human", "traffick", "alvarez", "say", "hous", "bill", "pass", "poster", "would", "seen", "place", "like", "airport", "bu", "station", "truck", "stop", "strip", "club", "hotel", "motel"], "emojis": null, "mentions": null, "names": ["Casey Alvarez", "Alvarez", "Bill      "], "message_tags": null, "attachments": [{"media_type": "share", "media_url": "http://l.facebook.com/l.php?u=http%3A%2F%2Fj.mp%2F2n3pUog&h=AT20c0EVNi0ceZMr8SYN1poLVGDIjYtYxK66MUC0bB17kPFT1wIUWumVZUSvzFH3rwJ-hCgHGmCrubIr-_6hBmov7WwHv9Z9xapMFepnBX3K0gRjX_NO0-JZuy4cANb8&s=1", "media_description": "Posters Could Help Victims of Human Trafficking", "thumbnail_url": null}], "urls": null}