{"url": "https://www.facebook.com/1003344626383879/posts/1606858396032496/", "created_time": "2017-09-17T20:04:08+0000", "message": "Twenty percent of all human trafficking comes through Texas at some point, and the state has the second-highest rate of calls to national human trafficking hotlines in the country, according to the National Human Trafficking Resource Center.", "cleaned_message": ["twenti", "percent", "human", "traffick", "come", "texa", "point", "state", "second-highest", "rate", "call", "nation", "human", "traffick", "hotlin", "countri", "accord", "nation", "human", "traffick", "resourc", "center"], "emojis": null, "mentions": null, "names": null, "message_tags": null, "attachments": [{"media_type": "share", "media_url": "http://l.facebook.com/l.php?u=http%3A%2F%2Fj.mp%2F2x4D5vV&h=AT3P7_crK126cRleNaMO71cPf-mz5h3l0kXtLcCmjKN36UvyJYZDL6Z_wtO_dgtC3CBGlqIIX4_ZLLVTbIF-xKVYTrkSu9WCeaZw2LxL6p0WRMDkUSZm37vD3jv3y5gr&s=1", "media_description": "Dallas' New Police Chief Speaks About Human Trafficking", "thumbnail_url": null}], "urls": null}