{"url": "https://www.facebook.com/1003344626383879/posts/1594982177220118/", "created_time": "2017-09-03T18:50:19+0000", "message": "\"Here\u2019s the situation: I need to know what you\u2019re doing, and you need your freedom.\"", "cleaned_message": ["situat", "need", "know", "need", "freedom"], "emojis": null, "mentions": null, "names": null, "message_tags": null, "attachments": [{"media_type": "share", "media_url": "http://l.facebook.com/l.php?u=http%3A%2F%2Fj.mp%2F2eSXFoQ&h=AT3S2zgehEQfKipMQ87B1h6r9IZFNGCrqRxj-4hfYIcSeBFG1Uy2jTMr5hB9c_deQrm0Hy0x0BcXxKjJj3BYUkDQacn71pFBUTMsF4jjUAZQ0z0M_49ODT29X3nqzRIU&s=1", "media_description": "Want to Spy on Your Children? Call It Monitoring\u2026and Get Their Blessing", "thumbnail_url": null}], "urls": null}