{"url": "https://www.facebook.com/helperase/videos/1541636169221386/", "created_time": "2017-07-12T00:04:35+0000", "message": "FundRaiseAwareness - Top 10 \n#GiveFreedom #HelpERASE\nText \"Free\" to 91999 to Donate.", "cleaned_message": ["fundraiseawar", "-", "top", "text", "free", "donat"], "emojis": null, "mentions": null, "names": null, "message_tags": ["GiveFreedom", "helpERASE"], "attachments": [{"media_type": "video_inline", "media_url": "https://www.facebook.com/helperase/videos/1541636169221386/", "media_description": "FundRaiseAwareness - Top 10", "thumbnail_url": null}], "urls": null}