{"url": "https://www.facebook.com/1003344626383879/posts/1539238962794440/", "created_time": "2017-07-09T22:52:02+0000", "message": "When you #StartWithaSmile on #PrimeDay, Amazon donates to Erase Child Trafficking. Shop for great deals at smile.amazon.com/ch/47-5046227 \nPrime Day starts tomorrow 9pm est.", "cleaned_message": ["amazon", "donat", "eras", "child", "traffick", "shop", "great", "deal", "smile", "amazon", "com", "ch", "-", "prime", "day", "start", "tomorrow", "pm", "est"], "emojis": null, "mentions": null, "names": null, "message_tags": ["StartWithaSmile", "PrimeDay"], "attachments": [{"media_type": "share", "media_url": "http://l.facebook.com/l.php?u=http%3A%2F%2Fsmile.amazon.com%2Fch%2F47-5046227&h=AT1uaYN79MtXiEpDPRwEaxITh3eNTVtCpsjGaPDHJqo5HTpPZ6ZL69MR8PQxcGgWyj-h6i_5mJiOL7qUByVnjEOEouPzJUWmYi-Px8TAqmrOC1yoLKQgr7rQ11NwH93n&s=1", "media_description": "Support Erase Child Trafficking by shopping at AmazonSmile.", "thumbnail_url": null}], "urls": null}