{"url": "https://www.facebook.com/1003344626383879/posts/1513383948713275/", "created_time": "2017-06-18T00:07:00+0000", "message": "Human trafficking: recognize the signs @TeamEglin  #HelpErase #HumanTrafficking #CreatingChange", "cleaned_message": ["human", "traffick", "recogn", "sign"], "emojis": null, "mentions": ["TeamEglin"], "names": null, "message_tags": ["helpERASE", "humantrafficking", "creatingchange"], "attachments": [{"media_type": "share", "media_url": "http://l.facebook.com/l.php?u=http%3A%2F%2Fbuff.ly%2F2rCBETK&h=AT3BoeVNujWvQVOuBhI1MEyRIhFvdhX4jTWZg4NXqlgn1dDV8mGVSxYT1w3OWmu_gtTkshncFOXpbptoERCiNXkJAyVFwr8A_I_tZ7pYE496iVpEEA5DrpHtJwf_eTQk&s=1", "media_description": "Human trafficking: recognize the signs > Eglin Air Force Base > Display", "thumbnail_url": null}], "urls": null}