{"url": "https://www.facebook.com/1003344626383879/posts/1498034573581546/", "created_time": "2017-06-04T11:14:01+0000", "message": "#HelpErase #humantrafficking #CreatingChange", "cleaned_message": [], "emojis": null, "mentions": null, "names": null, "message_tags": ["helpERASE", "humantrafficking", "creatingchange"], "attachments": [{"media_type": "share", "media_url": "http://l.facebook.com/l.php?u=http%3A%2F%2Fbuff.ly%2F2qKQh6R&h=AT0d-onAlv0DIAIhQZuY56Gb-R_GK8yJgh4PjlPN9suMgYyApS-1bBm8k6OCQTo-W5fGCcy2bO-wS0iYbquocNcWyFt0IARs7J0SlUkIGe5gsTRTx2zPfNjLBP4rgB9L&s=1", "media_description": "Officials stress importance of reporting possible human trafficking", "thumbnail_url": null}], "urls": null}