{"url": "https://www.facebook.com/1003344626383879/posts/3893193884065591/", "created_time": "2021-02-11T02:14:12+0000", "message": "We couldn\u2019t resist. \ud83d\ude3b\ud83d\ude39\n#catlawyer #zoommeeting  #funnyvideos #catsofinstagram #texas #imnotacat #court", "cleaned_message": ["resist"], "emojis": ["\ud83d\ude3b", "\ud83d\ude39"], "mentions": null, "names": null, "message_tags": ["CatLawyer", "zoommeeting", "funnyvideos", "catsofinstagram", "Texas", "imnotacat", "court"], "attachments": [{"media_type": "video_inline", "media_url": "https://www.facebook.com/helperase/videos/3893193807398932/", "media_description": null, "thumbnail_url": null}], "urls": null}