{"url": "https://www.facebook.com/1003344626383879/posts/2326766724041656/", "created_time": "2019-04-10T20:10:05+0000", "message": "Lauri and Brown were arrested Jan. 19 after a 38-year-old woman reported to police that she\u2019d been held against her will and victimized.", "cleaned_message": ["lauri", "brown", "arrest", "jan", "-year-old", "woman", "report", "polic", "held", "victim"], "emojis": null, "mentions": null, "names": ["Brown", "Jan     "], "message_tags": null, "attachments": [{"media_type": "share", "media_url": "https://l.facebook.com/l.php?u=https%3A%2F%2Fbuff.ly%2F2P1z6a1&h=AT30gloMpCP0Jy9zadndHqkLj_SrPpDJeJLBzkdrwcPJIRUVl313yq569Fgj7mp8_aFKOY1C5L4e5Xk6itcaXDGILIFI78klSvkGfb6Em0_k9fugSc7q_xLCL-Zkk5hO&s=1", "media_description": "Lawrence men seek plea deals in human trafficking, kidnapping case", "thumbnail_url": null}], "urls": null}