{"url": "https://www.facebook.com/1003344626383879/posts/1914343475283985/", "created_time": "2018-07-04T20:10:06+0000", "message": "In later messages, he also asked her to \"get together\" so he could \"train\" her. Barkley went on to talk about having sex with the girl and asked her sexual questions, according to the complaint.\"", "cleaned_message": ["later", "messag", "also", "ask", "get", "togeth", "could", "train", "barkley", "went", "talk", "sex", "girl", "ask", "sexual", "question", "accord", "complaint"], "emojis": null, "mentions": null, "names": ["Barkley"], "message_tags": null, "attachments": [{"media_type": "share", "media_url": "https://l.facebook.com/l.php?u=https%3A%2F%2Fbuff.ly%2F2u4tIJf&h=AT3aK9bZ_A0IC05-SBmSv81seJU3KzRwMGTUmbgWXOvDJoQpGSHwYw4tF3IYUykyTtCSoCaJUDbq6uU-dPTxfa1xHsK5O3gH1nmOydY65Wpe5nQz7pqv9JyrZ0L_Qeg6&s=1", "media_description": "Brooten man accused of soliciting, engaging in sex trafficking of a woman and teen girl", "thumbnail_url": null}], "urls": null}