{"url": "https://www.facebook.com/1003344626383879/posts/1935826876468978/", "created_time": "2018-07-18T17:12:31+0000", "message": "A minor is recovered by law enforcement and trafficker is in jail. For both the Victim and Law Enforcement this is just the beginning of a long road ahead. Hopefully the victim will be connected with services in her area so she cant start a very difficult healing process. \nFor law enforcement they will start building a strong case to make sure no one else is victimized by this trafficker. \nThis is why we do the work we do at ERASE. We want to provide law enforcement the tools they need to recover victims. And want to help survivors reclaim their life. \n\n\"Girl found at a Gulfport hotel. A man with her is accused of human trafficking, sheriff says\"", "cleaned_message": ["minor", "recov", "law", "enforc", "traffick", "jail", "victim", "law", "enforc", "begin", "long", "road", "ahead", "hope", "victim", "connect", "servic", "area", "start", "difficult", "heal", "process", "law", "enforc", "start", "build", "strong", "case", "make", "sure", "one", "els", "victim", "traffick", "work", "eras", "want", "provid", "law", "enforc", "tool", "need", "recov", "victim", "want", "help", "survivor", "reclaim", "life", "girl", "found", "gulfport", "hotel", "man", "accus", "human", "traffick", "sheriff", "say"], "emojis": null, "mentions": null, "names": null, "message_tags": null, "attachments": [{"media_type": "share", "media_url": "https://l.facebook.com/l.php?u=https%3A%2F%2Fbuff.ly%2F2NYvC7n&h=AT3ofZphyw9VmyPZiAxJngwE1xLYeMmdU8FBdfZLu_BBf61peHh84CJa6SMv_n4T646ZhqPaqVHfC1vMvX6WIVploGrvTnoMGM0idnwsJQ_C-7J3maCpiIN9bHguqvHs&s=1", "media_description": "Girl found at a Gulfport hotel. A man with her is accused of human trafficking, sheriff says", "thumbnail_url": null}], "urls": null}