{"url": "https://www.facebook.com/1003344626383879/posts/1868486819869651/", "created_time": "2018-06-01T14:14:01+0000", "message": "\"The feds seized and closed Backpage because it was being used by sex traffickers, often to sell underage victims \u2014 but experts say the criminals have just moved on.\"\nTraffickers are always changing their tactics which is why educating police officers is so important in the fight against human trafficking.", "cleaned_message": ["fed", "seiz", "close", "backpag", "use", "sex", "traffick", "often", "sell", "underag", "victim", "expert", "say", "crimin", "move", "traffick", "alway", "chang", "tactic", "educ", "polic", "offic", "import", "fight", "human", "traffick"], "emojis": null, "mentions": null, "names": null, "message_tags": null, "attachments": [{"media_type": "share", "media_url": "https://l.facebook.com/l.php?u=https%3A%2F%2Fbuff.ly%2F2LMmX70&h=AT1muAqLWMSi6H4VyKe9OK92ieKj-2x__iDT79tn_ovVR6ASIVWosOSX7YfMaQs3Vk_cTn1PHmPEhZhpeO_5reXjyynKdLH4wNDTB-FglMDxIxE-TgQEBYNaRVYv10ng&s=1", "media_description": "Backpage closure hasn\u2019t made it any harder for sex traffickers", "thumbnail_url": null}], "urls": null}