{"url": "https://www.facebook.com/1003344626383879/posts/1857515157633484/", "created_time": "2018-05-21T14:14:14+0000", "message": "Michigan State Police discussing #humantrafficking.", "cleaned_message": ["michigan", "state", "polic", "discuss"], "emojis": null, "mentions": null, "names": null, "message_tags": ["Michigan State Police", "humantrafficking"], "attachments": [{"media_type": "video_inline", "media_url": "https://www.facebook.com/MichiganStatePolice/videos/10156646670087216/", "media_description": null, "thumbnail_url": null}], "urls": null}