{"url": "https://www.facebook.com/1003344626383879/posts/1807882852596715/", "created_time": "2018-04-01T14:14:01+0000", "message": "I\u2019m Not For Sale is an organization dedicated to raising awareness for sex trafficking in the state of Nebraska. These students want to shine light on a dark issue by advocating for those who are trapped in modern-day slavery.", "cleaned_message": ["sale", "organ", "dedic", "rais", "awar", "sex", "traffick", "state", "nebraska", "student", "want", "shine", "light", "dark", "issu", "advoc", "trap", "modern-day", "slaveri"], "emojis": null, "mentions": null, "names": null, "message_tags": null, "attachments": [{"media_type": "share", "media_url": "https://l.facebook.com/l.php?u=https%3A%2F%2Fbuff.ly%2F2J0dFmB&h=AT1U9WhGYAD2tV8wc5BRmMG44dxKHKucmhhUy9YYRmHxRbB1nl9yD7Xng9mHZEBhOItxWEY_qgCk9Wd6Abjsf6ZgfF691b20QhdaW3DdymzDfPWnEVcCx1Ix4_zcEHb6&s=1", "media_description": "Four UNL students raise awareness for sex trafficking in Nebraska", "thumbnail_url": null}], "urls": null}