{"url": "https://www.facebook.com/1003344626383879/posts/1804901049561562/", "created_time": "2018-03-29T17:26:57+0000", "message": "Looking forward to watching this. A greater awareness is needed when it comes to child sex trafficking. Digital Reasoning\u2019s software made for Thorn has given law enforcement crucial tools in the fights against sex trafficking.", "cleaned_message": ["look", "forward", "watch", "greater", "awar", "need", "come", "child", "sex", "traffick", "digit", "reason", "softwar", "made", "thorn", "given", "law", "enforc", "crucial", "tool", "fight", "sex", "traffick"], "emojis": null, "mentions": null, "names": null, "message_tags": ["Digital Reasoning", "Thorn"], "attachments": [{"media_type": "share", "media_url": "https://l.facebook.com/l.php?u=https%3A%2F%2Fcbsn.ws%2F2Gt7rNF&h=AT0E-A__icFDHglw1KqoXCLr939Ixtbiw0OjEOQY3ggSFyohTVyD6DXbogaZ7xB_m7WNWPZ0TU_92mO2CoUgXOQHzbChOUDMkx5p1v-ly4Esw86x-w1cv8C54uOn7sf4&s=1", "media_description": "Sneak peek: \"48 Hours\" Live to Tell: Trafficked", "thumbnail_url": null}], "urls": null}