{"url": "https://www.facebook.com/1003344626383879/posts/1788054181246249/", "created_time": "2018-03-13T20:04:03+0000", "message": "What are our parents and schools doing to educate our kids about the real threat of human trafficking? Is it realized that more than half of human trafficking victims in the United States are minors?", "cleaned_message": ["parent", "school", "educ", "kid", "real", "threat", "human", "traffick", "realiz", "half", "human", "traffick", "victim", "unit", "state", "minor"], "emojis": null, "mentions": null, "names": null, "message_tags": null, "attachments": [{"media_type": "share", "media_url": "https://l.facebook.com/l.php?u=https%3A%2F%2Fbuff.ly%2F2Il2Bjv&h=AT0ULlml-I8uY8NPdW-p_3-yc-YpLpaiHs8A7fkiZtkaMljptesGmJH3x16vHQyJBWXSBYfjPliMjG8wMOjT0lYQQEB49udsebg2Xsu054jlT186A6sFlw4hVvg2LW8j&s=1", "media_description": "Clark County schools should teach kids about human trafficking", "thumbnail_url": null}], "urls": null}