{"url": "https://www.facebook.com/1003344626383879/posts/2387320117986316/", "created_time": "2019-05-15T20:10:04+0000", "message": "With their eyes on the Super Bowl and WrestleMania, officials are looking for new ways to ensure victims are not trafficked for sex or labor.", "cleaned_message": ["eye", "super", "bowl", "wrestlemania", "offici", "look", "new", "way", "ensur", "victim", "traffick", "sex", "labor"], "emojis": null, "mentions": null, "names": null, "message_tags": null, "attachments": [{"media_type": "share", "media_url": "https://l.facebook.com/l.php?u=https%3A%2F%2Fbuff.ly%2F30d5vQa&h=AT2Wqb37LKBvoE1-37_44C3LuHuKIKfT7qYP182PszXAH9RZikfuV_Rhs5QRT6T0chcF5x4F3wu2Xv9r2VXjBYk-HAkxcxL2b60GTO7Fu_mcJPbFcMAfs_45r_rM5-1r&s=1", "media_description": "Florida may soon have a prostitution registry for pimps and johns", "thumbnail_url": null}], "urls": null}