{"url": "https://www.facebook.com/1003344626383879/posts/1680137315371270/", "created_time": "2017-11-30T21:04:01+0000", "message": null, "cleaned_message": null, "emojis": null, "mentions": null, "names": null, "message_tags": null, "attachments": [{"media_type": "share", "media_url": "http://l.facebook.com/l.php?u=http%3A%2F%2Fj.mp%2F2BaPo8E&h=AT2d0YN8dEBKIn_K62ah4aNyv1eJulgJH4hemwfYbvNkcJm_SbV2D8Hr1E9LZIvXOHD6qiawtLlQVEt1LG96Hy6Ovqb0oA_r3SkjHSk9a5sWKCxIXKmT3cW6gctodDY0&s=1", "media_description": "Statewide campaign fights child sex trafficking", "thumbnail_url": null}]}