{"url": "https://www.facebook.com/1003344626383879/posts/1673873039331031/", "created_time": "2017-11-25T15:14:07+0000", "message": "Walk held against human sex trafficking in Allerton\n\"These girls are being coerced, they're being snatched, they're being tricked, & they are being sold into slavery. So, we are dealing with modern-day slavery\"", "cleaned_message": ["walk", "held", "human", "sex", "traffick", "allerton", "girl", "coerc", "snatch", "trick", "sold", "slaveri", "deal", "modern-day", "slaveri"], "emojis": null, "mentions": null, "names": null, "message_tags": null, "attachments": [{"media_type": "share", "media_url": "http://l.facebook.com/l.php?u=http%3A%2F%2Fj.mp%2F2iC0som&h=AT2FDiwB486WhWSx73hYD6BZchW4EcLGgWnelyG6xqWqNqciEXu74vvWYjYCLf1XxY8M0tk0dRefZ_gNwfI08u2-6Ir3-yVPq1KAkfTkSeYteVLDpkIfkTGZSnERWJXB&s=1", "media_description": "Walk held against human sex trafficking in Allerton", "thumbnail_url": null}], "urls": null}