{"url": "https://www.facebook.com/1003344626383879/posts/1663535130364822/", "created_time": "2017-11-15T15:14:01+0000", "message": "Church Hosts Anti-Human Trafficking Class.\nA Middle Tennessee church teamed up with the Tennessee Bureau of Investigation on Sunday to inform people about how to spot victims of the growing issue", "cleaned_message": ["church", "host", "anti-human", "traffick", "class", "middl", "tennesse", "church", "team", "tennesse", "bureau", "investig", "sunday", "inform", "peopl", "spot", "victim", "grow", "issu"], "emojis": null, "mentions": null, "names": null, "message_tags": null, "attachments": [{"media_type": "share", "media_url": "http://l.facebook.com/l.php?u=http%3A%2F%2Fj.mp%2F2yxgbuN&h=AT2fvECIfNf6KOJDCEfbymsc1tlOT9FfkskBanacZ1Bw-Rqt_SM4du2h13f8JaSXI_tv081v3A6uMt3_gcWxUq5P-f_4VtdrYig_bVKqWrVuBF8hrTB2YAtsZDWowggc&s=1", "media_description": "Church Hosts Anti-Human Trafficking Class", "thumbnail_url": null}], "urls": null}