{"url": "https://www.facebook.com/1003344626383879/posts/1658923467492655/", "created_time": "2017-11-10T21:04:13+0000", "message": "One national survey found hotels and motels to be the single-most common venue for sex trafficking in Florida during the first half of 2017, with 1 out of every 6 cases taking place there. The ability to rent rooms for short periods of time and to have a degree of anonymity can make hotels attractive to human traffickers, victims advocates say.", "cleaned_message": ["one", "nation", "survey", "found", "hotel", "motel", "single-most", "common", "venu", "sex", "traffick", "florida", "first", "half", "everi", "case", "take", "place", "abil", "rent", "room", "short", "period", "time", "degre", "anonym", "make", "hotel", "attract", "human", "traffick", "victim", "advoc", "say"], "emojis": null, "mentions": null, "names": null, "message_tags": null, "attachments": [{"media_type": "share", "media_url": "http://l.facebook.com/l.php?u=http%3A%2F%2Fj.mp%2F2m113Eh&h=AT3pkXOiTuBUEiPa_gLSDhKzR_bz8IleLzVjhS0ExAJmi12L22_FM35cxGib4IRfj0RKbQOhtGlK3cEHqZqwBd0M-FaAtgHRe1dEi9np0demiGhBX0wy16EandyE-hgi&s=1", "media_description": "Hotel and Motel Employees Can Be a Force in Spotting Human-Trafficking", "thumbnail_url": null}], "urls": null}