{"url": "https://www.facebook.com/1003344626383879/posts/2279124445472551/", "created_time": "2019-03-12T14:04:02+0000", "message": "\"At the motel, a woman told her she would have to prostitute herself to earn the money she\u2019d need to get home. She refused and was beaten and \u201cdragged on the floor of the hotel,\u201d", "cleaned_message": ["motel", "woman", "told", "would", "prostitut", "earn", "money", "need", "get", "home", "refus", "beaten", "drag", "floor", "hotel"], "emojis": null, "mentions": null, "names": null, "message_tags": null, "attachments": [{"media_type": "share", "media_url": "https://l.facebook.com/l.php?u=https%3A%2F%2Fbuff.ly%2F2O1NX44&h=AT0ySyAnrEwfz952kafLoydmGLQI4vQ40V1KaZW5LQ6w40411Hegb-pZlLRhpUh5SruPHl92qb13nEGj5qTbjQoEbxq-HUFRVSFveQN2N4zwDh5BKchVPJGqFnS0ELEf&s=1", "media_description": "Woman forced into prostitution after accepting free trip to Orlando, officials say", "thumbnail_url": null}], "urls": null}