{"url": "https://www.facebook.com/1003344626383879/posts/1651817468203255/", "created_time": "2017-11-03T14:14:00+0000", "message": "At the conference, members of law enforcement, social workers, and educators learned more about how to spot the issue and how to take action against it. A metro licensed child and adolescent therapist says she's taking what she learned at the conference and applying it at work right away.", "cleaned_message": ["confer", "member", "law", "enforc", "social", "worker", "educ", "learn", "spot", "issu", "take", "action", "metro", "licens", "child", "adolesc", "therapist", "say", "take", "learn", "confer", "appli", "work", "right", "away"], "emojis": null, "mentions": null, "names": null, "message_tags": null, "attachments": [{"media_type": "share", "media_url": "http://l.facebook.com/l.php?u=http%3A%2F%2Fj.mp%2F2yjRRAx&h=AT1KQUVQhXBo4rZs560hlA0KXO91jBS6vHAdwQ1sLbAAo0wTL_OAeLvPJGx6GT0MR-Qq1zR7rYXbBhcVEhUlHBl53ncqEba-D6YxoztvnCw0utf-J3VUFMFLe-NWch21&s=1", "media_description": "Human Trafficking Summit Raises Awareness, Inspires People to Take Action", "thumbnail_url": null}], "urls": null}