{"url": "https://www.facebook.com/helperase/photos/a.1029649477086727/2490020854382908/?type=3", "created_time": "2019-07-12T14:20:25+0000", "message": "R. Kelly Arrested on \u202cFederal Sex Trafficking Charges. -13 counts including sex crimes, child pornography and obstruction of justice. \u202c\n\u202d-Federal Prosecutors have a conviction rate above 95%. \u202c\n\u202d#HelpERASE #ChildTrafficking\u202c\n#rkelly #chicago #crime \ud83d\udeab#abovethelaw #timesup", "cleaned_message": ["r", "kelli", "arrest", "feder", "sex", "traffick", "charg", "-", "count", "includ", "sex", "crime", "child", "pornographi", "obstruct", "justic", "-feder", "prosecutor", "convict", "rate"], "emojis": ["\ud83d\udeab"], "mentions": null, "names": null, "message_tags": ["helpERASE", "childtrafficking", "rkelly", "Chicago", "Crime", "abovethelaw", "TimesUp"], "attachments": [{"media_type": "photo", "media_url": "https://www.facebook.com/helperase/photos/a.1029649477086727/2490020854382908/?type=3", "media_description": "Timeline Photos", "thumbnail_url": null}], "urls": null}