{"url": "https://www.facebook.com/1003344626383879/posts/1609693922415610/", "created_time": "2017-09-21T00:42:19+0000", "message": "This is a great video on conflict resolution for you and your child. The more knowledge children have about handling difficult situations the more empowered they become.", "cleaned_message": ["great", "video", "conflict", "resolut", "child", "knowledg", "children", "handl", "difficult", "situat", "empow", "becom"], "emojis": null, "mentions": null, "names": null, "message_tags": null, "attachments": [{"media_type": "video", "media_url": "https://www.facebook.com/nationalconflictresolutioncenter/videos/759167467602078/", "media_description": "Teaching Kids How to Resolve Conflict", "thumbnail_url": null}], "urls": null}