{"url": "https://www.facebook.com/1003344626383879/posts/1561363143915355/", "created_time": "2017-07-29T13:14:00+0000", "message": "\"I don\u2019t think we want to be sneaking around. Instead, we want to be upfront about our intentions and keeping tabs on what\u2019s going on online because that\u2019s part of our job as parents.\u201d", "cleaned_message": ["think", "want", "sneak", "around", "instead", "want", "upfront", "intent", "keep", "tab", "go", "onlin", "part", "job", "parent"], "emojis": null, "mentions": null, "names": null, "message_tags": null, "attachments": [{"media_type": "share", "media_url": "http://l.facebook.com/l.php?u=http%3A%2F%2Fbuff.ly%2F2v6qUh4&h=AT2j_LoqChhEfm8yGNYhAifmN0dnPo31-BX-6yNnrUTy32-LjpM2uiZzlGU0IzEXzsFlKAwXFzLj-kU916daVxwM_9zf0L11XcJDbJiroC3BLsURl_HzJQsgcgNEnF0b&s=1", "media_description": "Is it ever OK to snoop on your child's social media? It depends", "thumbnail_url": null}], "urls": null}