{"url": "https://www.facebook.com/1003344626383879/posts/1557714347613568/", "created_time": "2017-07-25T23:04:07+0000", "message": "Here's the difference between human trafficking and human smuggling", "cleaned_message": ["differ", "human", "traffick", "human", "smuggl"], "emojis": null, "mentions": null, "names": null, "message_tags": null, "attachments": [{"media_type": "share", "media_url": "http://l.facebook.com/l.php?u=http%3A%2F%2Fbuff.ly%2F2uxqXjj&h=AT2L5AAcaeEOpEaw9789Y3_q9DB3ZWySV30CgDtJweQDo24-iPhHcOWdv4PbRSmgKptek9TdEfEXvHcYnpoqacx3MRrAJvp7yttdK-e1_taZwYr0ej9g7uT0FepFEqKH&s=1", "media_description": "Here's the difference between human trafficking and human smuggling", "thumbnail_url": null}], "urls": null}