{"url": "https://www.facebook.com/1003344626383879/posts/1517538148297855/", "created_time": "2017-06-21T21:16:25+0000", "message": "Sex Traffickers will use social media to lure teens. Parents, it's important to know who your children are talking to online. Luckily, in this case, the trafficker was talking to an undercover detective and was arrested. \n#EducateYourself #Protect\nhttp://bit.ly/2sC0dxc", "cleaned_message": ["sex", "traffick", "use", "social", "media", "lure", "teen", "parent", "import", "know", "children", "talk", "onlin", "luckili", "case", "traffick", "talk", "undercov", "detect", "arrest"], "emojis": null, "mentions": null, "names": null, "message_tags": ["educateyourself", "Protect"], "attachments": [{"media_type": "share", "media_url": "https://l.facebook.com/l.php?u=https%3A%2F%2Fbit.ly%2F2sC0dxc&h=AT1M-J7eT48_KvzEEEC6bPv0ztU8Srw_4XViUMnCOMo0oNlul4M09g2-89TJA_k3QJd6VPNaDzqiXP7-594IYVNS5PNFyc6YyGpzg8szYe0iLJpZapWyXpdB4g2U-3-i&s=1", "media_description": "Sheriff says human trafficking case 'is bigger than it looks.'", "thumbnail_url": null}], "urls": ["http://bit.ly/2sC0dxc"]}