{"url": "https://www.facebook.com/1003344626383879/posts/2226096967441966/", "created_time": "2019-02-05T15:04:01+0000", "message": "\"As sad as it is, human trafficking is all too real of a concern. It can happen at any age, in any state and in any town. Iowa is helping lead the charge against trafficking by being the first state to require all school bus drivers to learn the signs of human trafficking.\"", "cleaned_message": ["sad", "human", "traffick", "real", "concern", "happen", "age", "state", "town", "iowa", "help", "lead", "charg", "traffick", "first", "state", "requir", "school", "bu", "driver", "learn", "sign", "human", "traffick"], "emojis": null, "mentions": null, "names": null, "message_tags": null, "attachments": [{"media_type": "share", "media_url": "https://l.facebook.com/l.php?u=https%3A%2F%2Fbuff.ly%2F2WDMGno&h=AT3hLoewHo_eQDYaj-WQbj135lE_iH8rdEjFzU-YoJ33zo62NRT9z4VgtedTG00tDO5cjCcjkAtS5OIqktw4uhQJ_j9Lm0ixAx7NpvjQUpG9vfr0EZZlwUp_TXxaSHEA&s=1", "media_description": "Iowa Bus Drivers Getting Schooled on Human Trafficking Warning Signs", "thumbnail_url": null}], "urls": null}