{"url": "https://www.facebook.com/1003344626383879/posts/1496986773686326/", "created_time": "2017-06-03T11:14:01+0000", "message": "Human trafficking still a top priority #HelpErase #humantrafficking #CreatingChange", "cleaned_message": ["human", "traffick", "still", "top", "prioriti"], "emojis": null, "mentions": null, "names": null, "message_tags": ["helpERASE", "humantrafficking", "creatingchange"], "attachments": [{"media_type": "share", "media_url": "http://l.facebook.com/l.php?u=http%3A%2F%2Fbuff.ly%2F2syzb8T&h=AT1qGL6Bnz-t2B027msMug2d7ylZIAidfJz2hPfJwXXAvxt8pJSq4MpmK8ZkATZ40IUBqNVStuMqXKwQc9JogOcMhOoKA8gxQ0ARprwX3u3F09egKgaAtlftHPBd1FiK&s=1", "media_description": "NOEM: Human trafficking still a top priority", "thumbnail_url": null}], "urls": null}