{"url": "https://www.facebook.com/1003344626383879/posts/1482040535180950/", "created_time": "2017-05-20T00:07:06+0000", "message": null, "cleaned_message": null, "emojis": null, "mentions": null, "names": null, "message_tags": null, "attachments": [{"media_type": "share", "media_url": "http://l.facebook.com/l.php?u=http%3A%2F%2Fbuff.ly%2F2qoo8AT&h=AT2AVw6s7pkZHpZyxoVF1e9YmZIO8W3EA2V5Leqa9coJBhmvoCt-ZMhcfWt4KXARg-e9NwpJc7lhiGBXKHpscY9E5Zw-HdKkLie5ZXAjDqsIJ_mv3x9eRqUlrMq-qPis&s=1", "media_description": "Women\u2019s groups fight human trafficking | The Herald", "thumbnail_url": null}]}