{"url": "https://www.facebook.com/1003344626383879/posts/2068950779823253/", "created_time": "2018-10-20T14:04:02+0000", "message": "\u201cFormer city tow driver imprisoned for bribery now charged with sex trafficking of teens.\u201d", "cleaned_message": ["former", "citi", "tow", "driver", "imprison", "briberi", "charg", "sex", "traffick", "teen"], "emojis": null, "mentions": null, "names": null, "message_tags": null, "attachments": [{"media_type": "share", "media_url": "https://l.facebook.com/l.php?u=https%3A%2F%2Fbuff.ly%2F2S49VFc&h=AT3PQ7d6Buav_nrfl607IwfSkd7m_xyyQfZuMCjLD6yBl9cgL22kmc0dSy1YeSD-XWcPTKnQJpxF6zGMuArTLyCeoNul59eoOoAatEZ1gsX3X2nCbJYa0Nv1ABkcYGUK&s=1", "media_description": "Former city tow driver imprisoned for bribery now charged with sex trafficking of teens", "thumbnail_url": null}], "urls": null}