{"url": "https://www.facebook.com/helperase/photos/a.1381766311875040/1350370388347966/?type=3", "created_time": "2017-01-19T15:16:50+0000", "message": "Fact #17 What is Sex Trafficking?  Sex trafficking is when a commercial sex act is induced by force, fraud, or coercion, or in which the person induced to perform such act has not attained 18 years of age.\n30 Facts ~ National Slavery and Human Trafficking Prevention Month #Awareness #Prevention #Education", "cleaned_message": ["fact", "sex", "traffick", "sex", "traffick", "commerci", "sex", "act", "induc", "forc", "fraud", "coercion", "person", "induc", "perform", "act", "attain", "year", "age", "fact", "nation", "slaveri", "human", "traffick", "prevent", "month"], "emojis": null, "mentions": null, "names": null, "message_tags": ["awareness", "prevention", "education"], "attachments": [{"media_type": "photo", "media_url": "https://www.facebook.com/helperase/photos/a.1381766311875040/1350370388347966/?type=3", "media_description": "30 Facts about Human Trafficking", "thumbnail_url": null}], "urls": null}