{"url": "https://www.facebook.com/helperase/photos/a.1029649477086727/1340755045976167/?type=3", "created_time": "2017-01-09T13:10:00+0000", "message": "Thank you to all the Law Enforcement Officers who keep us safe every day!\n\u201cWe must find time to stop and thank the people who make a difference in our lives.\u201d  ~ John F. Kennedy \n#NationalLawEnforcementAppreciationDay  #LEAD #ThankAPoliceOfficer", "cleaned_message": ["thank", "law", "enforc", "offic", "keep", "us", "safe", "everi", "day", "must", "find", "time", "stop", "thank", "peopl", "make", "differ", "live", "john", "f", "kennedi"], "emojis": null, "mentions": null, "names": ["John F", "Kennedy"], "message_tags": ["NationalLawEnforcementAppreciationDay", "lead", "thankapoliceofficer"], "attachments": [{"media_type": "photo", "media_url": "https://www.facebook.com/helperase/photos/a.1029649477086727/1340755045976167/?type=3", "media_description": "Timeline Photos", "thumbnail_url": null}], "urls": null}