{"url": "https://www.facebook.com/1003344626383879/posts/2878478355537154/", "created_time": "2020-01-19T20:03:16+0000", "message": "This is a great way to raise awareness about human trafficking!", "cleaned_message": ["great", "way", "rais", "awar", "human", "traffick"], "emojis": null, "mentions": null, "names": null, "message_tags": null, "attachments": [{"media_type": "visual_poll", "media_url": "https://www.facebook.com/2029758143808328/posts/2574600722657398/", "media_description": "Which scenario best describes human trafficking? ", "thumbnail_url": null}], "urls": null}