{"url": "https://www.facebook.com/1003344626383879/posts/2757409890977335/", "created_time": "2019-11-25T18:13:29+0000", "message": "#Repost @unwomen\n\u30fb\u30fb\u30fb\nLearn some of the signs of abuse, so that you can help the next person who\u2019s suffering from gender-based violence. #HearMeToo #orangetheworld #16days", "cleaned_message": ["learn", "sign", "abus", "help", "next", "person", "suffer", "gender-bas", "violenc"], "emojis": null, "mentions": ["unwomen"], "names": null, "message_tags": ["Repost", "HearMeToo", "OrangeTheWorld", "16days"], "attachments": [{"media_type": "video_inline", "media_url": "https://www.facebook.com/helperase/videos/817482748711554/", "media_description": null, "thumbnail_url": null}], "urls": null}