{"url": "https://www.facebook.com/1003344626383879/posts/2623198757731783/", "created_time": "2019-09-23T20:10:04+0000", "message": "\u201cTo better reach victims, law enforcement can build relationships with community leaders and community organizations who may be more likely to hear about labor abuses,\u201d #labortrafficking #endhumantrafficking", "cleaned_message": ["better", "reach", "victim", "law", "enforc", "build", "relationship", "commun", "leader", "commun", "organ", "may", "like", "hear", "labor", "abus"], "emojis": null, "mentions": null, "names": null, "message_tags": ["labortrafficking", "endhumantrafficking"], "attachments": [{"media_type": "share", "media_url": "https://l.facebook.com/l.php?u=https%3A%2F%2Fbuff.ly%2F2mvEFDB&h=AT1Zo3CmZh6oP7YHiT0-S6eMh-v-tDNpxPZhfI7Pe43Z8hBdfNM-Bvb-YBMGz5PKx58lRsdPP7PCdMd5rGx0thJ_3JOOZiqF4qq7aDLEraSmCqNnzNdcOeyC75zD3D3T&s=1", "media_description": "Journal Times editorial: H-2A visa program must be monitored better", "thumbnail_url": null}], "urls": null}