{"url": "https://www.facebook.com/1003344626383879/posts/1955370527847946/", "created_time": "2018-07-30T11:42:59+0000", "message": "Today is World Day Against Trafficking in Persons. We will be sharing various post throughout the day about Human Trafficking. Please continue to share. #GiveFreedom #helpErase", "cleaned_message": ["today", "world", "day", "traffick", "person", "share", "variou", "post", "throughout", "day", "human", "traffick", "pleas", "continu", "share"], "emojis": null, "mentions": null, "names": null, "message_tags": ["GiveFreedom", "helpERASE"], "attachments": [{"media_type": "video_inline", "media_url": "https://www.facebook.com/helperase/videos/1910659232319076/", "media_description": null, "thumbnail_url": null}], "urls": null}