{"url": "https://www.facebook.com/1003344626383879/posts/1955257137859285/", "created_time": "2018-07-30T10:10:30+0000", "message": "World Day Against Trafficking in Persons\n#givefreedom #helperase", "cleaned_message": ["world", "day", "traffick", "person"], "emojis": null, "mentions": null, "names": null, "message_tags": ["GiveFreedom", "helpERASE"], "attachments": [{"media_type": "photo", "media_url": "https://www.facebook.com/1Dantes/photos/a.187791155202739/225569111424943/?type=3", "media_description": null, "thumbnail_url": null}], "urls": null}