{"url": "https://www.facebook.com/1003344626383879/posts/1861625707222429/", "created_time": "2018-05-25T20:04:02+0000", "message": "Human trafficking suspected.\n\"Killeen and Harker Heights police teamed up with fellow local and federal law enforcement on a seven-month investigation that culminated in the arrests of 13 people.\"", "cleaned_message": ["human", "traffick", "suspect", "killeen", "harker", "height", "polic", "team", "fellow", "local", "feder", "law", "enforc", "seven-month", "investig", "culmin", "arrest", "peopl"], "emojis": null, "mentions": null, "names": ["Killeen", "Harker Heights"], "message_tags": null, "attachments": [{"media_type": "share", "media_url": "https://l.facebook.com/l.php?u=https%3A%2F%2Fbuff.ly%2F2J1LUNi&h=AT3S-MslbAhkiZ1SNdX3KnUpsM-lHv1uPDP82-bGJkhf8VKECfI-4y872Wqt7rPZXisBZh35EAovZd79MPvLwRUcBJLob7G4U2QdgVB648VFwSiSQSsJT_cXd-j59Kw9&s=1", "media_description": "Killeen, Heights PD aid in 7-month massage parlor investigation", "thumbnail_url": null}], "urls": null}