{"url": "https://www.facebook.com/1003344626383879/posts/1857514900966843/", "created_time": "2018-05-21T14:14:04+0000", "message": "Hastings Commends Broward Resident Roger DeHart on 1,000 Mile Walk from Fort Lauderdale to D.C. to raise awareness about Human Trafficking", "cleaned_message": ["hast", "commend", "broward", "resid", "roger", "dehart", "mile", "walk", "fort", "lauderdal", "c", "rais", "awar", "human", "traffick"], "emojis": null, "mentions": null, "names": ["Roger DeHart"], "message_tags": null, "attachments": [{"media_type": "share", "media_url": "https://l.facebook.com/l.php?u=https%3A%2F%2Fbuff.ly%2F2wQYha6&h=AT0VK_95Ww3uBcfDyRv5YTzd_SjsIKv6csF-sH7A-Yr5Zw138I8rliKaecMN8IhnX8Ycixqw1TPSbZQJZNo9A7OnYE1A38pMCOcN0GQF0zVpm_Hvjm9_s100mkiaK8io&s=1", "media_description": "Hastings Commends Broward Resident Roger DeHart on 1,000 Mile Walk from Fort Lauderdale to D.C. to raise awareness about Human Trafficking", "thumbnail_url": null}], "urls": null}