{"url": "https://www.facebook.com/1003344626383879/posts/1831315150253485/", "created_time": "2018-04-24T20:04:02+0000", "message": "During a forum at the Santa Maria Foursquare Church on Friday morning, State Assembly member Jordan Cunningham said the biggest challenge is spotting the red flags. So he's pushing for a set of bills aimed at tackling that problem.", "cleaned_message": ["forum", "santa", "maria", "foursquar", "church", "friday", "morn", "state", "assembl", "member", "jordan", "cunningham", "said", "biggest", "challeng", "spot", "red", "flag", "push", "set", "bill", "aim", "tackl", "problem"], "emojis": null, "mentions": null, "names": ["Jordan Cunningham"], "message_tags": null, "attachments": [{"media_type": "share", "media_url": "https://l.facebook.com/l.php?u=https%3A%2F%2Fbuff.ly%2F2HJRmDH&h=AT37f9pciOjpsPLvuJw2Sy8PK6F33nLTzqYrnWw_Xvd7Bbt7qQTk8-MXj7E4R-J0mLWjcXqBLbgn31gDECDObQIXbHfdfyNm7Km87oEdRGq5giTnl2CdyKNSGOx3qZe3&s=1", "media_description": "Local police, legislators fighting rise of human trafficking cases in Santa Maria", "thumbnail_url": null}], "urls": null}