{"url": "https://www.facebook.com/1003344626383879/posts/1823244571060543/", "created_time": "2018-04-16T14:14:02+0000", "message": "Mosby founded the HUG project in 2012 because she said an important part of working with children who have been sexually abused is to show them compassion to help them heal.", "cleaned_message": ["mosbi", "found", "hug", "project", "said", "import", "part", "work", "children", "sexual", "abus", "show", "compass", "help", "heal"], "emojis": null, "mentions": null, "names": null, "message_tags": null, "attachments": [{"media_type": "share", "media_url": "https://l.facebook.com/l.php?u=https%3A%2F%2Fbuff.ly%2F2v9SJGC&h=AT0Zm6QNrR2T-8DIWzy6sZSrv0DiLRrnExf5kfGthsRA42SZwMW2zvHSO56qeiEx6uIJ8xU0gYo07n9E8gbSbK5iJEvMDFvpmk2ILV3bD8Z-p1xvgc_bDO23JlFpDowi&s=1", "media_description": "Child trafficking expert speaks at William and Mary", "thumbnail_url": null}], "urls": null}