{"url": "https://www.facebook.com/1003344626383879/posts/1815127725205561/", "created_time": "2018-04-08T14:14:01+0000", "message": "A licensed social worker is working with the coalition of businesses to help them raise awareness about the issue of human trafficking, and better work with police and community groups to fight it.", "cleaned_message": ["licens", "social", "worker", "work", "coalit", "busi", "help", "rais", "awar", "issu", "human", "traffick", "better", "work", "polic", "commun", "group", "fight"], "emojis": null, "mentions": null, "names": null, "message_tags": null, "attachments": [{"media_type": "share", "media_url": "https://l.facebook.com/l.php?u=https%3A%2F%2Fbuff.ly%2F2uNMurX&h=AT3dMcYMjf48NOgDGNtM5KyXkvi3qRYE5PmJdQmkxFKY9P0TUr736e5iAbRWzXNloM_kqqCktMPDHjjPSxq7iXn4MFHAOm_8-eyfbp-ofWczuojpICQS7Vc6R4PNcTzt&s=1", "media_description": "Springfield Regional Chambers supporting group to help fight human trafficking", "thumbnail_url": null}], "urls": null}