{"url": "https://www.facebook.com/1003344626383879/posts/1695982103786791/", "created_time": "2017-12-15T15:14:08+0000", "message": "East Idaho Newsmakers: Child sex trafficking and exploitation in eastern Idaho.\nEaton and Smith talk about what\u2019s being done to stop the problem, what parents need to know and how common sex trafficking and child exploitation is in east Idaho.", "cleaned_message": ["east", "idaho", "newsmak", "child", "sex", "traffick", "exploit", "eastern", "idaho", "eaton", "smith", "talk", "done", "stop", "problem", "parent", "need", "know", "common", "sex", "traffick", "child", "exploit", "east", "idaho"], "emojis": null, "mentions": null, "names": ["Smith"], "message_tags": null, "attachments": [{"media_type": "share", "media_url": "http://l.facebook.com/l.php?u=http%3A%2F%2Fj.mp%2F2BZBpTn&h=AT20mrQfBDnlCirmLjiKUn1VcRYFS-OkjryK_8phi73PmlqnY-ubwYTqawajtYP-KXyqhZM5C2MwUyYusoNgsB29nFMHApZZQQ22rbThOgqiw8zFWXPHqP9YojFSJhtO&s=1", "media_description": "East Idaho Newsmakers: Child sex trafficking and exploitation in eastern Idaho | East Idaho News", "thumbnail_url": null}], "urls": null}