{"url": "https://www.facebook.com/1003344626383879/posts/1693090247409310/", "created_time": "2017-12-12T21:04:09+0000", "message": "All of us must help beat the scourge of human trafficking. Here\u2019s what you can do.\nTalking to your children or younger family members about the issue can educate them and help keep them out of harm\u2019s way.", "cleaned_message": ["us", "must", "help", "beat", "scourg", "human", "traffick", "talk", "children", "younger", "famili", "member", "issu", "educ", "help", "keep", "harm", "way"], "emojis": null, "mentions": null, "names": null, "message_tags": null, "attachments": [{"media_type": "share", "media_url": "http://l.facebook.com/l.php?u=http%3A%2F%2Fj.mp%2F2AMhYQq&h=AT1IKi2OYedyLgO012uOSaQCojMoI2Pnj4sAEAyWFqhUt_pewmo-GcPvSWxz2vdcxTfb7m7Cs2DQ5Z6s0U0G-AKC-XEQklsIj5VSpSyK3AhsVT2OCxlu1zQeJOdJinIV&s=1", "media_description": "All of us must help beat the scourge of human trafficking. Here\u2019s what you can do", "thumbnail_url": null}], "urls": null}