{"url": "https://www.facebook.com/1003344626383879/posts/2501487029902957/", "created_time": "2019-07-18T18:03:19+0000", "message": "Jeffrey Epstein denied bail, judge says no amount 'can overcome danger to the community.", "cleaned_message": ["jeffrey", "epstein", "deni", "bail", "judg", "say", "amount", "overcom", "danger", "commun"], "emojis": null, "mentions": null, "names": ["Jeffrey Epstein"], "message_tags": null, "attachments": [{"media_type": "share", "media_url": "https://l.facebook.com/l.php?u=https%3A%2F%2Fbuff.ly%2F2YUGVCC&h=AT0DzsP7CaIe-Hzi0vv5WjF_ef-5S2h95GelK8b6FDiQs1DSfRkh9hvp5OWO61MAHHN6ws1Vp0vaCsjw_m0fYdM5tFqmhmUPJMWPwbnTO7VRGCU-XsBTVi911nY_YJaN&s=1", "media_description": "Jeffrey Epstein denied bail, judge says no amount 'can overcome danger to the community'", "thumbnail_url": null}], "urls": null}