{"url": "https://www.facebook.com/1003344626383879/posts/1639916022726733/", "created_time": "2017-10-22T20:04:00+0000", "message": "The Freedom Walk came together under the direction of the Western New York Wesleyan Women and PATH - which stands for People Against Human Trafficking. Unexpected, vulnerable victims sometimes get drawn in through opioid addiction.", "cleaned_message": ["freedom", "walk", "came", "togeth", "direct", "western", "new", "york", "wesleyan", "women", "path", "-", "stand", "peopl", "human", "traffick", "unexpect", "vulner", "victim", "sometim", "get", "drawn", "opioid", "addict"], "emojis": null, "mentions": null, "names": null, "message_tags": null, "attachments": [{"media_type": "share", "media_url": "http://l.facebook.com/l.php?u=http%3A%2F%2Fj.mp%2F2gpw0Qt&h=AT3l4ikU6jWSGOgrX41Y8YMHszebj3kDU91yDYy5bL2HMMvomBX_VuXRmHW9yt2nyv8l-19mEIAWmueKrQ3lHLxy2d9uBWSunbPIxOorBAlso4CQ0jsgFXDklKYck2xM&s=1", "media_description": "Freedom Walk stands up to human trafficking", "thumbnail_url": null}], "urls": null}