{"url": "https://www.facebook.com/1003344626383879/posts/1632157270169275/", "created_time": "2017-10-14T20:04:00+0000", "message": "To build therapeutic rapport from a nonjudgmental framework, counselors need to understand the true source of teenagers\u2019 behavior rather than labeling them as inappropriate or delinquent. As counselors increase their understanding of risk and protective factors, the profession may be able to conceptualize human trafficking as a systemic problem from a broad perspective.", "cleaned_message": ["build", "therapeut", "rapport", "nonjudgment", "framework", "counselor", "need", "understand", "true", "sourc", "teenag", "behavior", "rather", "label", "inappropri", "delinqu", "counselor", "increas", "understand", "risk", "protect", "factor", "profess", "may", "abl", "conceptu", "human", "traffick", "system", "problem", "broad", "perspect"], "emojis": null, "mentions": null, "names": null, "message_tags": null, "attachments": [{"media_type": "share", "media_url": "http://l.facebook.com/l.php?u=http%3A%2F%2Fj.mp%2F2yhoU6s&h=AT1ZdyaUS9bGKpKSLk1XSleGCMnPa0nj_7OAsQClrTjjlWXkT-KbrWNKikwgqMqsNOOlnJXLHbogBs1KOfFb0Fs2qMxmOFhMRMZXqCWBiLfRiO5k23fZRIJC3JZKnySJ&s=1", "media_description": "Counseling survivors of human trafficking - Counseling Today", "thumbnail_url": null}], "urls": null}