{"url": "https://www.facebook.com/1003344626383879/posts/1625066200878382/", "created_time": "2017-10-07T20:04:02+0000", "message": "In recent years, the hospitality industry has actively taken steps to combat trafficking, experts say, by training workers how to spot and respond to incidents. \u201cNo Vacancy for Child Sex Traffickers,\u201d released on Tuesday, details ECPAT-USA\u2019s work to protect children from the commercial sexual exploitation that takes place in hotels.", "cleaned_message": ["recent", "year", "hospit", "industri", "activ", "taken", "step", "combat", "traffick", "expert", "say", "train", "worker", "spot", "respond", "incid", "vacanc", "child", "sex", "traffick", "releas", "tuesday", "detail", "ecpat-usa", "work", "protect", "children", "commerci", "sexual", "exploit", "take", "place", "hotel"], "emojis": null, "mentions": null, "names": null, "message_tags": null, "attachments": [{"media_type": "share", "media_url": "http://l.facebook.com/l.php?u=http%3A%2F%2Fj.mp%2F2xYqGtS&h=AT2pbjmfrv_yVJbO1Nvm8w9YwBEDdQ5Ztr5Pfl8LRotRiNqaMQbRnLM2f8JlV3tXcYMYBhfjQkEVi6r7vix0Z_o3ArMT2bU0umocqKIMQnauuHt4gApc7tnjHtlwDmC2&s=1", "media_description": "Hotels Take On Child Sex Slavery", "thumbnail_url": null}], "urls": null}