{"url": "https://www.facebook.com/1003344626383879/posts/1610424659009203/", "created_time": "2017-09-21T20:04:03+0000", "message": "The Red Sand Project is a local organization that focuses on preventing human trafficking by encouraging those who see something to say something.", "cleaned_message": ["red", "sand", "project", "local", "organ", "focus", "prevent", "human", "traffick", "encourag", "see", "someth", "say", "someth"], "emojis": null, "mentions": null, "names": null, "message_tags": null, "attachments": [{"media_type": "share", "media_url": "http://l.facebook.com/l.php?u=http%3A%2F%2Fj.mp%2F2xgmkgB&h=AT1hFw8lPvfYdvM1ohbSDN8OmFhx6uJyid_SIzHUFmDoWV46v5JMFeLP8S6mWUAseFUNM26rYWHMJlNlGXTh2eBRBxxdBV4ck2MAc2n4sfBuCCkk5_G9ZvUQhcM65gcr&s=1", "media_description": "Raising awareness for human trafficking", "thumbnail_url": null}], "urls": null}