{"url": "https://www.facebook.com/1003344626383879/posts/1527662297285440/", "created_time": "2017-06-30T05:42:24+0000", "message": null, "cleaned_message": null, "emojis": null, "mentions": null, "names": null, "message_tags": null, "attachments": [{"media_type": "share", "media_url": "http://l.facebook.com/l.php?u=http%3A%2F%2Fwww.npr.org%2Fsections%2Fgoatsandsoda%2F2017%2F06%2F29%2F534709918%2Fstate-department-honoree-was-trapped-in-a-brothel-for-nearly-20-years%3Futm_campaign%3Dstoryshare%26utm_source%3Dfacebook.com%26utm_medium%3Dsocial&h=AT371vkjNiQ5v1gDu0Ne1FSaJHELSVb0tfu_1I-AGeGuNhLzj-HroWEIF3KWU3r9ssNDZ7GiEkBYwkwF-HcTSp5XS5e60nGBr0pavPH9Qnb-Q4do8xwNqMPBB0vsA788&s=1", "media_description": "State Department Honoree Was Trapped In A Brothel For Nearly 20 Years", "thumbnail_url": null}]}