{"url": "https://www.facebook.com/1003344626383879/posts/1522323657819304/", "created_time": "2017-06-26T00:07:07+0000", "message": null, "cleaned_message": null, "emojis": null, "mentions": null, "names": null, "message_tags": null, "attachments": [{"media_type": "share", "media_url": "http://l.facebook.com/l.php?u=http%3A%2F%2Fbuff.ly%2F2tzHFOj&h=AT0IjTPuWdn1mJAJXnXIEkr6V-JRBjON4_t6v6VOe2HGLBBp8FLDyN4GMu1ocDy-UeVx3fFa1xCV8EhwDW3U3N0DJ7zNgPn8ZAywKxAkM_mHA6qOBAYktgBossg9Zafc&s=1", "media_description": "ASU class offers a local look into human trafficking", "thumbnail_url": null}]}