{"url": "https://www.facebook.com/1003344626383879/posts/1499066593478344/", "created_time": "2017-06-05T11:14:06+0000", "message": "#HelpErase #humantrafficking #CreatingChange", "cleaned_message": [], "emojis": null, "mentions": null, "names": null, "message_tags": ["helpERASE", "humantrafficking", "creatingchange"], "attachments": [{"media_type": "share", "media_url": "http://l.facebook.com/l.php?u=http%3A%2F%2Fbuff.ly%2F2sysiUY&h=AT0s0zQSusC0bP7fzWof_D2djeR2RVSJxP0eVnOydqj9ob2jfjpg7_cA4OiH-TlsvYx7eb7s_IvDJJ6t3OgcrFvvgd4pvyEs5s4oypMF60TIVupyfCxo_CT7TmiC1Axh&s=1", "media_description": "County\u2019s sex trafficking awareness campaign focuses on child victims", "thumbnail_url": null}], "urls": null}