{"url": "https://www.facebook.com/helperase/videos/1395090260542645/", "created_time": "2017-03-04T19:55:09+0000", "message": "STOP Human Trafficking Event presented by the Rotary. #HelpERASE \u2014 at \ufffcLoyola Marymount University. Part 4 Advocacy", "cleaned_message": ["stop", "human", "traffick", "event", "present", "rotari", "loyola", "marymount", "univers", "part", "advocaci"], "emojis": null, "mentions": null, "names": ["Rotary"], "message_tags": ["helpERASE"], "attachments": [{"media_type": "video_inline", "media_url": "https://www.facebook.com/helperase/videos/1395090260542645/", "media_description": null, "thumbnail_url": null}], "urls": null}