{"url": "https://www.facebook.com/helperase/photos/a.1029649477086727/2542620065789653/?type=3", "created_time": "2019-08-10T16:19:39+0000", "message": "Folks, this is why we have to get it right the first time! This is an injustice to the many victims who were/are impacted by the failures of those who are meant to protect and seek justice. We have to do better! #injustice #jeffreyepstein\n\u201cJeffrey Epstein, accused sex trafficker, is dead by apparent suicide.\u201d\nhttps://buff.ly/2KFXexc", "cleaned_message": ["folk", "get", "right", "first", "time", "injustic", "mani", "victim", "impact", "failur", "meant", "protect", "seek", "justic", "better", "jeffrey", "epstein", "accus", "sex", "traffick", "dead", "appar", "suicid"], "emojis": null, "mentions": null, "names": ["Jeffrey Epstein"], "message_tags": ["injustice", "jeffreyepstein"], "attachments": [{"media_type": "photo", "media_url": "https://www.facebook.com/helperase/photos/a.1029649477086727/2542620065789653/?type=3", "media_description": "Timeline Photos", "thumbnail_url": null}], "urls": ["https://buff.ly/2KFXexc"]}