{"url": "https://www.facebook.com/helperase/videos/1363362693715402/", "created_time": "2017-02-01T03:08:49+0000", "message": "30 Days of Facts, Summit Live & Project Arachnid", "cleaned_message": ["day", "fact", "summit", "live", "project", "arachnid"], "emojis": null, "mentions": null, "names": null, "message_tags": ["SummitLive"], "attachments": [{"media_type": "video_inline", "media_url": "https://www.facebook.com/helperase/videos/1363362693715402/", "media_description": "30 Days of Facts", "thumbnail_url": null}], "urls": null}