{"url": "https://www.facebook.com/helperase/photos/a.1381766311875040/1353266454725026/?type=3", "created_time": "2017-01-22T16:37:48+0000", "message": "Fact #19  99% of the buyers of sex trafficking victims are male with a median age of 42.5.\n30 Facts ~ National Slavery and Human Trafficking Prevention Month #Awareness #Prevention #Education", "cleaned_message": ["fact", "buyer", "sex", "traffick", "victim", "male", "median", "age", "fact", "nation", "slaveri", "human", "traffick", "prevent", "month"], "emojis": null, "mentions": null, "names": null, "message_tags": ["awareness", "prevention", "education"], "attachments": [{"media_type": "photo", "media_url": "https://www.facebook.com/helperase/photos/a.1381766311875040/1353266454725026/?type=3", "media_description": "30 Facts about Human Trafficking", "thumbnail_url": null}], "urls": null}