{"url": "https://www.facebook.com/1003344626383879/posts/3408130122571972/", "created_time": "2020-08-21T14:04:06+0000", "message": "\"A focused, sustained effort can have a huge impact on wiping out slave, forced, and child labor.\" #makingadifference", "cleaned_message": ["focus", "sustain", "effort", "huge", "impact", "wipe", "slave", "forc", "child", "labor"], "emojis": null, "mentions": null, "names": null, "message_tags": ["makingadifference"], "attachments": [{"media_type": "share", "media_url": "https://l.facebook.com/l.php?u=https%3A%2F%2Fbuff.ly%2F34gnSbt&h=AT1JrUmF1-CU0uR3l5hyrRXs1iQaY5EY65pwXWT8R1Mwt4GJ79sPM4nWMWx3sHHDHZtuKBIN9MNP8OASGfbNIiaTQQMJK8UXLjkpxPXfKM2YLZj93OOY5niaH28rpUYo&s=1", "media_description": "Corporate America can be a Powerful Force for Good to Root out Modern-Day Slavery | JD Supra", "thumbnail_url": null}], "urls": null}