{"url": "https://www.facebook.com/1003344626383879/posts/3164650963586557/", "created_time": "2020-05-25T17:14:12+0000", "message": "#Repost @marines\n\u30fb\u30fb\u30fb\nWe Remember\n\nThis Memorial Day, we pause to honor our fallen brothers and sisters. We will always remember their sacrifices for our nation.\n\n#USMC #Military #Marines #MemorialDay", "cleaned_message": ["rememb", "memori", "day", "paus", "honor", "fallen", "brother", "sister", "alway", "rememb", "sacrific", "nation"], "emojis": null, "mentions": ["marines"], "names": null, "message_tags": ["Repost", "usmc", "military", "marines", "memorialday"], "attachments": [{"media_type": "video_inline", "media_url": "https://www.facebook.com/helperase/videos/563346427684984/", "media_description": null, "thumbnail_url": null}], "urls": null}