{"url": "https://www.facebook.com/helperase/photos/a.1029649477086727/2652437698141222/?type=3", "created_time": "2019-10-08T20:10:00+0000", "message": "https://buff.ly/30XqJ3V\n\"This year\u2019s summit also will include an overview of the school curriculum \u201cNot A Number,\u201d which helps children 12-18 from all backgrounds recognize and prevent human trafficking, county officials said.\"  #HumanTrafficking", "cleaned_message": ["year", "summit", "also", "includ", "overview", "school", "curriculum", "number", "help", "children", "-", "background", "recogn", "prevent", "human", "traffick", "counti", "offici", "said"], "emojis": null, "mentions": null, "names": null, "message_tags": ["humantrafficking"], "attachments": [{"media_type": "photo", "media_url": "https://www.facebook.com/helperase/photos/a.1029649477086727/2652437698141222/?type=3", "media_description": "Timeline Photos", "thumbnail_url": null}], "urls": ["https://buff.ly/30XqJ3V"]}