{"url": "https://www.facebook.com/helperase/photos/a.1029649477086727/2539448186106841/?type=3", "created_time": "2019-08-08T20:10:00+0000", "message": "\u201cIndeed, as reminded by HSI, benefitting from forced labor and labor exploitation \u201care matters of criminal and civil law, not just questions of ethical conduct.\u201d https://buff.ly/2MKH2gN", "cleaned_message": ["inde", "remind", "hsi", "benefit", "forc", "labor", "labor", "exploit", "matter", "crimin", "civil", "law", "question", "ethic", "conduct"], "emojis": null, "mentions": null, "names": null, "message_tags": [], "attachments": [{"media_type": "photo", "media_url": "https://www.facebook.com/helperase/photos/a.1029649477086727/2539448186106841/?type=3", "media_description": "Timeline Photos", "thumbnail_url": null}], "urls": ["https://buff.ly/2MKH2gN"]}