{"url": "https://www.facebook.com/1003344626383879/posts/1807034842681516/", "created_time": "2018-03-31T18:12:46+0000", "message": "Great work by Gastonia detectives for making a difference in the fight against human trafficking.", "cleaned_message": ["great", "work", "gastonia", "detect", "make", "differ", "fight", "human", "traffick"], "emojis": null, "mentions": null, "names": null, "message_tags": ["Gastonia Police Department"], "attachments": [{"media_type": "share", "media_url": "https://l.facebook.com/l.php?u=https%3A%2F%2Fcityofgastonia.news%2F2018%2F03%2Fgastonia-detectives-wilson-and-houser-honored-in-25th-annual-national-top-cops-awards%2F&h=AT18-JM065eMbWXjr8Bm855Kt_k1SDnXoDdnicz7geKtUVLo8MWHGH9OGvIdIUJkd0EAIidQDWrXDu85DZIOVaz3n9vzyqBkBep9biIlKHXkogTpbBzZC9qBV0hxh7hl&s=1", "media_description": "Gastonia Detectives Wilson and Houser honored in 25th Annual National TOP COPS Awards\u00ae - City News Source", "thumbnail_url": null}], "urls": null}