{"url": "https://www.facebook.com/1003344626383879/posts/1796773720374295/", "created_time": "2018-03-21T20:04:08+0000", "message": "Human trafficking is the 2nd latest industry in the world. It is the fastest growing criminal industry in the world. Human trafficking is happening right in our community and we know there are steps to make a difference to prevent protect against it.", "cleaned_message": ["human", "traffick", "nd", "latest", "industri", "world", "fastest", "grow", "crimin", "industri", "world", "human", "traffick", "happen", "right", "commun", "know", "step", "make", "differ", "prevent", "protect"], "emojis": null, "mentions": null, "names": null, "message_tags": null, "attachments": [{"media_type": "share", "media_url": "https://l.facebook.com/l.php?u=https%3A%2F%2Fbuff.ly%2F2u5yVUl&h=AT1c2YerIhAs-bFW9o6Vp6xrO9avmDYTPvWLa07PbxEhDJEU9wk0RP97eDccR-kfCNAG5ygScNSPmVaI3BFBIYjp9T4njFelWz9wPMGKCd3o4d8s2mkIsUJiuOgM-jXc&s=1", "media_description": "Only You Can Prevent Human Trafficking | Nanette Ward | TEDxCoMo", "thumbnail_url": null}], "urls": null}