{"url": "https://www.facebook.com/helperase/photos/a.1029649477086727/1792357350815932/?type=3", "created_time": "2018-03-17T17:08:15+0000", "message": "While groups around the world try to rescue victims and get them to a safe place, that\u2019s only one part of the process, according to experts in this area. They also need to learn skills and develop the ability to make a living on their own. https://buff.ly/2FZ8vZj", "cleaned_message": ["group", "around", "world", "tri", "rescu", "victim", "get", "safe", "place", "one", "part", "process", "accord", "expert", "area", "also", "need", "learn", "skill", "develop", "abil", "make", "live"], "emojis": null, "mentions": null, "names": null, "message_tags": [], "attachments": [{"media_type": "photo", "media_url": "https://www.facebook.com/helperase/photos/a.1029649477086727/1792357350815932/?type=3", "media_description": "Timeline Photos", "thumbnail_url": null}], "urls": ["https://buff.ly/2FZ8vZj"]}