{"url": "https://www.facebook.com/1003344626383879/posts/1754505037934497/", "created_time": "2018-02-10T21:04:02+0000", "message": "Human trafficking can take many forms, from sex slavery to forced labor and debt bondage. Any kind of human trafficking is a violation of civil law in addition to being a criminal offense. You can bring both a federal and/or state trafficking claims against your employer.", "cleaned_message": ["human", "traffick", "take", "mani", "form", "sex", "slaveri", "forc", "labor", "debt", "bondag", "kind", "human", "traffick", "violat", "civil", "law", "addit", "crimin", "offens", "bring", "feder", "state", "traffick", "claim", "employ"], "emojis": null, "mentions": null, "names": null, "message_tags": null, "attachments": [{"media_type": "share", "media_url": "http://l.facebook.com/l.php?u=http%3A%2F%2Fj.mp%2F2EU27Q5&h=AT0GcTtozA3SX7bhhiGmkOhimLL-UOW-y_qzJU0tELH2BiAHb8ujHVe2Nj20cOG2qyo3l2_G9Fs9FMhK0haA6cqYaf7kGoKpSElC53NuUgeUTHL4dGsnlpfER0oPDBBw&s=1", "media_description": "Human trafficking can take many forms", "thumbnail_url": null}], "urls": null}