{"url": "https://www.facebook.com/1003344626383879/posts/1752323238152677/", "created_time": "2018-02-08T21:04:02+0000", "message": "teens and young adults can potentially become victims by doing seemingly normal things like dating, playing sports, going to school or visiting local youth hangouts.  \u201cIt could be they are dropped off at school, and once the parent drives away, they could be picked up by a trafficker and then returned\u2026 It could be staying after school, but not really staying after school,\u201d", "cleaned_message": ["teen", "young", "adult", "potenti", "becom", "victim", "seemingli", "normal", "thing", "like", "date", "play", "sport", "go", "school", "visit", "local", "youth", "hangout", "could", "drop", "school", "parent", "drive", "away", "could", "pick", "traffick", "return", "could", "stay", "school", "realli", "stay", "school"], "emojis": null, "mentions": null, "names": null, "message_tags": null, "attachments": [{"media_type": "share", "media_url": "http://l.facebook.com/l.php?u=http%3A%2F%2Fj.mp%2F2Eo2wwj&h=AT2_EvgKibQa3PHD_1ctsf3ou9Zte9Zkubu3dVfACa9KMDHf5aRDmUhkG-BoeOpKkmig4TuYan35Cf4HCraU20WGYCedM00HfartYvAnwtvNpnTi3uc66zYQU8N-kPWu&s=1", "media_description": "Kiwanis to host presentation on human trafficking in New Baltimore", "thumbnail_url": null}], "urls": null}