{"url": "https://www.facebook.com/1003344626383879/posts/1917454991639500/", "created_time": "2018-07-06T20:10:03+0000", "message": "\"Trafficking occurs across all socioeconomic demographics, among all races, and ages; from a very young age to middle aged victims, people are being treated like human slaves.\"", "cleaned_message": ["traffick", "occur", "across", "socioeconom", "demograph", "among", "race", "age", "young", "age", "middl", "age", "victim", "peopl", "treat", "like", "human", "slave"], "emojis": null, "mentions": null, "names": null, "message_tags": null, "attachments": [{"media_type": "share", "media_url": "https://l.facebook.com/l.php?u=https%3A%2F%2Fbuff.ly%2F2lSt5i9&h=AT16sATqR0IwQbG9B-RmxO3h2_X3Ig8xm0xXfwNRhPOoG2oPPFpRNFSBM_xYiHjbwzP13Cyx3-wV57sGY0DWoNn4rI111TDdHvP048UWGWHyg7WcyRCkbBOVesNLALRF&s=1", "media_description": "The slave next door: Human trafficking is here", "thumbnail_url": null}], "urls": null}