{"url": "https://www.facebook.com/1003344626383879/posts/1701995636518771/", "created_time": "2017-12-21T15:14:03+0000", "message": "Brownback declares January human trafficking awareness month. \nHuman trafficking has been a signature issue for Kansas Attorney General Derek Schmidt, who said the state served more than 420 trafficking victims with services last fiscal year.", "cleaned_message": ["brownback", "declar", "januari", "human", "traffick", "awar", "month", "human", "traffick", "signatur", "issu", "kansa", "attorney", "gener", "derek", "schmidt", "said", "state", "serv", "traffick", "victim", "servic", "last", "fiscal", "year"], "emojis": null, "mentions": null, "names": ["Derek Schmidt"], "message_tags": null, "attachments": [{"media_type": "share", "media_url": "http://l.facebook.com/l.php?u=http%3A%2F%2Fj.mp%2F2BNtfRw&h=AT2cE3okMd80SmjVAktgJ1JOo73zw0pSWmofOF7_OLe_nO3po4ybvLCc5INTSVVJhjWbpCBHvfzJ31rlvn-IOb-2HLIkUciE5rH6EdWNYYCYMDpdam1UKkYNAIPrMfIu&s=1", "media_description": "Brownback declares January human trafficking awareness month", "thumbnail_url": null}], "urls": null}