{"url": "https://www.facebook.com/1003344626383879/posts/1695187860532882/", "created_time": "2017-12-14T21:04:03+0000", "message": "Just like Child Sex Trafficking, Labor Trafficking happens in our own backyard. \n\n\"Forced labor uncovered at New York waterfront wedding hall.\"", "cleaned_message": ["like", "child", "sex", "traffick", "labor", "traffick", "happen", "backyard", "forc", "labor", "uncov", "new", "york", "waterfront", "wed", "hall"], "emojis": null, "mentions": null, "names": null, "message_tags": null, "attachments": [{"media_type": "share", "media_url": "http://l.facebook.com/l.php?u=http%3A%2F%2Fj.mp%2F2Cjud5s&h=AT2El6R0rgFyIbvM-EEAcP5U0wqW1GMjBIcdOqnR038ylV8Qqo3UkE4NI6fZyatAfMpTfTAuam5iMyTZ14GXUsevEjQ9Sx40wYUPr_OxK47VuMBkbNeHBUEYXRv7V1XC&s=1", "media_description": "Forced labor uncovered at New York waterfront wedding hall, authoritie", "thumbnail_url": null}], "urls": null}