{"url": "https://www.facebook.com/1003344626383879/posts/2596532767065049/", "created_time": "2019-09-09T14:04:03+0000", "message": "In response to the rise in human trafficking cases reported around the state, Michigan now requires all counseling professionals to receive training on the topic. #michigan #healthcare  #endhumantrafficking", "cleaned_message": ["respons", "rise", "human", "traffick", "case", "report", "around", "state", "michigan", "requir", "counsel", "profession", "receiv", "train", "topic"], "emojis": null, "mentions": null, "names": null, "message_tags": ["michigan", "healthcare", "endhumantrafficking"], "attachments": [{"media_type": "share", "media_url": "https://l.facebook.com/l.php?u=https%3A%2F%2Fbuff.ly%2F2HTY7lr&h=AT0zRdK4DBD1_El9loGdckuWpdnaooJvXT-kLANCmS6_j4kGfecGQeUktjf6z3igN09q1KIByv5I_w8Vm6frCjlG9LP0vA7srURH95BNXFaz65e9bTNsilU09HAQsvoz&s=1", "media_description": "Healthcare workers training to spot human trafficking", "thumbnail_url": null}], "urls": null}