{"url": "https://www.facebook.com/1003344626383879/posts/1630766350308367/", "created_time": "2017-10-13T14:14:07+0000", "message": "Mai partnered with filmmaker Sadhvi Siddhali Shree as the executive producer for a powerful and raw documentary entitled Stopping Traffic: The Movement to End Sex Trafficking.", "cleaned_message": ["mai", "partner", "filmmak", "sadhvi", "siddhali", "shree", "execut", "produc", "power", "raw", "documentari", "entitl", "stop", "traffic", "movement", "end", "sex", "traffick"], "emojis": null, "mentions": null, "names": ["Sadhvi Siddhali"], "message_tags": null, "attachments": [{"media_type": "share", "media_url": "http://l.facebook.com/l.php?u=http%3A%2F%2Fj.mp%2F2yhrKJh&h=AT1Jv89iFKV_6kd32YaxA2lY-v3b_sfobzRzi6XyKnMqxT1rXBVzej6HgTLfyWyfAehzFMJN_MVgGjxLZyN92RCh_hvioU9cSJ0ya670rJfZFAMRmZXVsZGVUALm-VwV&s=1", "media_description": "\u2018The Real\u2019s\u2019 Jeannie Mai is raising awareness of human trafficking in new film", "thumbnail_url": null}], "urls": null}