{"url": "https://www.facebook.com/1003344626383879/posts/1623782507673418/", "created_time": "2017-10-06T14:14:08+0000", "message": "The new training focuses on helping victims who are trapped in the black market and are \"unable to make certain decisions due to a variety of reasons and immense demand for these victims that exists.\" The attorney's office said it wants hotel and motel industry workers to know what they can and should do when encountering a potential victim or trafficking customer.", "cleaned_message": ["new", "train", "focus", "help", "victim", "trap", "black", "market", "unabl", "make", "certain", "decis", "due", "varieti", "reason", "immens", "demand", "victim", "exist", "attorney", "offic", "said", "want", "hotel", "motel", "industri", "worker", "know", "encount", "potenti", "victim", "traffick", "custom"], "emojis": null, "mentions": null, "names": null, "message_tags": null, "attachments": [{"media_type": "share", "media_url": "http://l.facebook.com/l.php?u=http%3A%2F%2Fj.mp%2F2xIEmcn&h=AT2UFkm6sa5J2yie4E3AdtEcHidosrk_YPJRVRb4NDEqpD56WvbOUc1pmjJg4Nr8LJewxHYx9ymWpR7Fipv_AvD8AUT9rxUCvrrfknk5WlXK2iw3RZ_sAwiKD9Mo-7LW&s=1", "media_description": "Freeing Human Trafficking Victims: Hotels Partner With Washington County", "thumbnail_url": null}], "urls": null}