{"url": "https://www.facebook.com/helperase/photos/a.1029649477086727/1607653485952987/?type=3", "created_time": "2017-09-18T20:04:04+0000", "message": "Recent natural disasters around the world have left an alarming number of children and young adults homeless. These children are at extreme risk of being trafficked. \n\nContact your local anti-human trafficking non-profit to see how you can help. Or you can click the Donate link in our profile to donate towards providing victim services. \n#Protect #Homeless #Children", "cleaned_message": ["recent", "natur", "disast", "around", "world", "left", "alarm", "number", "children", "young", "adult", "homeless", "children", "extrem", "risk", "traffick", "contact", "local", "anti-human", "traffick", "non-profit", "see", "help", "click", "donat", "link", "profil", "donat", "toward", "provid", "victim", "servic"], "emojis": null, "mentions": null, "names": null, "message_tags": ["protect", "homeless", "children"], "attachments": [{"media_type": "photo", "media_url": "https://www.facebook.com/helperase/photos/a.1029649477086727/1607653485952987/?type=3", "media_description": "Timeline Photos", "thumbnail_url": null}], "urls": null}