{"url": "https://www.facebook.com/1003344626383879/posts/1603147946403541/", "created_time": "2017-09-13T13:14:00+0000", "message": "Halverson cited a 2017 study from the American Journal of Public Health which \"Found that girls who were sexually abused as children were 2.5 times more likely to be sex trafficked, but for boys their risk factor of being sex trafficked was over eight times greater if they had been sexually abused.\"", "cleaned_message": ["halverson", "cite", "studi", "american", "journal", "public", "health", "found", "girl", "sexual", "abus", "children", "time", "like", "sex", "traffick", "boy", "risk", "factor", "sex", "traffick", "eight", "time", "greater", "sexual", "abus"], "emojis": null, "mentions": null, "names": null, "message_tags": null, "attachments": [{"media_type": "share", "media_url": "http://l.facebook.com/l.php?u=http%3A%2F%2Fj.mp%2F2j7OGET&h=AT2HnG4cEEI95ceviUY8v7wwCkKsk_EZ3NBfGShwjV2YurgmC8_G7UbJfa8SGTrjCZ6ok0tTykfCeH_577w6hkVmKaK4XhUE-qfQj-SLEv0woJe0khH3iLe2MXO3xQYo&s=1", "media_description": "Advocates Raise Awareness about the Hidden and Ignored Suffering of Male Sex Trafficking Victims", "thumbnail_url": null}], "urls": null}