{"url": "https://www.facebook.com/1003344626383879/posts/1533206803397656/", "created_time": "2017-07-04T11:14:03+0000", "message": null, "cleaned_message": null, "emojis": null, "mentions": null, "names": null, "message_tags": null, "attachments": [{"media_type": "share", "media_url": "http://l.facebook.com/l.php?u=http%3A%2F%2Fbuff.ly%2F2timErG&h=AT3PJGSfniy0cKpBvXuTCYb3_vkYlX1IkWXuRdS8Ma7oNL_TTNCougKLk4SqkmAMl_ung3W8-OHK-rCcP-9M498IKUYeEU-66ZAhfdGI42Gg6V-0KK92Y1A3GudIUEQc&s=1", "media_description": "More Businesses Would Promote Human-Trafficking Awareness Under Jacksonville Bill", "thumbnail_url": null}]}