{"url": "https://www.facebook.com/1003344626383879/posts/1522821754436161/", "created_time": "2017-06-26T11:14:00+0000", "message": "\u201cMy kids probably know everything, but I had no idea. It was an eye opener.\u201d\nParents need to catch up with kids when it comes to the latest technology to help keep them safe. #socialmedia #Safety", "cleaned_message": ["kid", "probabl", "know", "everyth", "idea", "eye", "open", "parent", "need", "catch", "kid", "come", "latest", "technolog", "help", "keep", "safe"], "emojis": null, "mentions": null, "names": null, "message_tags": ["socialmedia", "safety"], "attachments": [{"media_type": "share", "media_url": "http://l.facebook.com/l.php?u=http%3A%2F%2Fbuff.ly%2F2rXgsI0&h=AT2ZmS6pXKPemSLmNLeawpaRF-fm9jVpDghPl7pzJSMMjrcQVmHf5aVM1TxR_cZ-Fk6E1b_P6SsU7RazrMfGM_X-eBtxkSRmvlepQ-ap8Z3KiyOWMojm1fMLFzH5yymK&s=1", "media_description": "Cyber education class teaches parents about internet safety", "thumbnail_url": null}], "urls": null}