{"url": "https://www.facebook.com/1003344626383879/posts/1515436215174715/", "created_time": "2017-06-20T00:07:00+0000", "message": "Law Requires Posting of Public Notices Regarding Slavery and Human Trafficking @AntiochPolice #HelpErase #HumanTrafficking #CreatingChange", "cleaned_message": ["law", "requir", "post", "public", "notic", "regard", "slaveri", "human", "traffick"], "emojis": null, "mentions": ["AntiochPolice"], "names": null, "message_tags": ["helpERASE", "humantrafficking", "creatingchange"], "attachments": [{"media_type": "share", "media_url": "http://l.facebook.com/l.php?u=http%3A%2F%2Fbuff.ly%2F2sBXJRB&h=AT1J4MpRRzWCbqEfq8yOhnZ_IjzpaE0Dwc4lVjPK45bm5u9dXNvl7IPvo6TkUNonBFPR15ioTQcYLEO8fIsGyXaPbj_Oeb3ea9kIYig3NneizKkk7PRSzUPkOr-XO9-r&s=1", "media_description": "Law Requires Posting of Public Notices Regarding Slavery and Human Trafficking", "thumbnail_url": null}], "urls": null}