{"url": "https://www.facebook.com/1003344626383879/posts/1514478031937200/", "created_time": "2017-06-19T00:07:03+0000", "message": null, "cleaned_message": null, "emojis": null, "mentions": null, "names": null, "message_tags": null, "attachments": [{"media_type": "share", "media_url": "http://l.facebook.com/l.php?u=http%3A%2F%2Fbuff.ly%2F2rrGsqT&h=AT0Dg_H2aDS2m4ds5WVOmukx5B5F-VKV3NStj1sp72XOjSYozjI3HvqxmaTLuRHr60rEYhbxACgGm85no34nKUfNHmvOYdgYqq4mmsLWGcGRA7isoYDuyJpDwT1YyfVP&s=1", "media_description": "Sex trafficking in the southwest suburbs: yes, it's here", "thumbnail_url": null}]}