{"url": "https://www.facebook.com/1003344626383879/posts/1492413747476962/", "created_time": "2017-05-30T00:07:01+0000", "message": "Earlier this month, The Woman\u2019s Club of Stuart hosted a spectacular gala at the Yacht and Country Club of Stuart to benefit Catch the Wave of Hope, an organization created by Lynne Barletta, founder and executive director of Visionary School of Arts. Catch the Wave of Hope\u2019s mission is to abolish human trafficking in our communities.", "cleaned_message": ["earlier", "month", "woman", "club", "stuart", "host", "spectacular", "gala", "yacht", "countri", "club", "stuart", "benefit", "catch", "wave", "hope", "organ", "creat", "lynn", "barletta", "founder", "execut", "director", "visionari", "school", "art", "catch", "wave", "hope", "mission", "abolish", "human", "traffick", "commun"], "emojis": null, "mentions": null, "names": ["Lynne Barletta"], "message_tags": null, "attachments": [{"media_type": "share", "media_url": "http://l.facebook.com/l.php?u=http%3A%2F%2Fbuff.ly%2F2r4uRjQ&h=AT2_k4LJ4fQjfDfaTNGhSVBB17s-Nie33J4RZID0LneEMYUuUMMQYagYzdFy-rU-tJqmRsum4G_YMqjvmUaU4uOawZtmMQGwRMBcwjbqllbZShLIQO2HEnyk00GoK0aX&s=1", "media_description": "Woman\u2019s Club Gala Fights Human Trafficking", "thumbnail_url": null}], "urls": null}