{"url": "https://www.facebook.com/1003344626383879/posts/1491043894280614/", "created_time": "2017-05-28T13:19:59+0000", "message": "This 8 year old little girl has endured more than any human should ever have to endure. Thanks to Hope for Justice she can begin her journey of healing. \n#HelpERASE", "cleaned_message": ["year", "old", "littl", "girl", "endur", "human", "ever", "endur", "thank", "hope", "justic", "begin", "journey", "heal"], "emojis": null, "mentions": null, "names": null, "message_tags": ["Hope for Justice", "helpERASE"], "attachments": [{"media_type": "photo", "media_url": "https://www.facebook.com/hopeforjustice/photos/a.133339738281/10154783228728282/?type=3", "media_description": "Timeline Photos", "thumbnail_url": null}], "urls": null}