{"url": "https://www.facebook.com/helperase/photos/a.1029649477086727/1403117859739885/?type=3", "created_time": "2017-03-12T14:36:07+0000", "message": "\"A child's laughter could simply be one of the most beautiful sounds in the world!\" ~ Vicki Reece\n#protectourkids #childrenareourfuture", "cleaned_message": ["child", "laughter", "could", "simpli", "one", "beauti", "sound", "world", "vicki", "reec"], "emojis": null, "mentions": null, "names": null, "message_tags": ["protectourkids", "childrenareourfuture"], "attachments": [{"media_type": "photo", "media_url": "https://www.facebook.com/helperase/photos/a.1029649477086727/1403117859739885/?type=3", "media_description": "Timeline Photos", "thumbnail_url": null}], "urls": null}