{"url": "https://www.facebook.com/helperase/photos/a.1029649477086727/1373179069400431/?type=3", "created_time": "2017-02-10T19:12:51+0000", "message": "In less than two weeks we will be in the mix of some of the most talented and creative minds at Summit Live. We are lucky to be presenting a discussion panel about Child Trafficking and Social Media. We have awesome speakers lined up ready to inspire and educate people on a problem that happens in every state across the country. Karena Steir, Victor Williams, Marc Marty and Ryan Anderson Bell are some of our speakers which we are very grateful to them for joining us.\nFor tickets to all the events visit Summit.Live", "cleaned_message": ["less", "two", "week", "mix", "talent", "creativ", "mind", "summit", "live", "lucki", "present", "discuss", "panel", "child", "traffick", "social", "media", "awesom", "speaker", "line", "readi", "inspir", "educ", "peopl", "problem", "happen", "everi", "state", "across", "countri", "karena", "steir", "victor", "william", "marc", "marti", "ryan", "anderson", "bell", "speaker", "grate", "join", "us", "ticket", "event", "visit", "summit", "live"], "emojis": null, "mentions": null, "names": ["Victor Williams", "Marc Marty", "Ryan Anderson Bell"], "message_tags": ["SummitLive", "Karena Steir", "Victor Williams"], "attachments": [{"media_type": "photo", "media_url": "https://www.facebook.com/helperase/photos/a.1029649477086727/1373179069400431/?type=3", "media_description": "Timeline Photos", "thumbnail_url": null}], "urls": null}