{"url": "https://www.facebook.com/helperase/photos/a.1029649477086727/1340631659321839/?type=3", "created_time": "2017-01-09T20:00:01+0000", "message": "We are on Fact #9 today and now we are adding in ways you can help change the lives of those affected by #HumanTrafficking. \n\nIf you are in the United States and believe someone may be a victim of human trafficking, report your suspicions to law enforcement by calling 911 or the 24-hour National Human Trafficking Resource Center line at 1-888-373-7888.", "cleaned_message": ["fact", "today", "ad", "way", "help", "chang", "live", "affect", "unit", "state", "believ", "someon", "may", "victim", "human", "traffick", "report", "suspicion", "law", "enforc", "call", "-hour", "nation", "human", "traffick", "resourc", "center", "line", "-", "-", "-"], "emojis": null, "mentions": null, "names": null, "message_tags": ["humantrafficking"], "attachments": [{"media_type": "photo", "media_url": "https://www.facebook.com/helperase/photos/a.1029649477086727/1340631659321839/?type=3", "media_description": "Timeline Photos", "thumbnail_url": null}], "urls": null}