{"url": "https://www.facebook.com/helperase/photos/a.1029649477086727/2817577738293883/?type=3", "created_time": "2019-12-22T15:04:01+0000", "message": "When asked about why she was scared for her life, the victim told police Johnson attacked her because he thought she kept $200 from him. https://buff.ly/2ZcL5a1", "cleaned_message": ["ask", "scare", "life", "victim", "told", "polic", "johnson", "attack", "thought", "kept"], "emojis": null, "mentions": null, "names": ["Johnson"], "message_tags": [], "attachments": [{"media_type": "photo", "media_url": "https://www.facebook.com/helperase/photos/a.1029649477086727/2817577738293883/?type=3", "media_description": "Timeline Photos", "thumbnail_url": null}], "urls": ["https://buff.ly/2ZcL5a1"]}