{"url": "https://www.facebook.com/helperase/photos/a.1029649477086727/2067653289953002/?type=3", "created_time": "2018-10-19T14:04:01+0000", "message": "\u201cLeague of Women Voters spoke in favor of the three bills addressing human trafficking\u201d https://buff.ly/2AhYums", "cleaned_message": ["leagu", "women", "voter", "spoke", "favor", "three", "bill", "address", "human", "traffick"], "emojis": null, "mentions": null, "names": null, "message_tags": [], "attachments": [{"media_type": "photo", "media_url": "https://www.facebook.com/helperase/photos/a.1029649477086727/2067653289953002/?type=3", "media_description": "Timeline Photos", "thumbnail_url": null}], "urls": ["https://buff.ly/2AhYums"]}