{"url": "https://www.facebook.com/helperase/photos/a.1029649477086727/1955936847791314/?type=3", "created_time": "2018-07-30T19:10:56+0000", "message": "#Repost @rescueher\n\u30fb\u30fb\u30fb\nToday is #worlddayagainsttrafficking and we wanted to share all the ways you can partner with us and join the fight against human trafficking! \nVisit rescueher.org for trafficking signs and facts, to shop our store, fill out an application to volunteer with us, sponsor a survivor, and MORE! \ud83d\ude4c\ud83c\udffb\nShare this post on your page to let your friends and family know they can join the fight too! \u2764\ufe0f\n#worlddayagainsttraffickinginpersons #togetherforfreedom #fortheONE #humantraffickingawareness", "cleaned_message": ["today", "want", "share", "way", "partner", "us", "join", "fight", "human", "traffick", "visit", "rescueh", "org", "traffick", "sign", "fact", "shop", "store", "fill", "applic", "volunt", "us", "sponsor", "survivor", "share", "post", "page", "let", "friend", "famili", "know", "join", "fight"], "emojis": ["\ud83d\ude4c", "\ud83c\udffb", "\u2764"], "mentions": ["rescueher"], "names": null, "message_tags": ["repost", "WorldDayAgainstTrafficking", "WorldDayAgainstTraffickinginPersons", "togetherforfreedom", "fortheone", "humantraffickingawareness"], "attachments": [{"media_type": "photo", "media_url": "https://www.facebook.com/helperase/photos/a.1029649477086727/1955936847791314/?type=3", "media_description": "Timeline Photos", "thumbnail_url": null}], "urls": null}