{"url": "https://www.facebook.com/1003344626383879/posts/1750419018343099/", "created_time": "2018-02-06T21:04:03+0000", "message": "Beauty for Freedom, or BFF, was founded in 2014 by Monica Watkins and Jerry Chu, and is a nonprofit comprising of people from the fashion, beauty, art, and entertainment industries who\u2019ve come together to pool knowledge and resources in the fight against human trafficking", "cleaned_message": ["beauti", "freedom", "bff", "found", "monica", "watkin", "jerri", "chu", "nonprofit", "compris", "peopl", "fashion", "beauti", "art", "entertain", "industri", "come", "togeth", "pool", "knowledg", "resourc", "fight", "human", "traffick"], "emojis": null, "mentions": null, "names": ["Monica Watkins", "Jerry Chu"], "message_tags": null, "attachments": [{"media_type": "share", "media_url": "http://l.facebook.com/l.php?u=http%3A%2F%2Fj.mp%2F2FABr5Z&h=AT3RBAqz1Ebrghc09ZvL-XrR3nz_qdm0XhVCXbWwbhrouEPFfb2qshu8w9YnfCSuwRxgDDxhhe38EZ82Cy6YQWE2OVK6xruAfeXSp9Jvhg5HXM6GCInku9Pa5HBh16l5&s=1", "media_description": "Artists Gather in the Fight Against Labor Trafficking", "thumbnail_url": null}], "urls": null}