{"url": "https://www.facebook.com/1003344626383879/posts/1744926442225690/", "created_time": "2018-02-01T15:14:04+0000", "message": "\"I'm proud of the work we do to protect and serve the victims of this heinous crime. By using our resources and working together, we're able to approach this issue from many perspectives,\" said Attorney General Mike DeWine.", "cleaned_message": ["proud", "work", "protect", "serv", "victim", "heinou", "crime", "use", "resourc", "work", "togeth", "abl", "approach", "issu", "mani", "perspect", "said", "attorney", "gener", "mike", "dewin"], "emojis": null, "mentions": null, "names": ["Mike DeWine"], "message_tags": null, "attachments": [{"media_type": "share", "media_url": "http://l.facebook.com/l.php?u=http%3A%2F%2Fj.mp%2F2BExeMl&h=AT34SAd4bKlSHi7Ilu_YAe4G86yUy04VWmeUYcEZ2p0c_xwZX1IrxV-JVEeMHcI-2LpgraKuDJgiImMW3ws9lahM6KGKjXviL4aA4aAsH47r55bOAEFOqeh1KCxsJyYb&s=1", "media_description": "208 Suspected Human Trafficking Victims In Ohio In 2017", "thumbnail_url": null}], "urls": null}