{"url": "https://www.facebook.com/1003344626383879/posts/1701281039923564/", "created_time": "2017-12-20T21:04:05+0000", "message": "KC nonprofit that helps female survivors of sex trafficking plans to expand with new home for children. According to a recent study completed by a now UMKC professor, there are nearly 3,500 adult victims in the greater Kansas City area.", "cleaned_message": ["kc", "nonprofit", "help", "femal", "survivor", "sex", "traffick", "plan", "expand", "new", "home", "children", "accord", "recent", "studi", "complet", "umkc", "professor", "nearli", "adult", "victim", "greater", "kansa", "citi", "area"], "emojis": null, "mentions": null, "names": null, "message_tags": null, "attachments": [{"media_type": "share", "media_url": "http://l.facebook.com/l.php?u=http%3A%2F%2Fj.mp%2F2D982j5&h=AT2YRsUzp6ZNAp0wfHae2jEM-jvf683L6PNoOL0MhmW9cqUD_0GyI0rAY8sHYN2FeW2TH40r_L9uL4tMteM3XcvrSGZDFGKYEDzUQpsvhKTKkwkC8fwB6uou65BtRhUt&s=1", "media_description": "KC nonprofit that helps female survivors of sex trafficking plans to expand with new home for children", "thumbnail_url": null}], "urls": null}