{"url": "https://www.facebook.com/1003344626383879/posts/1692021334182868/", "created_time": "2017-12-11T21:04:06+0000", "message": null, "cleaned_message": null, "emojis": null, "mentions": null, "names": null, "message_tags": null, "attachments": [{"media_type": "share", "media_url": "http://l.facebook.com/l.php?u=http%3A%2F%2Fj.mp%2F2nMK1uy&h=AT1FLhtmhL8tqFPLT7xIMqM9iPamVNp-kDQFpUnok7AnhLGcSwJ0t2w6kj4pdsTjikoTP1U_iw2cyT3Ye28PYpV_Fqfjdw8nE8e9oTr29LR_qgKxv2mnmi_G4VYo-iNy&s=1", "media_description": "Business Travel and Human Trafficking \u2014 Raising Awareness and Making a Difference", "thumbnail_url": null}]}