{"url": "https://www.facebook.com/1003344626383879/posts/1687410294643972/", "created_time": "2017-12-07T21:04:00+0000", "message": "Dressing up for change: Dressember to bring attention to human trafficking.\nDressember\u2019s webpage has a quote that reads, \u201cCan a dress change the world?\u201d", "cleaned_message": ["dress", "chang", "dressemb", "bring", "attent", "human", "traffick", "dressemb", "webpag", "quot", "read", "dress", "chang", "world"], "emojis": null, "mentions": null, "names": null, "message_tags": null, "attachments": [{"media_type": "share", "media_url": "http://l.facebook.com/l.php?u=http%3A%2F%2Fj.mp%2F2iO05u4&h=AT2Drvt-V7T5n1eQaY-Sig8dIpwcJClpx6C0Bl8iUQ0SJEoIFkuv7doVMt0TYqcDspNOBbTl59knEDIGjaKUfJ34rfzCmDDfwAGktdXk6tL4I_nflUJh7ot0S25jq0CI&s=1", "media_description": "Dressing up for change: Dressember to bring attention to human trafficking", "thumbnail_url": null}], "urls": null}