{"url": "https://www.facebook.com/1003344626383879/posts/1611344515583884/", "created_time": "2017-09-22T20:04:04+0000", "message": "Mayo Clinic Health System is teaching a special social media safety course to help parents protect their children from online bullying and practice safe, healthy online behavior.", "cleaned_message": ["mayo", "clinic", "health", "system", "teach", "special", "social", "media", "safeti", "cours", "help", "parent", "protect", "children", "onlin", "bulli", "practic", "safe", "healthi", "onlin", "behavior"], "emojis": null, "mentions": null, "names": null, "message_tags": null, "attachments": [{"media_type": "share", "media_url": "http://l.facebook.com/l.php?u=http%3A%2F%2Fj.mp%2F2jMCeLe&h=AT2qHSA49w7YivlA1T94PJ3pWPYIf1PzSz5AeXdeT3fSpchnTmOF-XGJ1TjSaugggM05XKhWpQvkYGeKlaKGFBYZjNK_rSLHBRg0abSzQhTWPWfq1W7AR1-5wVQBDS2E&s=1", "media_description": "Mayo Clinic offers tips on social media safety", "thumbnail_url": null}], "urls": null}