{"url": "https://www.facebook.com/1003344626383879/posts/1569524473099222/", "created_time": "2017-08-06T23:04:00+0000", "message": "\u201cA lot of people don\u2019t realize how predominate this issue is, and a lot of people think it's taboo and don\u2019t want to talk about it\u201d", "cleaned_message": ["lot", "peopl", "realiz", "predomin", "issu", "lot", "peopl", "think", "taboo", "want", "talk"], "emojis": null, "mentions": null, "names": null, "message_tags": null, "attachments": [{"media_type": "share", "media_url": "https://l.facebook.com/l.php?u=https%3A%2F%2Fbuff.ly%2F2wfkjPc&h=AT29--Wpyjera89XAg1o5QxKAYOSI7Y75t_PWZ4IKkEQkrDcutqdpxPS9ymKtAtXUVzMTSpBZlOeuY7vOwvCnCYpSg2RmX6rztKPozmIBfqKPg47wd9B5h1cyBUvwfCm&s=1", "media_description": "Rally for local kids raises awareness of human trafficking", "thumbnail_url": null}], "urls": null}