{"url": "https://www.facebook.com/1003344626383879/posts/1556646251053711/", "created_time": "2017-07-24T23:04:05+0000", "message": "In Rapid City, SD several groups come together to bring awareness to their area.", "cleaned_message": ["rapid", "citi", "sd", "sever", "group", "come", "togeth", "bring", "awar", "area"], "emojis": null, "mentions": null, "names": null, "message_tags": null, "attachments": [{"media_type": "share", "media_url": "http://l.facebook.com/l.php?u=http%3A%2F%2Fbuff.ly%2F2tCiNcf&h=AT2F76ltCJUoW8xvMYXZ9uSgbjMUbYfiqb4q46EyKdd36WrITYF0SgWxtB1FCk8pDEpCFjuJbCn8lJ8IYdz-DB36SPpJwOVjQlhVARXFPy_zf5yutKNJZTNXm2YGNnV6&s=1", "media_description": "Groups team up to fight human trafficking in the Hills", "thumbnail_url": null}], "urls": null}