{"url": "https://www.facebook.com/1003344626383879/posts/1556179737767029/", "created_time": "2017-07-24T13:14:01+0000", "message": "All around the globe this week Governments & Anti-Human Trafficking Organizations are raising awareness. #IGiveHope", "cleaned_message": ["around", "globe", "week", "govern", "anti-human", "traffick", "organ", "rais", "awar"], "emojis": null, "mentions": null, "names": null, "message_tags": ["igivehope"], "attachments": [{"media_type": "share", "media_url": "http://l.facebook.com/l.php?u=http%3A%2F%2Fbuff.ly%2F2uqQTx5&h=AT3xrbS-vRs0dA8xQtOTSq539RcE4Hr9a0eI326PntDRyMvPnTVw8mAcE4bjtPXb3vnnXjXGGE6WhScp_flD64UmHMEoZLEZqlXR2ndaD6KzEKdGBkdvFm9L2gfmdyMD&s=1", "media_description": "Emphasis On Trafficking In Persons July 23 To 30 - Jamaica Information Service", "thumbnail_url": null}], "urls": null}