{"url": "https://www.facebook.com/1003344626383879/posts/2211326342252362/", "created_time": "2019-01-26T21:10:03+0000", "message": "Atlanta consistently ranks among the top U.S. cities for human trafficking, according to the FBI, and with the Super Bowl being held here next month, businesses and law enforcement agencies are on high alert, according to Cindee Sapoznik, who helps organize the discussions each year in Cobb.", "cleaned_message": ["atlanta", "consist", "rank", "among", "top", "u", "citi", "human", "traffick", "accord", "fbi", "super", "bowl", "held", "next", "month", "busi", "law", "enforc", "agenc", "high", "alert", "accord", "cinde", "sapoznik", "help", "organ", "discuss", "year", "cobb"], "emojis": null, "mentions": null, "names": null, "message_tags": null, "attachments": [{"media_type": "share", "media_url": "https://l.facebook.com/l.php?u=https%3A%2F%2Fbuff.ly%2F2RHNAR1&h=AT3hFaxo3ClGjKlV2hR69QmBojPBm25EAvHJT_pXTc3bChDJxkNsHYraPr18qKDArHX1HJBO6qY7XbFHB3oxYVc12ynujqU2HIrTCVXsy32QQ4IZPfWXqC0NYH1J0A4u&s=1", "media_description": "\u2018Hidden Dangers\u2019 panel at East Cobb Middle warns students, parents about human trafficking", "thumbnail_url": null}], "urls": null}