{"url": "https://www.facebook.com/1003344626383879/posts/1477299815655022/", "created_time": "2017-05-17T00:07:00+0000", "message": null, "cleaned_message": null, "emojis": null, "mentions": null, "names": null, "message_tags": null, "attachments": [{"media_type": "share", "media_url": "http://l.facebook.com/l.php?u=http%3A%2F%2Fbuff.ly%2F2qseBqU&h=AT1slaqLYONJOom_Lc7JCw1dikTl6WqnUbT2Npj5euqNTRennzL_DI6D5PKhoqj_pvSIyLB1UGjBv8JZ55oz4BuhAiHT3WPI8UdO9GFMk-ol4aLL-F9rQ9qv09j1vmW3&s=1", "media_description": "State Takes Aim at Human Trafficking", "thumbnail_url": null}]}