{"url": "https://www.facebook.com/1003344626383879/posts/2183589235026073/", "created_time": "2019-01-07T21:10:02+0000", "message": "\"Hot Spots for Sex Trafficking are Houston and Dallas and Tyler sits right in the middle. She says more than 300 thousand cases of Labor and Sex Trafficking have been identified in Texas.\"", "cleaned_message": ["hot", "spot", "sex", "traffick", "houston", "dalla", "tyler", "sit", "right", "middl", "say", "thousand", "case", "labor", "sex", "traffick", "identifi", "texa"], "emojis": null, "mentions": null, "names": null, "message_tags": null, "attachments": [{"media_type": "share", "media_url": "https://l.facebook.com/l.php?u=https%3A%2F%2Fbuff.ly%2F2CRZheS&h=AT15opvHmhKYr0PDmHFkV8vTJGHMJDfj0QXivSZEgv_0RuDHa9wXwk6UI2D7kyRr2Slrz-9GqERiXtTl-TZ5NQPs--tNeLy4Hnn1HxvUduOJCjsxAQ8c-wYVxdGuyPMM&s=1", "media_description": "New Law, Efforts to Combat Sex Trafficking", "thumbnail_url": null}], "urls": null}