{"url": "https://www.facebook.com/helperase/photos/a.1029649477086727/1428074753910862/?type=3", "created_time": "2017-04-05T00:31:41+0000", "message": "Stay Informed And Help #Erase Keep More #Children Safe \ud83d\udc9c\ud83e\udd84\ud83d\udc9e\nClick and learn what happens when cases goes unreported.  Follow us for more updates \ud83d\ude42\ud83d\udc81\nhttps://www.theatlantic.com/politics/archive/2016/02/how-sex-trafficking-goes-unnoticed-in-america/470166/", "cleaned_message": ["stay", "inform", "help", "keep", "safe", "click", "learn", "happen", "case", "goe", "unreport", "follow", "us", "updat"], "emojis": ["\ud83d\udc9c", "\ud83d\udc9e", "\ud83d\ude42", "\ud83d\udc81"], "mentions": null, "names": ["Safe     Click"], "message_tags": ["erase", "children"], "attachments": [{"media_type": "photo", "media_url": "https://www.facebook.com/helperase/photos/a.1029649477086727/1428074753910862/?type=3", "media_description": "Timeline Photos", "thumbnail_url": null}], "urls": ["https://www.theatlantic.com/politics/archive/2016/02/how-sex-trafficking-goes-unnoticed-in-america/470166/"]}