{"url": "https://www.facebook.com/1003344626383879/posts/3816007921784188/", "created_time": "2021-01-12T22:24:02+0000", "message": "Open Door in San Bernardino, California discussed human trafficking with Det. Hernandez from SBPD, previously with the San Bernardino County Human Trafficking Task Force. \n#makingadifference", "cleaned_message": ["open", "door", "san", "bernardino", "california", "discuss", "human", "traffick", "det", "hernandez", "sbpd", "previous", "san", "bernardino", "counti", "human", "traffick", "task", "forc"], "emojis": null, "mentions": null, "names": ["Det"], "message_tags": ["makingadifference"], "attachments": [{"media_type": "video_inline", "media_url": "https://www.facebook.com/opendoor/videos/465957524423583/", "media_description": "Interview with San Bernardino Police Department", "thumbnail_url": null}], "urls": null}