{"url": "https://www.facebook.com/1003344626383879/posts/3164698443581809/", "created_time": "2020-05-25T17:40:43+0000", "message": "\"A day of thanks for the valor of others, a day to remember the splendor of America and those of her children who rest in this cemetery and others.\" - Ronald Reagan on memorial Day, 1986", "cleaned_message": ["day", "thank", "valor", "day", "rememb", "splendor", "america", "children", "rest", "cemeteri", "-", "ronald", "reagan", "memori", "day"], "emojis": null, "mentions": null, "names": null, "message_tags": null, "attachments": [{"media_type": "video_inline", "media_url": "https://www.facebook.com/sbcountyda/videos/548093316097646/", "media_description": "Take A Moment To Reflect On Our Fallen", "thumbnail_url": null}], "urls": null}