{"url": "https://www.facebook.com/1003344626383879/posts/1929444897107176/", "created_time": "2018-07-14T15:02:18+0000", "message": "You can support us when you shop Prime Day Deals, and even with your regular Amazon shopping year round. #StartWithaSmile at buff.ly/2NRhPj8 and Amazon automatically donates to ERASE Child Trafficking.", "cleaned_message": ["support", "us", "shop", "prime", "day", "deal", "even", "regular", "amazon", "shop", "year", "round", "buff", "ly", "nrhpj", "amazon", "automat", "donat", "eras", "child", "traffick"], "emojis": null, "mentions": null, "names": null, "message_tags": ["StartWithaSmile"], "attachments": [{"media_type": "share", "media_url": "http://l.facebook.com/l.php?u=http%3A%2F%2Fbuff.ly%2F2NRhPj8&h=AT1OX1HXW9N83At9kgwUqJKgao57K7woSYi8BQJv13kYf9P1kBLYW-gcbIbE1FUmH6XqVvElkpp1b2cmuHR3T1co80vwOs8y8MZIqMJ0IQLSc5y6Q3LaXaaqKz8_P2Ak&s=1", "media_description": "Support Erase Child Trafficking by shopping at AmazonSmile.", "thumbnail_url": null}], "urls": null}