{"url": "https://www.facebook.com/1003344626383879/posts/1896688753716124/", "created_time": "2018-06-23T20:04:05+0000", "message": "\"Ohio ranks fourth in the country for reports of human trafficking cases, there are just six beds available in Cleveland for rescued victims of modern-day slavery\" Hue Jackson Foundation is working to help human trafficking survivors.", "cleaned_message": ["ohio", "rank", "fourth", "countri", "report", "human", "traffick", "case", "six", "bed", "avail", "cleveland", "rescu", "victim", "modern-day", "slaveri", "hue", "jackson", "foundat", "work", "help", "human", "traffick", "survivor"], "emojis": null, "mentions": null, "names": null, "message_tags": ["Hue Jackson Foundation"], "attachments": [{"media_type": "share", "media_url": "https://l.facebook.com/l.php?u=https%3A%2F%2Fbuff.ly%2F2ttrXFi&h=AT0nBKxt7nU87vLmCi5y92pTJM7vkP9i00BWOOgkibb5Lr4SYUngxqzgEC3Proo-nqTb8j9b_ODefERcLYrMlLiht4fuLm-uvyGXsZh6AAKM2HDCIBGvCO3ktU6rW6OD&s=1", "media_description": "Hue Jackson wants to make the world a safer place for human trafficking victims\u2014starting with CLE", "thumbnail_url": null}], "urls": null}