{"url": "https://www.facebook.com/helperase/videos/329310031351449/", "created_time": "2019-07-12T01:01:12+0000", "message": "***Update*** FoundSafe!\nURGENT!!!  We need your help!\n#missingchildren #prayforemma #prayforanna", "cleaned_message": ["updat", "foundsaf", "urgent", "need", "help"], "emojis": null, "mentions": null, "names": null, "message_tags": ["missingchildren", "prayforemma", "prayforanna"], "attachments": [{"media_type": "video_direct_response", "media_url": "https://www.facebook.com/helperase/videos/329310031351449/", "media_description": null, "thumbnail_url": null}], "urls": null}