{"url": "https://www.facebook.com/1003344626383879/posts/1827301857321481/", "created_time": "2018-04-20T20:04:02+0000", "message": "Unfortunately, there has been too little effort to find consensus within the anti-trafficking field on effective ways to prevent trafficking, help survivors safely escape their situation, or address the many complex needs of survivors after they escape.", "cleaned_message": ["unfortun", "littl", "effort", "find", "consensu", "within", "anti-traffick", "field", "effect", "way", "prevent", "traffick", "help", "survivor", "safe", "escap", "situat", "address", "mani", "complex", "need", "survivor", "escap"], "emojis": null, "mentions": null, "names": null, "message_tags": null, "attachments": [{"media_type": "share", "media_url": "https://l.facebook.com/l.php?u=https%3A%2F%2Fbuff.ly%2F2qKplCq&h=AT084Jh6zn9-koh-VvHlUAWwopij3tv9VaKAJa2IEMpkwRWf4q_NyFoMkWyMqls44n-zY0LDf2leJIrrCAJgw6ognEG-x4B0J_hAACawVyT7FXtecyX5OnCRMXj1pnio&s=1", "media_description": "Why the anti-trafficking field needs a shared framework", "thumbnail_url": null}], "urls": null}