{"url": "https://www.facebook.com/1003344626383879/posts/1812218662163134/", "created_time": "2018-04-05T20:04:08+0000", "message": "Legislation that passed the General Assembly this year would require information about the human trafficking hotline to be posted in certain places where victims might be. \n\nThe bill still needs to be signed into law by the governor.", "cleaned_message": ["legisl", "pass", "gener", "assembl", "year", "would", "requir", "inform", "human", "traffick", "hotlin", "post", "certain", "place", "victim", "might", "bill", "still", "need", "sign", "law", "governor"], "emojis": null, "mentions": null, "names": null, "message_tags": null, "attachments": [{"media_type": "share", "media_url": "https://l.facebook.com/l.php?u=https%3A%2F%2Fbuff.ly%2F2JnYHGY&h=AT1jf384r4cBIKARg7g2EQuyIC40CJgOtC_UsjF40hbSzTxrByq_pkaiCAbWM4Qpq3A20I-giIhKWRm-r-hZfiy-RwNJrOpICix7gphFPE8jqyv1BtTKv37BlW-h9E8N&s=1", "media_description": "Va. bill would help bring human trafficking to light via hotline", "thumbnail_url": null}], "urls": null}