{"url": "https://www.facebook.com/helperase/photos/a.1029649477086727/1718630858188582/?type=3", "created_time": "2018-01-06T17:01:15+0000", "message": "In all professions when working with Human Trafficking Victims we need to remember their needs are what matters not ours. \u201cIn a victim-centered approach, the victim's wishes, safety, and well-being take priority in all matters and procedures.\u201d-Office For Victims Of Crime\nNational Slavery and Human Trafficking Prevention Month #HumanTraffickingAwareness", "cleaned_message": ["profess", "work", "human", "traffick", "victim", "need", "rememb", "need", "matter", "victim-cent", "approach", "victim", "wish", "safeti", "well-b", "take", "prioriti", "matter", "procedur", "-offic", "victim", "crime", "nation", "slaveri", "human", "traffick", "prevent", "month"], "emojis": null, "mentions": null, "names": null, "message_tags": ["humantraffickingawareness"], "attachments": [{"media_type": "photo", "media_url": "https://www.facebook.com/helperase/photos/a.1029649477086727/1718630858188582/?type=3", "media_description": "Timeline Photos", "thumbnail_url": null}], "urls": null}