{"url": "https://www.facebook.com/1003344626383879/posts/1717363094982025/", "created_time": "2018-01-05T15:14:01+0000", "message": "\u201cIf a guest pays in cash or requests a room with access to an exit, that\u2019s a red flag,\u201d", "cleaned_message": ["guest", "pay", "cash", "request", "room", "access", "exit", "red", "flag"], "emojis": null, "mentions": null, "names": null, "message_tags": null, "attachments": [{"media_type": "share", "media_url": "http://l.facebook.com/l.php?u=http%3A%2F%2Fj.mp%2F2DRrWP1&h=AT02vPXT922LQpqgRmKxxdpmruZ9Hdz36XRxdISG2rU1rqHtm4STexyw-mm7AROLrJCIqX3WUKqWk02eNnt1cnNQni5DbKfOJN9jtVAMj7CEZk1UBjOMOWxkdU89rUw_&s=1", "media_description": "Hotels Are Key In The Fight To End Human Trafficking", "thumbnail_url": null}], "urls": null}