{"url": "https://www.facebook.com/1003344626383879/posts/1708133685904966/", "created_time": "2017-12-27T16:31:23+0000", "message": "What is Human Trafficking?...Involves the use of force, fraud, or coercion to obtain some type of labor or commercial sex act.\nVictims of human trafficking can be any age, gender, race, or immigration status; they live in cities, suburbs, and rural areas within the U.S.\nIt's a billion-dollar industry, second only to drug trafficking as the most profitable form of transnational crime.\n#Preventable #Crime #HelpERASE", "cleaned_message": ["human", "traffick", "involv", "use", "forc", "fraud", "coercion", "obtain", "type", "labor", "commerci", "sex", "act", "victim", "human", "traffick", "age", "gender", "race", "immigr", "statu", "live", "citi", "suburb", "rural", "area", "within", "u", "billion-dollar", "industri", "second", "drug", "traffick", "profit", "form", "transnat", "crime"], "emojis": null, "mentions": null, "names": null, "message_tags": ["preventable", "crime", "helpERASE"], "attachments": [{"media_type": "photo", "media_url": "https://www.facebook.com/helperase/photos/a.1029649477086727/1708132842571717/?type=3", "media_description": null, "thumbnail_url": null}], "urls": null}