{"url": "https://www.facebook.com/1003344626383879/posts/1652079801510355/", "created_time": "2017-11-03T20:04:01+0000", "message": "One of the main reasons I wrote \"Social Media Wellness\" was that I realized we were having the wrong conversations with teens around social media and technology use. Social media isn't good or bad, but is simply a new language that we need to understand.", "cleaned_message": ["one", "main", "reason", "wrote", "social", "media", "well", "realiz", "wrong", "convers", "teen", "around", "social", "media", "technolog", "use", "social", "media", "good", "bad", "simpli", "new", "languag", "need", "understand"], "emojis": null, "mentions": null, "names": null, "message_tags": null, "attachments": [{"media_type": "share", "media_url": "http://l.facebook.com/l.php?u=http%3A%2F%2Fj.mp%2F2h2PKJZ&h=AT1ymtqcFhkRyfum-kiFXkt8M7weFo-OQcILM0aM-zd7USvZmbNC5ISBpJFrthBSEVGf8KUah0AfmDq0eSiEpYDM2_mQAR_7jRh4D9WpfUd_QOobc1AYIJ6l06ymAZEG&s=1", "media_description": "Socialization, self-regulation, safety: Tips to steer tweens, teens toward positive benefits of social media :: WRAL.com", "thumbnail_url": null}], "urls": null}