{"url": "https://www.facebook.com/1003344626383879/posts/1627600630624939/", "created_time": "2017-10-10T14:14:00+0000", "message": "\"People were in denial you know how could a safe community that supports its children have something like this going on?\" said Soroptimist member Laura Powell. \"It's truly stunning, in a very bad way but in fact it does exist.\"", "cleaned_message": ["peopl", "denial", "know", "could", "safe", "commun", "support", "children", "someth", "like", "go", "said", "soroptimist", "member", "laura", "powel", "truli", "stun", "bad", "way", "fact", "exist"], "emojis": null, "mentions": null, "names": ["Laura Powell"], "message_tags": null, "attachments": [{"media_type": "share", "media_url": "http://l.facebook.com/l.php?u=http%3A%2F%2Fj.mp%2F2wC70YY&h=AT1bnH8xdU42fS99rH6QxS7le03yLw_gZL_UetnXEshjY7ObTXT2VFeQ_zIkp99HK8f9pwGxfkE_WCT329GZwAULxtZDNaaAWTXKf7Jj1Sx0vlCSAeYe9x67zI3lKEaA&s=1", "media_description": "Local organizations host event to bring human trafficking awareness", "thumbnail_url": null}], "urls": null}