{"url": "https://www.facebook.com/1003344626383879/posts/1621894111195591/", "created_time": "2017-10-04T14:14:01+0000", "message": "\u201cIt\u2019s crucial to get folks the knowledge that there is help out there \u2014 there is a light at the end of the tunnel.\u201d", "cleaned_message": ["crucial", "get", "folk", "knowledg", "help", "light", "end", "tunnel"], "emojis": null, "mentions": null, "names": null, "message_tags": null, "attachments": [{"media_type": "share", "media_url": "http://l.facebook.com/l.php?u=http%3A%2F%2Fj.mp%2F2xIyxvE&h=AT3jIaXphVKobqUfjTaOSFpEz0nzgn6JAdz8V68Bb8UgV9JUk4tQ6n1UwLMnVhdOFzgB9jWHoKenZzhzSJvIwMgzMEoG6rbVVn3ZP5AVP3uVb9aG5fdn5hidPPkNzBNG&s=1", "media_description": "More trafficking victims turn to hotline with pleas for help", "thumbnail_url": null}], "urls": null}