{"url": "https://www.facebook.com/1003344626383879/posts/1621262784592057/", "created_time": "2017-10-03T20:04:01+0000", "message": "Hawley announced, \u201cI look forward to partnering with Missouri\u2019s business leaders to end the scourge of modern-day slavery.\u201d", "cleaned_message": ["hawley", "announc", "look", "forward", "partner", "missouri", "busi", "leader", "end", "scourg", "modern-day", "slaveri"], "emojis": null, "mentions": null, "names": null, "message_tags": null, "attachments": [{"media_type": "share", "media_url": "http://l.facebook.com/l.php?u=http%3A%2F%2Fj.mp%2F2xAFMWl&h=AT3T0um-oLniBpipWjgGM801g-RavHKjIilPasUyq05TolkGdzepIMMUMo-q2U0rxNJ_tkdz0HZ3-OTFT_n7ouiqNmecSgDSoEaZtMYGNjo_7kttJRqJn0n_6hEbx2d-&s=1", "media_description": "Missouri AG announces statewide council to combat human trafficking", "thumbnail_url": null}], "urls": null}