{"url": "https://www.facebook.com/1003344626383879/posts/1588788454506157/", "created_time": "2017-08-27T23:04:00+0000", "message": "Traffickers often seek out and abuse fellow Americans and others around the world who are struggling to get by, trying to get away from violent conditions at home and looking for help. We must do all that we can to stop this exploitation and ensure victims have access to the help they need.", "cleaned_message": ["traffick", "often", "seek", "abus", "fellow", "american", "around", "world", "struggl", "get", "tri", "get", "away", "violent", "condit", "home", "look", "help", "must", "stop", "exploit", "ensur", "victim", "access", "help", "need"], "emojis": null, "mentions": null, "names": null, "message_tags": null, "attachments": [{"media_type": "share", "media_url": "http://l.facebook.com/l.php?u=http%3A%2F%2Fj.mp%2F2xzykXZ&h=AT1EhvuW3lARGBbD3UNaC6OgTT-Y97in3PFhq0e1EK95ZxOreTmpaI8MuITLxmucDuQZBqgtjDNLzyi1Rj_twYlFSTQhKwcmHOt3_MMnvKgDZIApBNKQZssrMedLWqA0&s=1", "media_description": "Combating human trafficking", "thumbnail_url": null}], "urls": null}