{"url": "https://www.facebook.com/1003344626383879/posts/1586219181429751/", "created_time": "2017-08-24T23:04:00+0000", "message": "Brian Ulicny, a resident who runs a data science lab, became involved with the organization after working on a project to help companies identify suppliers involved with forced labor. He attended a hackathon in New York to learn how online data could be used to combat sex trafficking, and after meeting a team from Cambridge, decided to hold a similar hack-athon in Boston, designed to use data to help law enforcement reduce demand for paid sex by arresting buyers rather than sellers.", "cleaned_message": ["brian", "ulicni", "resid", "run", "data", "scienc", "lab", "becam", "involv", "organ", "work", "project", "help", "compani", "identifi", "supplier", "involv", "forc", "labor", "attend", "hackathon", "new", "york", "learn", "onlin", "data", "could", "use", "combat", "sex", "traffick", "meet", "team", "cambridg", "decid", "hold", "similar", "hack-athon", "boston", "design", "use", "data", "help", "law", "enforc", "reduc", "demand", "paid", "sex", "arrest", "buyer", "rather", "seller"], "emojis": null, "mentions": null, "names": ["Brian Ulicny"], "message_tags": null, "attachments": [{"media_type": "share", "media_url": "http://l.facebook.com/l.php?u=http%3A%2F%2Fj.mp%2F2w1cXiS&h=AT0h1QN7m_X2zcFY64kf-elwSkw8FWt4cXjYJTv1eVELOUqXOwtoYD-J93NFc2Ics1niOVgzIIG4CBcOKiPIXaYGUVLVh5KdMxCpfxIQdxMzHbN2hHVSTzfl98XCqfhf&s=1", "media_description": "Meet the Winchester residents battling human trafficking", "thumbnail_url": null}], "urls": null}