{"url": "https://www.facebook.com/1003344626383879/posts/1579866055398397/", "created_time": "2017-08-17T21:11:05+0000", "message": "Today is National Nonprofit Day. We could not do all that we do with out the help of our amazing team, volunteers, and our community of supporters. Thank you!", "cleaned_message": ["today", "nation", "nonprofit", "day", "could", "help", "amaz", "team", "volunt", "commun", "support", "thank"], "emojis": null, "mentions": null, "names": null, "message_tags": null, "attachments": [{"media_type": "photo", "media_url": "https://www.facebook.com/helperase/photos/a.1029649477086727/1579865675398435/?type=3", "media_description": null, "thumbnail_url": null}], "urls": null}