{"url": "https://www.facebook.com/1003344626383879/posts/1572110956173907/", "created_time": "2017-08-09T14:40:03+0000", "message": "Police in Ottawa are looking for a suspected trafficker who preyed on vulnerable girls from a group home.", "cleaned_message": ["polic", "ottawa", "look", "suspect", "traffick", "prey", "vulner", "girl", "group", "home"], "emojis": null, "mentions": null, "names": null, "message_tags": null, "attachments": [{"media_type": "share", "media_url": "http://l.facebook.com/l.php?u=http%3A%2F%2Fwww.cbc.ca%2Fnews%2Fcanada%2Fottawa%2Fmarina-javier-wanted-human-trafficking-1.4239404&h=AT2GzMkJgotZimtZ0Txlm8urMATbz6Y_dsSEhT4NawkI3xzmRYBkf1co6Ug_gnqQFQMCBWprSoVouX7-8WlT7ck7ik3QWSSLJhl9Mz6HYz6otIaeZ5joZQRhbOqlXUId&s=1", "media_description": "Police issue arrest warrant for suspected human trafficker", "thumbnail_url": null}], "urls": null}