{"url": "https://www.facebook.com/1003344626383879/posts/2002895386428793/", "created_time": "2018-08-27T20:10:06+0000", "message": "\"We're just hoping to provide a lifeline to victims of human trafficking during their situations when they may not know that they're victims.\"", "cleaned_message": ["hope", "provid", "lifelin", "victim", "human", "traffick", "situat", "may", "know", "victim"], "emojis": null, "mentions": null, "names": null, "message_tags": null, "attachments": [{"media_type": "share", "media_url": "https://l.facebook.com/l.php?u=https%3A%2F%2Fbuff.ly%2F2whCNQR&h=AT3Ox72tETeC4PI7czR8dENFDHs8Y0cht94qjUFbjFKOLngPm5weFuXasLcLYJt9ut4toBD42ZPIx8J_TMwyPLUzmx_vsmVxu9Dd7_BqR8bokztjUNtubXVHweULoqpC&s=1", "media_description": "Local group aims to fight human trafficking in a unique way", "thumbnail_url": null}], "urls": null}