{"url": "https://www.facebook.com/1003344626383879/posts/1559009340817402/", "created_time": "2017-07-27T02:57:21+0000", "message": "Here are some great ideas from Paving the Way for spreading awareness on World Day Against Trafficking in Persons.\n#GiveFreedom #HelpERASE", "cleaned_message": ["great", "idea", "pave", "way", "spread", "awar", "world", "day", "traffick", "person"], "emojis": null, "mentions": null, "names": null, "message_tags": ["Paving the Way", "GiveFreedom", "helpERASE"], "attachments": [{"media_type": "share", "media_url": "http://l.facebook.com/l.php?u=http%3A%2F%2Fwww.un.org%2Fen%2Fevents%2Fhumantrafficking%2F&h=AT3jIy0dc0cH40wbmeTPubgPZl2H-UBE-NJ4naIN0lpq5PLCfRHWZg5SPsXYaPCIKjcVzGFpS-feyHueaKMmP3gp6tPSa0jASylH3NLinLTwj7HcoF6epXGf1MspSHw7&s=1", "media_description": "World Day against Trafficking in Persons 30 July", "thumbnail_url": null}], "urls": null}