{"url": "https://www.facebook.com/helperase/photos/a.1029649477086727/1905505796167753/?type=3", "created_time": "2018-06-29T14:14:00+0000", "message": "$350.00 is the approximate cost for one officer to attend ERASE's 3-day  Human Trafficking Investigations Law Enforcement Course. Our next class is coming up at San Bernardino County Sheriff's Department Training Center.  Currently, there is a waitlist for other law enforcement agencies who would like to host a class in their community. You can #helpERASE child trafficking by making a donation today and sharing this post with your friends. https://buff.ly/2KxUCmY", "cleaned_message": ["approxim", "cost", "one", "offic", "attend", "eras", "-day", "human", "traffick", "investig", "law", "enforc", "cours", "next", "class", "come", "san", "bernardino", "counti", "sheriff", "depart", "train", "center", "current", "waitlist", "law", "enforc", "agenc", "would", "like", "host", "class", "commun", "child", "traffick", "make", "donat", "today", "share", "post", "friend"], "emojis": null, "mentions": null, "names": null, "message_tags": ["helpERASE"], "attachments": [{"media_type": "photo", "media_url": "https://www.facebook.com/helperase/photos/a.1029649477086727/1905505796167753/?type=3", "media_description": "Timeline Photos", "thumbnail_url": null}], "urls": ["https://buff.ly/2KxUCmY"]}