{"url": "https://www.facebook.com/1003344626383879/posts/1511541485564188/", "created_time": "2017-06-16T11:14:01+0000", "message": null, "cleaned_message": null, "emojis": null, "mentions": null, "names": null, "message_tags": null, "attachments": [{"media_type": "share", "media_url": "http://l.facebook.com/l.php?u=http%3A%2F%2Fbuff.ly%2F2sZhLmW&h=AT3Px1KjUMR3e6jzOXfLZz6sHdpfjxej-PpR-bGOjwLtNTEIM7PC0tenwDr-R11A1TYK11xG7-l_hu8pq58WETX2i7kNODhAbz-We3esD8rkrlieZtCXjnVrtQBIG3ax&s=1", "media_description": "Operation Code Red: Putting and end to human trafficking", "thumbnail_url": null}]}