{"url": "https://www.facebook.com/1003344626383879/posts/1474821095902894/", "created_time": "2017-05-14T11:14:01+0000", "message": null, "cleaned_message": null, "emojis": null, "mentions": null, "names": null, "message_tags": null, "attachments": [{"media_type": "share", "media_url": "http://l.facebook.com/l.php?u=http%3A%2F%2Fbuff.ly%2F2qBodT8&h=AT1p4F-WUaYHccED1nk9LNW22UgRYL2LllF871WxonGdkW36fO_QToWpBZAXpoBVu2XcWgOz3J-kLmL6Fw-WQsQNTvBhT7raMcKCwAaB09po3sxkIoluYp_WRNSRFsBU&s=1", "media_description": "Conference addresses human trafficking", "thumbnail_url": null}]}