{"url": "https://www.facebook.com/helperase/videos/1447123932005944/", "created_time": "2017-04-20T00:01:50+0000", "message": "\"Does anybody hear her?\" Do children/teens know who to turn to if they need to talk?", "cleaned_message": ["anybodi", "hear", "children", "teen", "know", "turn", "need", "talk"], "emojis": null, "mentions": null, "names": null, "message_tags": null, "attachments": [{"media_type": "video_inline", "media_url": "https://www.facebook.com/helperase/videos/1447123932005944/", "media_description": "Does Anybody Hear Her?", "thumbnail_url": null}], "urls": null}