{"url": "https://www.facebook.com/helperase/videos/1412395838812087/", "created_time": "2017-03-22T01:00:31+0000", "message": "Johns - Prostitutes - Pimps - The truth behind the labels.", "cleaned_message": ["john", "-", "prostitut", "-", "pimp", "-", "truth", "behind", "label"], "emojis": null, "mentions": null, "names": null, "message_tags": null, "attachments": [{"media_type": "video_inline", "media_url": "https://www.facebook.com/helperase/videos/1412395838812087/", "media_description": "Johns - Prostitutes - Pimps - The truth behind the labels", "thumbnail_url": null}], "urls": null}