{"url": "https://www.facebook.com/helperase/photos/a.1029649477086727/2638164229568569/?type=3", "created_time": "2019-10-01T14:04:01+0000", "message": "Randolph County tourism group tackles human trafficking-\u201cWe're not going to be hospitable to traffickers. We're going to be inhospitable,\" O'Kelley said.\nhttps://buff.ly/2mDY5Xp #travel #tourism #notforsale", "cleaned_message": ["randolph", "counti", "tourism", "group", "tackl", "human", "trafficking-", "go", "hospit", "traffick", "go", "inhospit", "kelley", "said"], "emojis": null, "mentions": null, "names": ["Kelley"], "message_tags": ["travel", "tourism", "NotForSale"], "attachments": [{"media_type": "photo", "media_url": "https://www.facebook.com/helperase/photos/a.1029649477086727/2638164229568569/?type=3", "media_description": "Timeline Photos", "thumbnail_url": null}], "urls": ["https://buff.ly/2mDY5Xp"]}