{"url": "https://www.facebook.com/1003344626383879/posts/1978392022212463/", "created_time": "2018-08-13T00:56:20+0000", "message": "Running for a great cause!", "cleaned_message": ["run", "great", "caus"], "emojis": null, "mentions": null, "names": null, "message_tags": null, "attachments": [{"media_type": "photo", "media_url": "https://www.facebook.com/LoveRunsDetroit/photos/a.612087075640679/990445637804819/?type=3", "media_description": "Timeline Photos", "thumbnail_url": null}], "urls": null}