{"url": "https://www.facebook.com/1003344626383879/posts/2561915097193483/", "created_time": "2019-08-21T14:04:05+0000", "message": "Exploiting vulnerable children that were under their care is unacceptable! \nOwners of Joshua Home arrested, charged with trafficking boys in Burnet Co. TX.", "cleaned_message": ["exploit", "vulner", "children", "care", "unaccept", "owner", "joshua", "home", "arrest", "charg", "traffick", "boy", "burnet", "co", "tx"], "emojis": null, "mentions": null, "names": ["Joshua Home", "Burnet"], "message_tags": null, "attachments": [{"media_type": "share", "media_url": "https://l.facebook.com/l.php?u=https%3A%2F%2Fbuff.ly%2F2P5pWwQ&h=AT0CUwvDrCFhfL9fdnpjMCxkapQTK1gLX1laNKKYD-4wY73nsG9svAGSP8serUD8L_mGe37zhvA5hkSueS1fpgaUh3cZWYnDvjG3Aka4eMWqxyO_jXQfS3K5vNIstpFp&s=1", "media_description": "Owners of Joshua Home arrested, charged with trafficking boys in Burnet Co.", "thumbnail_url": null}], "urls": null}