{"url": "https://www.facebook.com/1003344626383879/posts/2402435619808099/", "created_time": "2019-05-24T20:10:02+0000", "message": "\u201cFederal prosecutors indicted five people accused of forcing 14 Mexican immigrants to work in farms in Wisconsin, where they \u201cwere victims of a severe form of human trafficking.\u201d", "cleaned_message": ["feder", "prosecutor", "indict", "five", "peopl", "accus", "forc", "mexican", "immigr", "work", "farm", "wisconsin", "victim", "sever", "form", "human", "traffick"], "emojis": null, "mentions": null, "names": null, "message_tags": null, "attachments": [{"media_type": "share", "media_url": "https://l.facebook.com/l.php?u=https%3A%2F%2Fbuff.ly%2F2woeFeR&h=AT27AR75NC1KAxy_RavAMBu9T2FHz9aL9_SN64knEYmtGjnC8G8Bf0ZJHH6dE-BANk-eNZGOBPKndCUVBAZI0_RHQHt3t1EoO0LTMpnt1D4rgSqMTK310Ys4pEY56RlW&s=1", "media_description": "\u2018Severe form of human trafficking:\u2019 5 indicted in Wisconsin accused of forced immigrant labor", "thumbnail_url": null}], "urls": null}