{"url": "https://www.facebook.com/1003344626383879/posts/1889929597725373/", "created_time": "2018-06-19T14:14:06+0000", "message": "There are many misconceptions about Sex Trafficking. Making up stories on social media only contributes to the problem. Visit helperase.org to learn more.\n\u201cPolice -\u201cthe complainant has since said there was no sex trafficking attempt and made up that part.\u201d\u201d https://buff.ly/2lfgvtc", "cleaned_message": ["mani", "misconcept", "sex", "traffick", "make", "stori", "social", "media", "contribut", "problem", "visit", "helperas", "org", "learn", "polic", "-", "complain", "sinc", "said", "sex", "traffick", "attempt", "made", "part"], "emojis": null, "mentions": null, "names": null, "message_tags": [], "attachments": [{"media_type": "album", "media_url": "https://www.facebook.com/1003344626383879/posts/1889929597725373/", "media_description": "Photos from ERASE Child Trafficking's post", "thumbnail_url": null}], "urls": ["https://buff.ly/2lfgvtc"]}