{"url": "https://www.facebook.com/1003344626383879/posts/1994976647220667/", "created_time": "2018-08-22T14:04:05+0000", "message": "\"Administration for Children's Services Commissioner David Hansell said that nearly 3,000 children and young adult trafficking survivors, under ACS supervision, are being offered the free service to erase the ink forced on them as a sign of ownership.\"", "cleaned_message": ["administr", "children", "servic", "commission", "david", "hansel", "said", "nearli", "children", "young", "adult", "traffick", "survivor", "ac", "supervis", "offer", "free", "servic", "eras", "ink", "forc", "sign", "ownership"], "emojis": null, "mentions": null, "names": ["David Hansell"], "message_tags": null, "attachments": [{"media_type": "share", "media_url": "https://l.facebook.com/l.php?u=https%3A%2F%2Fbuff.ly%2F2N8rFML&h=AT3h00yCKKEJwsijJ7rP-CcEFMAry-mUpafOno3VsMQ-_PnzmSIbav1CCTPw23UIVZ_pvq-4pocoN4fQ6s9Heo_7s-HmiMA2eZGHGTT3HDRWoPCewotM0LFnKE9R96S-&s=1", "media_description": "Tattoo removal program offers free service to young sex-trafficking survivors", "thumbnail_url": null}], "urls": null}