{"url": "https://www.facebook.com/helperase/photos/a.1029649477086727/1864723506912649/?type=3", "created_time": "2018-05-28T20:04:01+0000", "message": "\u201cIt\u2019s sending a message to the hotel and motel industry. Don\u2019t allow this to happen, and if you do, you\u2019re going to be exposed,\u201d\nhttps://buff.ly/2ITRrlt", "cleaned_message": ["send", "messag", "hotel", "motel", "industri", "allow", "happen", "go", "expos"], "emojis": null, "mentions": null, "names": ["Don"], "message_tags": [], "attachments": [{"media_type": "photo", "media_url": "https://www.facebook.com/helperase/photos/a.1029649477086727/1864723506912649/?type=3", "media_description": "Timeline Photos", "thumbnail_url": null}], "urls": ["https://buff.ly/2ITRrlt"]}