{"url": "https://www.facebook.com/1003344626383879/posts/1860396944011972/", "created_time": "2018-05-24T14:14:02+0000", "message": "Missing 15yo recovered by police.", "cleaned_message": ["miss", "yo", "recov", "polic"], "emojis": null, "mentions": null, "names": null, "message_tags": null, "attachments": [{"media_type": "share", "media_url": "https://l.facebook.com/l.php?u=https%3A%2F%2Fbuff.ly%2F2LpSD1D&h=AT0RCxNYTZQhrz6cly8iJKAsaeCQXhk0p5MJejjCBjPTbFY59L9rP3BkQ_MSlkLlevdnhhInKfpWPJggUfHJiFhkFL-IcjksL3muNM1NFuPrK4qO2206OmH8HN4fenrc&s=1", "media_description": "Two arrested after missing Hanford girl found", "thumbnail_url": null}], "urls": null}