{"url": "https://www.facebook.com/1003344626383879/posts/1750172288367772/", "created_time": "2018-02-06T15:14:15+0000", "message": "\u201cSex trafficking is actually very pervasive,\u201d Rep. Mary Kunesh-Podein, DFL-New Brighton, said. She co-authored the legislation. \u201cWe can\u2019t just stand idly by thinking that this isn\u2019t happening in our backyard.\u201d", "cleaned_message": ["sex", "traffick", "actual", "pervas", "rep", "mari", "kunesh-podein", "dfl-new", "brighton", "said", "co-author", "legisl", "stand", "idli", "think", "happen", "backyard"], "emojis": null, "mentions": null, "names": ["Mary Kunesh-Podein"], "message_tags": null, "attachments": [{"media_type": "share", "media_url": "http://l.facebook.com/l.php?u=http%3A%2F%2Fj.mp%2F2EaFGIc&h=AT1myj8egObMMmTXRfgsMh-BIEr_okQI1ev_58h9Q6fYNzJi07FGJjJFJPlB5obWtTVx75ggIqbCFDfjnDCZjDawXhnO-OfSw3Tk5c3ytGQ6NigaVpO1iN3mNCtFFIg6&s=1", "media_description": "MN tackles sex trafficking with education", "thumbnail_url": null}], "urls": null}