{"url": "https://www.facebook.com/1003344626383879/posts/1749499595101708/", "created_time": "2018-02-05T21:04:03+0000", "message": "Amid the human trafficking problem, SIAM fills an important role. The National Center for Missing and Exploited Children estimates that 20 percent of runaways reported are sex trafficking victims, according to its website, but \"law enforcement is responsible for so much, they are constantly over-extended and are not legally required to perform due diligence to find a 'runaway' child.\"", "cleaned_message": ["amid", "human", "traffick", "problem", "siam", "fill", "import", "role", "nation", "center", "miss", "exploit", "children", "estim", "percent", "runaway", "report", "sex", "traffick", "victim", "accord", "websit", "law", "enforc", "respons", "much", "constantli", "over-extend", "legal", "requir", "perform", "due", "dilig", "find", "runaway", "child"], "emojis": null, "mentions": null, "names": null, "message_tags": null, "attachments": [{"media_type": "share", "media_url": "http://l.facebook.com/l.php?u=http%3A%2F%2Fj.mp%2F2s2Ina1&h=AT1LGZhGWYwCD53ZlBTHMRjF9JgUokRt9276E5Qa1Hzmd-zIjJeqgX5KGkir2oOmML2ba1dVbT6VOYHmbl6Cy7sAsr926VCWfugUMu9n62S3GCZy8MCXKdiluospg5eC&s=1", "media_description": "j.mp", "thumbnail_url": null}], "urls": null}