{"url": "https://www.facebook.com/1003344626383879/posts/1698066013578400/", "created_time": "2017-12-17T15:14:00+0000", "message": "How Colorado is Taking Action Against Human Trafficking \n\"These folks hide the children that they are trafficking and the work that they are doing, and kids are vulnerable victims.\"", "cleaned_message": ["colorado", "take", "action", "human", "traffick", "folk", "hide", "children", "traffick", "work", "kid", "vulner", "victim"], "emojis": null, "mentions": null, "names": null, "message_tags": null, "attachments": [{"media_type": "share", "media_url": "http://l.facebook.com/l.php?u=http%3A%2F%2Fj.mp%2F2z4TQaQ&h=AT06aUi3muCEuC9f1SWkeppVwmjuPfsVhPjnLxdwUTDzQC17b2mbTFxTIGPKgRlh-LZQQgh4lOkgy-kx__bkRiPj-7jsy-BLHtQRWRYm4vtN_5c15vcgFJu0mBT6kJct&s=1", "media_description": "How Colorado is Taking Action Against Human Trafficking", "thumbnail_url": null}], "urls": null}