{"url": "https://www.facebook.com/1003344626383879/posts/1641963802521955/", "created_time": "2017-10-24T20:04:03+0000", "message": "St. Peters Crossfit hosted a 'Fit for Freedom' competition, aiming to raise money to fight human trafficking. The competition was birthed in 2008 when St. Louis-based organization 'Crisis Aid International' met with law enforcement to bring more light to sex trafficking in St. Louis and around the country", "cleaned_message": ["st", "peter", "crossfit", "host", "fit", "freedom", "competit", "aim", "rais", "money", "fight", "human", "traffick", "competit", "birth", "st", "louis-bas", "organ", "crisi", "aid", "intern", "met", "law", "enforc", "bring", "light", "sex", "traffick", "st", "loui", "around", "countri"], "emojis": null, "mentions": null, "names": null, "message_tags": null, "attachments": [{"media_type": "share", "media_url": "http://l.facebook.com/l.php?u=http%3A%2F%2Fj.mp%2F2yB9xqK&h=AT2HMOhf6HgqumJNyUUc9BQ27FR9ItTsQ3nb7SohNllqIwHAIPY6MRPmQ9p0om3YNEAOUaJbuSboBcqKNPO6ueFZYsjVbFk8yJHgbWHAkSrmYK5mK2IDRZyXTvYWgASZ&s=1", "media_description": "Competition breaks a sweat to help fight human trafficking", "thumbnail_url": null}], "urls": null}