{"url": "https://www.facebook.com/1003344626383879/posts/1634287743289561/", "created_time": "2017-10-16T20:04:00+0000", "message": "\u201cThis will create even stronger provisions for this important measure which allows victims across the state to better seek assistance,\u201d Stephanie Richard, policy and legal services director for The Coalition to Abolish Slavery and Trafficking said. \u201cWe are proud to see important improvements made.\u201d", "cleaned_message": ["creat", "even", "stronger", "provis", "import", "measur", "allow", "victim", "across", "state", "better", "seek", "assist", "stephani", "richard", "polici", "legal", "servic", "director", "coalit", "abolish", "slaveri", "traffick", "said", "proud", "see", "import", "improv", "made"], "emojis": null, "mentions": null, "names": ["Stephanie Richard"], "message_tags": null, "attachments": [{"media_type": "share", "media_url": "http://l.facebook.com/l.php?u=http%3A%2F%2Fj.mp%2F2yaiQxJ&h=AT1BavXRuP1LaeD4FNuekbpEcsesGESU2HXsRY3Y0Jg002q1IqlQmllf2TFXg189wcheazslJSQXDuZ74BqooGCscx_To3Kagh4dZsmXbWZ-IGsfyZ9k8tKygkDTdIpp&s=1", "media_description": "Text message hotline for human trafficking victims now state law", "thumbnail_url": null}], "urls": null}