{"url": "https://www.facebook.com/1003344626383879/posts/1569054596479543/", "created_time": "2017-08-06T13:14:01+0000", "message": "The harsh reality of human beings taken by force, or deceit, and treated as commerce to be bought and sold, is a scourge that may be as old as humanity itself.", "cleaned_message": ["harsh", "realiti", "human", "taken", "forc", "deceit", "treat", "commerc", "bought", "sold", "scourg", "may", "old", "human"], "emojis": null, "mentions": null, "names": null, "message_tags": null, "attachments": [{"media_type": "share", "media_url": "https://l.facebook.com/l.php?u=https%3A%2F%2Fbuff.ly%2F2uc6PGB&h=AT2OK9T7EIzQK-_35vKQ0n4CienWo6Y8Z61tvMPUZ40c7ehabuI5dfPltDU0Q56y7Fj-ulKuCTKKNLrv1OAzqF8ZjUn66rYXFPVjmTR-g9474AkCKMYkGK_wqUynHxb2&s=1", "media_description": "EDITORIAL -- Shining a light on human trafficking", "thumbnail_url": null}], "urls": null}