{"url": "https://www.facebook.com/1003344626383879/posts/1562515367133466/", "created_time": "2017-07-30T17:38:44+0000", "message": "Thank you SAMSA Wits for raising awareness about Human Trafficking. \n#Igivehope", "cleaned_message": ["thank", "samsa", "wit", "rais", "awar", "human", "traffick"], "emojis": null, "mentions": null, "names": null, "message_tags": ["SAMSA Wits", "igivehope"], "attachments": [{"media_type": "album", "media_url": "https://www.facebook.com/1664361783825882/posts/1984368515158539/", "media_description": "Photos from SAMSA Wits's post", "thumbnail_url": null}], "urls": null}