{"url": "https://www.facebook.com/1003344626383879/posts/1500707923314211/", "created_time": "2017-06-07T00:07:00+0000", "message": null, "cleaned_message": null, "emojis": null, "mentions": null, "names": null, "message_tags": null, "attachments": [{"media_type": "share", "media_url": "http://l.facebook.com/l.php?u=http%3A%2F%2Fbuff.ly%2F2sKEWjM&h=AT0Kt1el2vfphjzgF_Bs6lYs3nukhwGnDULnhZloHxJjNrgo9mcf4WVuxEdmZlP1kD-bjwfpyBlPkJXwaWYPggtPli-_fUlij9JIQ4IMdSu4v4MeXiHS4b1Q10-k-Blc&s=1", "media_description": "Video: Defining human trafficking", "thumbnail_url": null}]}