{"url": "https://www.facebook.com/1003344626383879/posts/1497579850293685/", "created_time": "2017-06-04T00:07:03+0000", "message": null, "cleaned_message": null, "emojis": null, "mentions": null, "names": null, "message_tags": null, "attachments": [{"media_type": "share", "media_url": "http://l.facebook.com/l.php?u=http%3A%2F%2Fbuff.ly%2F2qKPcMl&h=AT0ldve4Kz1gh2vYMadT4daNQQhXx5KylVflVHQMKoq2sfpxcPuOveCdnnqLxLWAkqyHKu3pM_WB7OHH8caVrWUtbOh3CtsyCQjS6PAM8UCdSjR4wjf-7YIi7BK7EGXB&s=1", "media_description": "Human trafficking foe enlists churches for the cause", "thumbnail_url": null}]}