{"url": "https://www.facebook.com/helperase/photos/a.1029649477086727/1473939699324367/?type=3", "created_time": "2017-05-13T13:41:03+0000", "message": "A good life does not mean just good food, good clothes, good shelter. \nThese are not sufficient.\nA good motivation is what is needed\u2014compassion, without dogmatism, \nwithout complicated philosophy\u2014just understanding\nthat others are human brothers and sisters and respecting\ntheir rights and human dignity. ~ Dalai Lama\n#Compassion", "cleaned_message": ["good", "life", "mean", "good", "food", "good", "cloth", "good", "shelter", "suffici", "good", "motiv", "need", "compass", "without", "dogmat", "without", "complic", "philosophi", "understand", "human", "brother", "sister", "respect", "right", "human", "digniti", "dalai", "lama"], "emojis": null, "mentions": null, "names": ["Lama"], "message_tags": ["compassion"], "attachments": [{"media_type": "photo", "media_url": "https://www.facebook.com/helperase/photos/a.1029649477086727/1473939699324367/?type=3", "media_description": "Timeline Photos", "thumbnail_url": null}], "urls": null}