{"url": "https://www.facebook.com/helperase/videos/1349280568456948/", "created_time": "2017-01-18T15:39:58+0000", "message": "Florida National University Human Trafficking Awareness Walk 2017", "cleaned_message": ["florida", "nation", "univers", "human", "traffick", "awar", "walk"], "emojis": null, "mentions": null, "names": null, "message_tags": ["Florida National University"], "attachments": [{"media_type": "video_inline", "media_url": "https://www.facebook.com/helperase/videos/1349280568456948/", "media_description": null, "thumbnail_url": null}], "urls": null}