{"url": "https://www.facebook.com/helperase/photos/a.1029649477086727/2639334686118190/?type=3", "created_time": "2019-10-02T04:33:52+0000", "message": "ERASE was grateful to attend the Third Annual Combatting Human Trafficking Symposium in Washington DC. Many dedicated advocates and anti-human trafficking organizations came together in the fight against human trafficking. \n \u202a#humantrafficking\u202c #advocacy #collaboration #CHTSymposium\u202c #endhumantrafficking #washingtondc", "cleaned_message": ["eras", "grate", "attend", "third", "annual", "combat", "human", "traffick", "symposium", "washington", "dc", "mani", "dedic", "advoc", "anti-human", "traffick", "organ", "came", "togeth", "fight", "human", "traffick"], "emojis": null, "mentions": null, "names": null, "message_tags": ["humantrafficking", "advocacy", "collaboration", "chtsymposium", "endhumantrafficking", "washingtonDC"], "attachments": [{"media_type": "photo", "media_url": "https://www.facebook.com/helperase/photos/a.1029649477086727/2639334686118190/?type=3", "media_description": "Timeline Photos", "thumbnail_url": null}], "urls": null}