{"url": "https://www.facebook.com/1003344626383879/posts/1903973822987617/", "created_time": "2018-06-28T14:14:03+0000", "message": "\u201cBut something like this changes people\u2019s lives, something like this changes generations, something like this is about freeing people from bondage, freeing people from slavery, physically but also spiritually\"", "cleaned_message": ["someth", "like", "chang", "peopl", "live", "someth", "like", "chang", "gener", "someth", "like", "free", "peopl", "bondag", "free", "peopl", "slaveri", "physic", "also", "spiritu"], "emojis": null, "mentions": null, "names": null, "message_tags": null, "attachments": [{"media_type": "share", "media_url": "https://l.facebook.com/l.php?u=https%3A%2F%2Fbuff.ly%2F2tAZQ74&h=AT0a94OWWs_Q4pIgPn52_b08VfBcJcrfden8Tu1IRK0ycMaWn8UATEBAUomGVsyA9QduC7DyH_2xu03B1XjcO7o6dv1KQ3lcZ0OQR1zCXkAscqLzUmWdG8I_YoTiCdV2&s=1", "media_description": "Saints tight end Benjamin Watson continues to give back", "thumbnail_url": null}], "urls": null}