{"url": "https://www.facebook.com/1003344626383879/posts/1853002158084784/", "created_time": "2018-05-16T20:04:00+0000", "message": "The month-long public awareness campaign featured social media posts, the development of a new website aimed at educating the public on human trafficking, and a press conference on Jan. 11 in Pontiac.", "cleaned_message": ["month-long", "public", "awar", "campaign", "featur", "social", "media", "post", "develop", "new", "websit", "aim", "educ", "public", "human", "traffick", "press", "confer", "jan", "pontiac"], "emojis": null, "mentions": null, "names": ["Jan     "], "message_tags": null, "attachments": [{"media_type": "share", "media_url": "https://l.facebook.com/l.php?u=https%3A%2F%2Fbuff.ly%2F2rIBffB&h=AT1_sSKY6FC2TJeCdxF3QMYpOPFh7_fR_NdZypBCK-xg-2SjONiyTS5AFXZCAE0S4_ztBsWY9d3hhvBwYnBuLuNHHROqakAl3OXobVDRIj_9xvy67t6LtQ2H6lVbxt7b&s=1", "media_description": "Oakland County nationally recognized for human trafficking efforts", "thumbnail_url": null}], "urls": null}