{"url": "https://www.facebook.com/1003344626383879/posts/1846957805355886/", "created_time": "2018-05-10T14:14:05+0000", "message": "The Richmond region\u2019s location at the junction of interstates 64 and 95 makes the area an attractive place for traffickers, as does its large tourism and hospitality industry", "cleaned_message": ["richmond", "region", "locat", "junction", "interst", "make", "area", "attract", "place", "traffick", "larg", "tourism", "hospit", "industri"], "emojis": null, "mentions": null, "names": null, "message_tags": null, "attachments": [{"media_type": "share", "media_url": "https://l.facebook.com/l.php?u=https%3A%2F%2Fbuff.ly%2F2I3GIob&h=AT1K_DwauJnf3AuHawFa4VLnz0G9pAppfcLHDwk_-ffSH353_EHmMRPvTzVkFmex8Ld6wLe31wUttbi6DZf6Pg13ELE0P0d4ZruoXa4_vU2Pz6iWPzYpyo2pMaYdiu6X&s=1", "media_description": "Human trafficking: Virginia battling a 'crime that hides in plain site'", "thumbnail_url": null}], "urls": null}