{"url": "https://www.facebook.com/1003344626383879/posts/1731877686863899/", "created_time": "2018-01-19T21:04:02+0000", "message": "January is National Slavery and Human Trafficking Prevention Month, designed to draw awareness to our national problem with modern-day slavery. The Global Slavery Index \u2014 a country-by-country survey of human trafficking performed by anti-slavery nonprofit the Walk Free Foundation \u2014 estimates there are 57,700 people living in slavery in the United States.", "cleaned_message": ["januari", "nation", "slaveri", "human", "traffick", "prevent", "month", "design", "draw", "awar", "nation", "problem", "modern-day", "slaveri", "global", "slaveri", "index", "country-by-countri", "survey", "human", "traffick", "perform", "anti-slaveri", "nonprofit", "walk", "free", "foundat", "estim", "peopl", "live", "slaveri", "unit", "state"], "emojis": null, "mentions": null, "names": null, "message_tags": null, "attachments": [{"media_type": "share", "media_url": "http://l.facebook.com/l.php?u=http%3A%2F%2Fj.mp%2F2mQeBzu&h=AT0KxguZAreA6WR8s1qckkz0C3cA3cKpZ_w6tMi2j7zMqmDreBWRPMjYdmq89QcQNYIebZTm9HfAJ5R7A3GEAULHll5qq-vfzEfRHk4Xt_eu8G_TiT26CVOkf5VOtvWu&s=1", "media_description": "Human trafficking a national problem", "thumbnail_url": null}], "urls": null}