{"url": "https://www.facebook.com/1003344626383879/posts/1723323007719367/", "created_time": "2018-01-10T21:04:09+0000", "message": "Over the past year, the we have all worked hard on the objectives outlined for the task force and together have made some important strides. For the first time, we secured county funding for community outreach, training and prevention efforts.", "cleaned_message": ["past", "year", "work", "hard", "object", "outlin", "task", "forc", "togeth", "made", "import", "stride", "first", "time", "secur", "counti", "fund", "commun", "outreach", "train", "prevent", "effort"], "emojis": null, "mentions": null, "names": null, "message_tags": null, "attachments": [{"media_type": "share", "media_url": "http://l.facebook.com/l.php?u=http%3A%2F%2Fj.mp%2F2mg44yh&h=AT0gnIZzAdNLNjiHJ_c0XxSWddFFbO-Ucj0S9y1wH93eDjZJioKYOr8yv3GLYeRUFwnWOh38JseQ_tAtTja66vW5qzCJrNCNBlgw4ztjdtyDb3B8-Yrens6ragFT59yR&s=1", "media_description": "Human trafficking: Oakland County fights back", "thumbnail_url": null}], "urls": null}