{"url": "https://www.facebook.com/1003344626383879/posts/1722059427845725/", "created_time": "2018-01-09T15:14:02+0000", "message": "n recognition of Human Trafficking Awareness Month, the EMU Student Group Unmasked is partnering with MAP (Michigan Abolitionist Project-Ann Arbor), SOAP Washtenaw (Save Our Adolescents from Prostitution), and Lost Voices to bring you an afternoon of music and information about this endemic problem and how we can fight back against it.", "cleaned_message": ["n", "recognit", "human", "traffick", "awar", "month", "emu", "student", "group", "unmask", "partner", "map", "michigan", "abolitionist", "project-ann", "arbor", "soap", "washtenaw", "save", "adolesc", "prostitut", "lost", "voic", "bring", "afternoon", "music", "inform", "endem", "problem", "fight", "back"], "emojis": null, "mentions": null, "names": null, "message_tags": null, "attachments": [{"media_type": "share", "media_url": "http://l.facebook.com/l.php?u=http%3A%2F%2Fj.mp%2F2merjIG&h=AT3WWPTgx9z9U3p4BKgWPA6lYe2QbvWzN8HugBitYNRXthSU5zuUV3lUEKF_hQ0syQqKOdlltUeUO8bKUnr_QuIia6CtqfNz_45PCGRtRpegwwt63rd7jZ7ZL-0dw3WU&s=1", "media_description": "ExpertClick - Error Page", "thumbnail_url": null}], "urls": null}