{"url": "https://www.facebook.com/1003344626383879/posts/1674915505893451/", "created_time": "2017-11-26T14:07:50+0000", "message": "Friends please check out the post from Hidden Tears Project. They are up for several awards for their incredible movie short, TANYA. Check out the short film and then head over and vote. \nAlso please share, this is one more way to spread awareness about Domestic Minor Sex Trafficking. \nThank you!", "cleaned_message": ["friend", "pleas", "check", "post", "hidden", "tear", "project", "sever", "award", "incred", "movi", "short", "tanya", "check", "short", "film", "head", "vote", "also", "pleas", "share", "one", "way", "spread", "awar", "domest", "minor", "sex", "traffick", "thank"], "emojis": null, "mentions": null, "names": null, "message_tags": ["Hidden Tears Project"], "attachments": null, "urls": null}