{"url": "https://www.facebook.com/1003344626383879/posts/1631095720275430/", "created_time": "2017-10-13T20:04:03+0000", "message": "The conference includes three keynote speakers and multiple workshops to address the issue of human trafficking and sexual exploitation", "cleaned_message": ["confer", "includ", "three", "keynot", "speaker", "multipl", "workshop", "address", "issu", "human", "traffick", "sexual", "exploit"], "emojis": null, "mentions": null, "names": null, "message_tags": null, "attachments": [{"media_type": "share", "media_url": "http://l.facebook.com/l.php?u=http%3A%2F%2Fj.mp%2F2yh6R0h&h=AT1sD5TpAKGRvarerldSMkmqk7Unr2qX8jxjXQ1ktI_E6WcwkoG1MkOxvKBdpsM3V9_xtye_ppLb5pjFpSiMk8wKcM-1yBfK0Y0Cz3XWS5E6G3xAEP25_ncQizaSi4Va&s=1", "media_description": "Human trafficking topic of Spring Arbor University conference", "thumbnail_url": null}], "urls": null}