{"url": "https://www.facebook.com/1003344626383879/posts/1628756460509356/", "created_time": "2017-10-11T15:04:46+0000", "message": "*****Recovered*****\nThank you for all the support and sharing that everyone did for this family. \nUpdated-10/25/17\n\nFB Community we need your help! Please share this poster and information so we can get this young lady back home. \nMissing Teen\nFlorence, NJ\nAge: 14\nRace: White      Sex: Female\nHeight: 5'02       Weight: 120\nEyes: Hazel       Hair: Brown\nLast Seen Wearing: Black Sweatshirt w/ Marilyn Monroe on it and black leggings.\nLast Known Location/TIme: Roebling NJ Oct 8, 2017\nAny information, please contact  Florence Police Department in NJ. Officer Brian Panero 609-267-8300", "cleaned_message": ["recov", "thank", "support", "share", "everyon", "famili", "updated-", "fb", "commun", "need", "help", "pleas", "share", "poster", "inform", "get", "young", "ladi", "back", "home", "miss", "teen", "florenc", "nj", "age", "race", "white", "sex", "femal", "height", "weight", "eye", "hazel", "hair", "brown", "last", "seen", "wear", "black", "sweatshirt", "w", "marilyn", "monro", "black", "leg", "last", "known", "locat", "time", "roebl", "nj", "oct", "inform", "pleas", "contact", "florenc", "polic", "depart", "nj", "offic", "brian", "panero", "-", "-"], "emojis": null, "mentions": null, "names": ["Marilyn Monroe", "Brian Panero"], "message_tags": null, "attachments": [{"media_type": "photo", "media_url": "https://www.facebook.com/helperase/photos/a.1029649477086727/1628753930509609/?type=3", "media_description": null, "thumbnail_url": null}], "urls": null}