{"url": "https://www.facebook.com/1003344626383879/posts/1486937601357910/", "created_time": "2017-05-24T02:10:18+0000", "message": "Florida Law Enforcement were out in full force! \nGreat job by all the departments involved. \n#LE #Florida", "cleaned_message": ["florida", "law", "enforc", "full", "forc", "great", "job", "depart", "involv"], "emojis": null, "mentions": null, "names": null, "message_tags": ["le", "florida"], "attachments": [{"media_type": "share", "media_url": "http://l.facebook.com/l.php?u=http%3A%2F%2Fwww.abcactionnews.com%2Fnews%2Fregion-polk%2Fmultiple-fl-agencies-arrest-39-suspects-during-undercover-child-sex-prostitution-sting&h=AT3bA18Ccfa5IHq7U8yVFQ8csNgRR-YLUaV3AhWjpBtqQ3t4ntKP9MbMybY0VALUdTMubTzgiB5D85CYcaGH-pSR1nYuRG8gh7yAWnjjcuxm6esmMDWtiSIM6XkN7QgR&s=1", "media_description": "Multiple FL agencies arrest 39 suspects during undercover child sex, prostitution sting", "thumbnail_url": null}], "urls": null}