{"url": "https://www.facebook.com/1003344626383879/posts/1613201208731548/", "created_time": "2017-09-24T20:04:00+0000", "message": "\u201cWe\u2019re encouraged by the number of people participating in this symposium who understand the need to learn more about what we\u2019re up against and more importantly, how we can help those who are victimized. It\u2019s proven to be a problem that has no barriers and can happen in our own back yards when we least expect it.\u201d", "cleaned_message": ["encourag", "number", "peopl", "particip", "symposium", "understand", "need", "learn", "importantli", "help", "victim", "proven", "problem", "barrier", "happen", "back", "yard", "least", "expect"], "emojis": null, "mentions": null, "names": null, "message_tags": null, "attachments": [{"media_type": "share", "media_url": "http://l.facebook.com/l.php?u=http%3A%2F%2Fj.mp%2F2xhfEjp&h=AT0uSvEkpO9xzbecwdOtRDKGT1hLK4HY-oU1rNjY7KLohjfdJxOFJ8XOJXh4_It63GjWKx3Q0zYhXqUKzby5s0vnO3q6yidBCLeWAqzfmwByTM69b9TNx3mKOefz5hZc&s=1", "media_description": "Gov. and First Lady launch Human Trafficking Symposium", "thumbnail_url": null}], "urls": null}