{"url": "https://www.facebook.com/1003344626383879/posts/1612921812092821/", "created_time": "2017-09-24T14:14:00+0000", "message": "Human trafficking is frequently a crime that makes headlines, but rarely one that people realize is going on in our neighborhoods or communities. In reality, they happen right under our noses every day.", "cleaned_message": ["human", "traffick", "frequent", "crime", "make", "headlin", "rare", "one", "peopl", "realiz", "go", "neighborhood", "commun", "realiti", "happen", "right", "nose", "everi", "day"], "emojis": null, "mentions": null, "names": null, "message_tags": null, "attachments": [{"media_type": "share", "media_url": "http://l.facebook.com/l.php?u=http%3A%2F%2Fj.mp%2F2w94etX&h=AT2HqGRhHtYEOWe5bOGGuP3zHlQxwZIIyb_rHiZxCegDzkav8LcIGHW4Nvle3nDeg0GM_cDgT89YFQIT5-vysHAmK3gZ3aEb8yWTjVPxRYHgpjWd_e6X6sTyFHZnNDnT&s=1", "media_description": "Life Crisis Center provides tips to scope out human trafficking operations", "thumbnail_url": null}], "urls": null}