{"url": "https://www.facebook.com/1003344626383879/posts/1553770228007980/", "created_time": "2017-07-22T13:14:01+0000", "message": "\"The 400 staff at Shiva hotels - from receptionists to human resources staff to cleaners - will be trained as part of a company-wide campaign to tackle modern slavery.\"\nhttp://buff.ly/2ufKrsH", "cleaned_message": ["staff", "shiva", "hotel", "-", "receptionist", "human", "resourc", "staff", "cleaner", "-", "train", "part", "company-wid", "campaign", "tackl", "modern", "slaveri"], "emojis": null, "mentions": null, "names": null, "message_tags": [], "attachments": [{"media_type": "share", "media_url": "http://l.facebook.com/l.php?u=http%3A%2F%2Fwww.dnaindia.com%2Fbusiness%2Freport-late-check-in-no-luggage-child-in-tow-signs-of-slavery-2509269&h=AT17miBQf43KeiTv3VeteOdLRlO4tvHGcj4yWC4SkQ-nXmJidtF8HQZ8d1aL2lY39PYxoLRts0Bg2uO-s4_TL9JrFvsOkb_lFyf2fz2YJAiH0eRL1iwlRaz7YfF7oeGN&s=1", "media_description": "Late check-in, no luggage, child in tow - signs of slavery? | Latest News & Updates at Daily News & Analysis", "thumbnail_url": null}], "urls": ["http://buff.ly/2ufKrsH"]}