{"url": "https://www.facebook.com/1003344626383879/posts/1553188684732801/", "created_time": "2017-07-22T00:32:35+0000", "message": "Join us at 9pm EST. Kelley Alsobrook from Rise UP & Fight will talk about Human Trafficking Awareness.", "cleaned_message": ["join", "us", "pm", "est", "kelley", "alsobrook", "rise", "fight", "talk", "human", "traffick", "awar"], "emojis": null, "mentions": null, "names": ["Kelley Alsobrook"], "message_tags": null, "attachments": [{"media_type": "video_inline", "media_url": "https://www.facebook.com/helperase/videos/1549804888404514/", "media_description": null, "thumbnail_url": null}], "urls": null}