{"url": "https://www.facebook.com/1003344626383879/posts/1502239579827712/", "created_time": "2017-06-08T11:14:01+0000", "message": null, "cleaned_message": null, "emojis": null, "mentions": null, "names": null, "message_tags": null, "attachments": [{"media_type": "share", "media_url": "http://l.facebook.com/l.php?u=http%3A%2F%2Fbuff.ly%2F2qUll45&h=AT0r1kJeSUytHXk3pwVbAx8EJvAlZmW7-rgKh8O17a_7KtLYSc4A3LbTOAD4icVED_tBdlUHS9H7edCCbcWpH0s-Noznbyy-IC87Fja5ltweiH9wf_uMr8dNK7FW2eRE&s=1", "media_description": "Social media gives kids power right at their fingertips, Google presentation helps keep them safe", "thumbnail_url": null}]}