{"url": "https://www.facebook.com/1003344626383879/posts/1501790666539270/", "created_time": "2017-06-08T00:07:06+0000", "message": null, "cleaned_message": null, "emojis": null, "mentions": null, "names": null, "message_tags": null, "attachments": [{"media_type": "share", "media_url": "http://l.facebook.com/l.php?u=http%3A%2F%2Fbuff.ly%2F2sKJUNr&h=AT2jcqLZ9J9zYygogfl0UFvZRGMnI5eXGOayyv9t03PUd48zuwDKGrNVEO610oJ7WdwCJoQPT6xVpOJa-TAEzKlWllLahbJYL9-C9FG3cOKC14X3CIbCDNMDuh-HcktJ&s=1", "media_description": "Community steps up for Sunflower Celebration and fights human trafficking", "thumbnail_url": null}]}