{"url": "https://www.facebook.com/1003344626383879/posts/1493815570670113/", "created_time": "2017-05-31T13:11:39+0000", "message": "This event last week is a perfect example of what collaboration looks like. An incredible group of coming together to #empower our youth.", "cleaned_message": ["event", "last", "week", "perfect", "exampl", "collabor", "look", "like", "incred", "group", "come", "togeth", "youth"], "emojis": null, "mentions": null, "names": null, "message_tags": ["empower"], "attachments": [{"media_type": "video_inline", "media_url": "https://www.facebook.com/FloridaNationalUniversity/videos/10155509414935572/", "media_description": "Missing Children's Event 2017", "thumbnail_url": null}], "urls": null}