{"url": "https://www.facebook.com/1003344626383879/posts/1493264824058521/", "created_time": "2017-05-30T22:57:53+0000", "message": "If you are in the New York City area on Thursday, June 1st, check out I AM STILL HERE at The People's Film Festival in Harlem, NY! The movie sheds light on the crisis of child trafficking in the U.S. It will also be showing at the New Jersey International Film Festival on June 11th.\n#IAmStillHere #HelpERASE #ChildTrafficking", "cleaned_message": ["new", "york", "citi", "area", "thursday", "june", "st", "check", "still", "peopl", "film", "festiv", "harlem", "ny", "movi", "shed", "light", "crisi", "child", "traffick", "u", "also", "show", "new", "jersey", "intern", "film", "festiv", "june", "th"], "emojis": null, "mentions": null, "names": null, "message_tags": null, "attachments": [{"media_type": "photo", "media_url": "https://www.facebook.com/IAmStillHereMovie/photos/a.435552996460043/1721844497830880/?type=3", "media_description": "Timeline Photos", "thumbnail_url": null}], "urls": null}