{"url": "https://www.facebook.com/1003344626383879/posts/2030126890372309/", "created_time": "2018-09-19T14:04:01+0000", "message": "\"Human trafficking, often thought of as something that happens in other places, does hide in plain sight and can happen in any community.\"", "cleaned_message": ["human", "traffick", "often", "thought", "someth", "happen", "place", "hide", "plain", "sight", "happen", "commun"], "emojis": null, "mentions": null, "names": null, "message_tags": null, "attachments": [{"media_type": "share", "media_url": "https://l.facebook.com/l.php?u=https%3A%2F%2Fbuff.ly%2F2xtkkR5&h=AT1h70tCTWBLGJ-LgOf2CvvEeKj_jp_R3AbBnHuhc-N7-pFLhKpR2xvxT4kX2BOELtYj3UKAD6tPkRZXGX6Qzh1t8Qv1tdaMi4fnvlkCawDexhUH3IIjKUxtD-zEzZsQ&s=1", "media_description": "A new concern for healthcare workers: Spotting victims of human trafficking", "thumbnail_url": null}], "urls": null}