{"url": "https://www.facebook.com/helperase/photos/a.1029649477086727/1915486825169650/?type=3", "created_time": "2018-07-05T14:04:04+0000", "message": "\u201cElk Grove doctor hid non-citizens on her property, forced them into labor, DOJ says\u201d Forced labor is a form of human trafficking that\u2019s often overlooked. \nhttps://buff.ly/2MFRNhh", "cleaned_message": ["elk", "grove", "doctor", "hid", "non-citizen", "properti", "forc", "labor", "doj", "say", "forc", "labor", "form", "human", "traffick", "often", "overlook"], "emojis": null, "mentions": null, "names": null, "message_tags": [], "attachments": [{"media_type": "photo", "media_url": "https://www.facebook.com/helperase/photos/a.1029649477086727/1915486825169650/?type=3", "media_description": "Timeline Photos", "thumbnail_url": null}], "urls": ["https://buff.ly/2MFRNhh"]}