{"url": "https://www.facebook.com/1003344626383879/posts/1832062530178747/", "created_time": "2018-04-25T14:14:12+0000", "message": "Human trafficking is the fastest growing crime on the planet. Emerson said this is in part because it is being identified more, but it is still also growing.", "cleaned_message": ["human", "traffick", "fastest", "grow", "crime", "planet", "emerson", "said", "part", "identifi", "still", "also", "grow"], "emojis": null, "mentions": null, "names": null, "message_tags": null, "attachments": [{"media_type": "share", "media_url": "https://l.facebook.com/l.php?u=https%3A%2F%2Fbuff.ly%2F2HIo08W&h=AT1wfRSdPLDudNj_O9CsIqkpuZQP719AQ7EhbiW7zpV85pa9RGfeU7qJpDuQoHlyXGknJ4F0jSUVgGTd_KR02FqIICA1C1ryz7oLutWEyZQUoqm3egVEa5skZS5Nylvs&s=1", "media_description": "Bethel hears scale, signs of human trafficking", "thumbnail_url": null}], "urls": null}