{"url": "https://www.facebook.com/1003344626383879/posts/2409323615785966/", "created_time": "2019-05-28T20:10:03+0000", "message": "\u201cIf my kid goes missing, wouldn\u2019t I want someone putting everything into it?\u201d said Detective Ian Mack, who is with the new Missing Persons Unit.\" #missing", "cleaned_message": ["kid", "goe", "miss", "want", "someon", "put", "everyth", "said", "detect", "ian", "mack", "new", "miss", "person", "unit"], "emojis": null, "mentions": null, "names": null, "message_tags": ["missing"], "attachments": [{"media_type": "share", "media_url": "https://l.facebook.com/l.php?u=https%3A%2F%2Fbuff.ly%2F2Md4MeR&h=AT1h-OVa5rloz4dTNG3EKJn0hQDRwvTcnfvUjDEfwVqcTT4kWto2Y1gINyXjrwrTq_wE4sB0hrMuKp04VBpf2Y_4wveZl7pCMmaub19R1d2R2QevJGbPpJ9gC3hPq2f7&s=1", "media_description": "Prince William police create Missing Persons Unit to more effectively handle missing cases", "thumbnail_url": null}], "urls": null}