{"url": "https://www.facebook.com/1003344626383879/posts/1731836776867990/", "created_time": "2018-01-19T20:08:02+0000", "message": "According to the International Labour Organization, more than 20 million people worldwide are victims of compelled labor, with nearly 5 million trafficked into the commercial sex industry.  Severe forms of trafficking in persons is defined by the federal Trafficking Victims Protection Act (\u201cTVPA\u201d) as the participation in a commercial sex act or some other form of labor induced through force, fraud, or coercion.  At its core, human trafficking is about abuse and cruelty toward human beings, and is a gross violation of human rights.", "cleaned_message": ["accord", "intern", "labour", "organ", "million", "peopl", "worldwid", "victim", "compel", "labor", "nearli", "million", "traffick", "commerci", "sex", "industri", "sever", "form", "traffick", "person", "defin", "feder", "traffick", "victim", "protect", "act", "tvpa", "particip", "commerci", "sex", "act", "form", "labor", "induc", "forc", "fraud", "coercion", "core", "human", "traffick", "abus", "cruelti", "toward", "human", "gross", "violat", "human", "right"], "emojis": null, "mentions": null, "names": null, "message_tags": null, "attachments": [{"media_type": "share", "media_url": "http://l.facebook.com/l.php?u=http%3A%2F%2Fj.mp%2F2DNjL7n&h=AT1EqwXNapmejebY1y9v08wuG3BBQ2m9ksrd6VzAh2fa2fRP8zyL7p7-aVaUCMvrg74kampIgJbzUPfdUOEZ-Gw1GOncaucvrmgio2Rb7kLRLagEWJOD6Axfn98GVmBv&s=1", "media_description": "Human Trafficking Risk and Vulnerability: What Marylanders Need to Know", "thumbnail_url": null}], "urls": null}