{"url": "https://www.facebook.com/1003344626383879/posts/1725880574130277/", "created_time": "2018-01-13T15:14:04+0000", "message": "\u201cThe help that Rochester Optical is providing to these women through this fundraiser is worth so much more than a piece of jewelry or a pair of glasses,\" said Christalin Velraj of Ruhamah\u2019s Jewelry. \"It\u2019s a chance, a real chance at a normal life and we are so grateful to have partnered with them on this.\"", "cleaned_message": ["help", "rochest", "optic", "provid", "women", "fundrais", "worth", "much", "piec", "jewelri", "pair", "glass", "said", "christalin", "velraj", "ruhamah", "jewelri", "chanc", "real", "chanc", "normal", "life", "grate", "partner"], "emojis": null, "mentions": null, "names": ["Christalin Velraj"], "message_tags": null, "attachments": [{"media_type": "share", "media_url": "http://l.facebook.com/l.php?u=http%3A%2F%2Fj.mp%2F2EmHxpT&h=AT26zLJdJ4KOwCQNmGz_cgGqaJM3jnaHRCWejI_zQ2WkrzSOt1zb6iSzne4nhTDUPYBJJw0CJmS7z766PPOutW0u4qRF2ABM5AI7ojupPMYKkZXDMRyACrmJll9-a1kY&s=1", "media_description": "Rochester Optical announces fundraiser to help end human trafficking of women and girls", "thumbnail_url": null}], "urls": null}