{"url": "https://www.facebook.com/1003344626383879/posts/1617565094961826/", "created_time": "2017-09-29T20:04:00+0000", "message": "It is an undeniable fact that the Darknet has contributed to something positive, but a study has shown that 57% of its contents are illegal activities including human trafficking. The anonymity of the Darknet makes it difficult for organizations to effectively find all human traffickers as it is likely that there may be a huge number of them operating secretly.", "cleaned_message": ["undeni", "fact", "darknet", "contribut", "someth", "posit", "studi", "shown", "content", "illeg", "activ", "includ", "human", "traffick", "anonym", "darknet", "make", "difficult", "organ", "effect", "find", "human", "traffick", "like", "may", "huge", "number", "oper", "secretli"], "emojis": null, "mentions": null, "names": null, "message_tags": null, "attachments": [{"media_type": "share", "media_url": "http://l.facebook.com/l.php?u=http%3A%2F%2Fj.mp%2F2k7IKfL&h=AT3tjR6Nq-B6682Uv1mnxaCzpf8-dhnS2O8H0YLsb1kbxlLwHB5dfx0LHazlEB7pwqRkb7_ulnZyeqNZmhTTJ4qg8E8zGSMQW5lo8qFg9k_WySGFORbw2xIO-XtIf_WS&s=1", "media_description": "Expert Blames the Difficulties in Fighting Human Trafficking on the Darkweb - Deep Dot Web", "thumbnail_url": null}], "urls": null}