{"url": "https://www.facebook.com/1003344626383879/posts/1617564404961895/", "created_time": "2017-09-29T20:03:10+0000", "message": "Florida's Human Trafficking Summit 2017 is on Monday in Orlando. Looking forward to a great day of collaboration with others in the fight against #HumanTrafficking.", "cleaned_message": ["florida", "human", "traffick", "summit", "monday", "orlando", "look", "forward", "great", "day", "collabor", "fight"], "emojis": null, "mentions": null, "names": null, "message_tags": ["humantrafficking"], "attachments": [{"media_type": "photo", "media_url": "https://www.facebook.com/helperase/photos/a.1029649477086727/1617562304962105/?type=3", "media_description": null, "thumbnail_url": null}], "urls": null}