{"url": "https://www.facebook.com/1003344626383879/posts/1598566106861725/", "created_time": "2017-09-07T23:04:00+0000", "message": "Together, Harold and Smith have trained 14 other volunteers to canvas hotels in the Coulee Region, alerting them to signs of human trafficking.  According to Smith, one of the telltale signs of trafficking is a female, often 12-14 years of age traveling with an older \"Boyfriend.\" Smith said that many trafficking connections often get started on Facebook using the Messenger app.", "cleaned_message": ["togeth", "harold", "smith", "train", "volunt", "canva", "hotel", "coule", "region", "alert", "sign", "human", "traffick", "accord", "smith", "one", "telltal", "sign", "traffick", "femal", "often", "-", "year", "age", "travel", "older", "boyfriend", "smith", "said", "mani", "traffick", "connect", "often", "get", "start", "facebook", "use", "messeng", "app"], "emojis": null, "mentions": null, "names": ["Harold", "Smith", "Smith"], "message_tags": null, "attachments": [{"media_type": "share", "media_url": "http://l.facebook.com/l.php?u=http%3A%2F%2Fj.mp%2F2wBWWjI&h=AT1U1nbsu0wdTpsIEcM1_nBDcykwo7lwMc5Ptv71oJP7bucarpDP250bMKVg4h3used4isat9q8M1AYwNoIu0Q6qoVJF-q2yf0vYMBcBYsddy3tHNFvhlXC1YrUUb2zg&s=1", "media_description": "Coulee Region's Church Women United takes aim at trafficking", "thumbnail_url": null}], "urls": null}