{"url": "https://www.facebook.com/1003344626383879/posts/1597672273617775/", "created_time": "2017-09-06T23:04:09+0000", "message": "There are no hard numbers on how many human-trafficking victims passed through North Dakota, and until 2016, the state didn't track human trafficking. \"What we want to do is treat victims like victims and not like perpetrators,\" Heitkamp said of anti-trafficking efforts, including the Abolish Human Trafficking Act.", "cleaned_message": ["hard", "number", "mani", "human-traffick", "victim", "pass", "north", "dakota", "state", "track", "human", "traffick", "want", "treat", "victim", "like", "victim", "like", "perpetr", "heitkamp", "said", "anti-traffick", "effort", "includ", "abolish", "human", "traffick", "act"], "emojis": null, "mentions": null, "names": null, "message_tags": null, "attachments": [{"media_type": "share", "media_url": "http://l.facebook.com/l.php?u=http%3A%2F%2Fj.mp%2F2gFWOeN&h=AT26fyabB2dkrCYDJ0LlXV8u0wVFBdZvinfVdPg9BRHIQSlJIaLP71Td_lUtt8OHySBGX4LOezkORxwM64WvTaqz4SBAkQoyFO0sQOXjcqJt2PV9nZJPl_h3Ie8pQu2B&s=1", "media_description": "Hidden numbers: Accurate picture of human trafficking difficult, but agencies strive to recognize it", "thumbnail_url": null}], "urls": null}