{"url": "https://www.facebook.com/1003344626383879/posts/1527372170647786/", "created_time": "2017-06-30T00:07:02+0000", "message": null, "cleaned_message": null, "emojis": null, "mentions": null, "names": null, "message_tags": null, "attachments": [{"media_type": "share", "media_url": "http://l.facebook.com/l.php?u=http%3A%2F%2Fbuff.ly%2F2tqrbdA&h=AT12fYjszbZMehM8dfFKollK-VdZziAARPW9klC5wW45Tb8kVQygjFBIhMhxl4NgrzAxLgsmbIPVMQTgjfvFCJk2fy3fcQF-gahpG0Yk2ctSIoGjUzsr3IO1AO3mTHoI&s=1", "media_description": "Enforcement is key in fight against human trafficking, report says", "thumbnail_url": null}]}