{"url": "https://www.facebook.com/1003344626383879/posts/1500283990023271/", "created_time": "2017-06-06T15:07:01+0000", "message": "If you are in #NewJersey and want to get involved in the fight against Human Trafficking, here is an event for you.", "cleaned_message": ["want", "get", "involv", "fight", "human", "traffick", "event"], "emojis": null, "mentions": null, "names": null, "message_tags": ["newjersey"], "attachments": [{"media_type": "photo", "media_url": "https://www.facebook.com/asafernj/photos/a.357461944389735/1055723554563567/?type=3", "media_description": "Timeline Photos", "thumbnail_url": null}], "urls": null}