{"url": "https://www.facebook.com/1003344626383879/posts/1497672823617721/", "created_time": "2017-06-04T02:00:37+0000", "message": "Via FDLE Please share this post! A Florida MISSING CHILD Alert has been issued for Naomi Jones, a black female, 12 years old, 5 feet 1 inches tall, 97 pounds, black hair, brown eyes, last seen in the 1000th block of East Johnson Avenue in Pensacola, Florida.  She was last seen wearing a red tank top and American flag denim shorts.  If you have any information on the whereabouts of this child please contact the Escambia County Sheriff's Office at 850-436-9630 or 911.", "cleaned_message": ["via", "fdle", "pleas", "share", "post", "florida", "miss", "child", "alert", "issu", "naomi", "jone", "black", "femal", "year", "old", "feet", "inch", "tall", "pound", "black", "hair", "brown", "eye", "last", "seen", "th", "block", "east", "johnson", "avenu", "pensacola", "florida", "last", "seen", "wear", "red", "tank", "top", "american", "flag", "denim", "short", "inform", "whereabout", "child", "pleas", "contact", "escambia", "counti", "sheriff", "offic", "-", "-"], "emojis": null, "mentions": null, "names": ["Alert", "Naomi Jones"], "message_tags": ["FDLE"], "attachments": [{"media_type": "photo", "media_url": "https://www.facebook.com/FDLEpage/photos/a.270889352952301/1588580117849878/?type=3", "media_description": "Timeline Photos", "thumbnail_url": null}], "urls": null}