{"url": "https://www.facebook.com/helperase/photos/a.1029649477086727/2594685423916450/?type=3", "created_time": "2019-09-08T14:04:00+0000", "message": "\"York Regional Police responded to a report of gunshot in a guest room at the Holiday Inn Express and Suites on E. Pearce St. in Richmond Hill.\" https://buff.ly/2N2JHU1", "cleaned_message": ["york", "region", "polic", "respond", "report", "gunshot", "guest", "room", "holiday", "inn", "express", "suit", "e", "pearc", "st", "richmond", "hill"], "emojis": null, "mentions": null, "names": ["Pearce St"], "message_tags": [], "attachments": [{"media_type": "photo", "media_url": "https://www.facebook.com/helperase/photos/a.1029649477086727/2594685423916450/?type=3", "media_description": "Timeline Photos", "thumbnail_url": null}], "urls": ["https://buff.ly/2N2JHU1"]}