{"url": "https://www.facebook.com/helperase/photos/a.1029649477086727/1873579869360346/?type=3", "created_time": "2018-06-06T14:14:01+0000", "message": "\u201cA lighthouse doesn\u2019t know upon who it shines, people just sail their ship toward it,\u201d he said. \u201cI met these people who are human lighthouses, they are everyday heroes.\u201d - You never know how a small act of kindness may shape a person\u2019s life.\nhttps://buff.ly/2JxWYBO", "cleaned_message": ["lighthous", "know", "upon", "shine", "peopl", "sail", "ship", "toward", "said", "met", "peopl", "human", "lighthous", "everyday", "hero", "-", "never", "know", "small", "act", "kind", "may", "shape", "person", "life"], "emojis": null, "mentions": null, "names": null, "message_tags": [], "attachments": [{"media_type": "photo", "media_url": "https://www.facebook.com/helperase/photos/a.1029649477086727/1873579869360346/?type=3", "media_description": "Timeline Photos", "thumbnail_url": null}], "urls": ["https://buff.ly/2JxWYBO"]}