{"url": "https://www.facebook.com/1003344626383879/posts/1744382738946727/", "created_time": "2018-02-01T00:54:14+0000", "message": "#Missing\n#Fisher\n#Indiana \n\nhttps://www.wthr.com/article/fishers-police-asking-for-help-to-find-missing-girl", "cleaned_message": [], "emojis": null, "mentions": null, "names": null, "message_tags": [], "attachments": [{"media_type": "share", "media_url": "https://l.facebook.com/l.php?u=https%3A%2F%2Fwww.wthr.com%2Farticle%2Ffishers-police-asking-for-help-to-find-missing-girl&h=AT3pM5CtUBHaxp3Yiq9eQLR7kArwX3-AuFHTPpLra2N1k9TuXyLYqKAqAk92zkKxCrEKnT5Xb8kmPxyaXrV9W76lzQTNgeStvHKmrwoNmdTAueGpyP3ZqfRKuL11Hbv8&s=1", "media_description": "Fishers police asking for help to find missing girl", "thumbnail_url": null}], "urls": ["https://www.wthr.com/article/fishers-police-asking-for-help-to-find-missing-girl"]}