{"url": "https://www.facebook.com/1003344626383879/posts/1731708813547453/", "created_time": "2018-01-19T17:53:35+0000", "message": "If you are in the #Memphis area be sure to check out this free event.", "cleaned_message": ["area", "sure", "check", "free", "event"], "emojis": null, "mentions": null, "names": null, "message_tags": ["Memphis"], "attachments": [{"media_type": "photo", "media_url": "https://www.facebook.com/helperase/photos/a.1029649477086727/1724114550973546/?type=3", "media_description": null, "thumbnail_url": null}], "urls": null}