{"url": "https://www.facebook.com/1003344626383879/posts/1589234221128247/", "created_time": "2017-08-28T13:14:00+0000", "message": "\u201cIt may well be a teacher, or somebody who works at a pharmacy, or some kind of medical professional who recognizes the signs of a child being victimized and alert law enforcement\"", "cleaned_message": ["may", "well", "teacher", "somebodi", "work", "pharmaci", "kind", "medic", "profession", "recogn", "sign", "child", "victim", "alert", "law", "enforc"], "emojis": null, "mentions": null, "names": null, "message_tags": null, "attachments": [{"media_type": "share", "media_url": "http://l.facebook.com/l.php?u=http%3A%2F%2Fj.mp%2F2wFJ9eP&h=AT3EkGyYNQY2DrVw_eOfsY5a-CmidehlAzrmbeg3-HvbxWbNDhNtCcEqw8lgx70lZbYjVvuDSY6SdfZuZIl5ojBZj7SMI59LAS1EiSMDYocWn4H6ELxI4Zujp_U64KZE&s=1", "media_description": "Spotting signs of human trafficking focus of forum at Jackson College", "thumbnail_url": null}], "urls": null}