{"url": "https://www.facebook.com/1003344626383879/posts/1542751745776495/", "created_time": "2017-07-13T00:07:00+0000", "message": null, "cleaned_message": null, "emojis": null, "mentions": null, "names": null, "message_tags": null, "attachments": [{"media_type": "share", "media_url": "http://l.facebook.com/l.php?u=http%3A%2F%2Fbuff.ly%2F2uPi4l5&h=AT2woRM_fsr2AKGaw-EWava-iQJqmf3wHwk4f5QV4Y8Iu6HkAhHNveimSmQmX3Vllhp84sGy6kohhAtJdBjnvIesf7z20aLbbyQ1aBYSQfj0ENg-OdWG8uRwP0Yemc03&s=1", "media_description": "Social media safety starts at home", "thumbnail_url": null}]}