{"url": "https://www.facebook.com/1003344626383879/posts/1531939380191065/", "created_time": "2017-07-03T11:14:00+0000", "message": null, "cleaned_message": null, "emojis": null, "mentions": null, "names": null, "message_tags": null, "attachments": [{"media_type": "share", "media_url": "http://l.facebook.com/l.php?u=http%3A%2F%2Fbuff.ly%2F2tusrgH&h=AT0IJrWa06XtNymeCqGh7oW1E8wbCxjNI_WU53eH4Gp-XG7HiZY4QqwfpHGqv37NX5hhuaIoRu4zE6o4OCiQjm33IfTW2clF3_4CDkmaJ5OA_qqO2qSMejagEgovoBeM&s=1", "media_description": "Ivanka Trump: Ending human trafficking is a priority", "thumbnail_url": null}]}