{"url": "https://www.facebook.com/1003344626383879/posts/1636447196406949/", "created_time": "2017-10-19T11:33:00+0000", "message": "We are working with 2 survivors who just escaped their traffickers. We need to raise $1500.00 for relocation and medical care. Please consider donating to help in their recovery.  No amount is too small. ~ Thank you!\nText FREE to 91999", "cleaned_message": ["work", "survivor", "escap", "traffick", "need", "rais", "reloc", "medic", "care", "pleas", "consid", "donat", "help", "recoveri", "amount", "small", "thank", "text", "free"], "emojis": null, "mentions": null, "names": null, "message_tags": null, "attachments": [{"media_type": "photo", "media_url": "https://www.facebook.com/helperase/photos/a.1029649477086727/1636445863073749/?type=3", "media_description": null, "thumbnail_url": null}], "urls": null}