{"url": "https://www.facebook.com/1003344626383879/posts/1685119841539684/", "created_time": "2017-12-05T15:14:05+0000", "message": "79 Arrests Made in Massive Child Trafficking and Pornography Sting. Among those arrested were a police officer, a swim coach, a piano teacher, and a youth minister.", "cleaned_message": ["arrest", "made", "massiv", "child", "traffick", "pornographi", "sting", "among", "arrest", "polic", "offic", "swim", "coach", "piano", "teacher", "youth", "minist"], "emojis": null, "mentions": null, "names": null, "message_tags": null, "attachments": [{"media_type": "share", "media_url": "http://l.facebook.com/l.php?u=http%3A%2F%2Fj.mp%2F2iLReco&h=AT14CEW0fQjSRY_GguN-nY-8zvMNIGMORJHo75wDy0XpTSqF9CpviHTNaKGuQbiAPWQ6LnIg5e5g4kUhSnGT5afZ_OC_Z_KS9BC6EvEsn8p5INnw5rmwmOmLzuRZRSVG&s=1", "media_description": "79 Arrests Made in Massive Child Trafficking and Pornography Sting", "thumbnail_url": null}], "urls": null}