{"url": "https://www.facebook.com/1003344626383879/posts/2609930655725260/", "created_time": "2019-09-16T20:10:02+0000", "message": "Frank Sabella, a detective at the Cumberland County Prosecutor\u2019s Office, said human trafficking in this region could look like anything from farm labor to a domestic violence situation where a man might force a woman into sex work to support a mutual drug habit. #NewJersey #LawEnforcement #EndHumanTrafficking", "cleaned_message": ["frank", "sabella", "detect", "cumberland", "counti", "prosecutor", "offic", "said", "human", "traffick", "region", "could", "look", "like", "anyth", "farm", "labor", "domest", "violenc", "situat", "man", "might", "forc", "woman", "sex", "work", "support", "mutual", "drug", "habit"], "emojis": null, "mentions": null, "names": ["Frank Sabella"], "message_tags": ["newjersey", "lawenforcement", "endhumantrafficking"], "attachments": [{"media_type": "share", "media_url": "https://l.facebook.com/l.php?u=https%3A%2F%2Fbuff.ly%2F2ArVR0h&h=AT3s8r09TZbhvc_P7q8Zn_dUbHc7GyzgCvcBXidy0ut0XC9qUITixX8yZsvxxFILY-ibW4-ZhrLlyt5Av_st-F3uyqU00yDX0Gpy0-gWcjhFeM9uHcw8BEWfqy0eFeSx&s=1", "media_description": "In the world of sex trafficking, justice is hard to find", "thumbnail_url": null}], "urls": null}