{"url": "https://www.facebook.com/helperase/photos/a.1029649477086727/2437966412921686/?type=3", "created_time": "2019-06-13T22:33:41+0000", "message": "Brandon Marquis Jennings, guilty of sex trafficking, production of child pornography, transporting a minor in interstate commerce for a sexual offense, coercing and enticing victims to travel between states for prostitution and operating an interstate prostitution enterprise. \n#Raleigh #Leo #MakingADifference https://buff.ly/2WFAJRX", "cleaned_message": ["brandon", "marqui", "jen", "guilti", "sex", "traffick", "product", "child", "pornographi", "transport", "minor", "interst", "commerc", "sexual", "offens", "coerc", "entic", "victim", "travel", "state", "prostitut", "oper", "interst", "prostitut", "enterpris"], "emojis": null, "mentions": null, "names": ["Brandon Marquis Jennings"], "message_tags": ["raleigh", "Leo", "makingadifference"], "attachments": [{"media_type": "photo", "media_url": "https://www.facebook.com/helperase/photos/a.1029649477086727/2437966412921686/?type=3", "media_description": "Timeline Photos", "thumbnail_url": null}], "urls": ["https://buff.ly/2WFAJRX"]}