{"url": "https://www.facebook.com/helperase/photos/a.1029649477086727/2804924909559166/?type=3", "created_time": "2019-12-16T17:26:51+0000", "message": "Red Flags For Parents-Domestic Minor Sex Trafficking \u2800\n #ChildTrafficking\u2800\n#Awareness #RedFlags #Teens #Children #Parents  #Protect", "cleaned_message": ["red", "flag", "parents-domest", "minor", "sex", "traffick"], "emojis": null, "mentions": null, "names": null, "message_tags": ["childtrafficking", "awareness", "redflags", "teens", "children", "parents", "protect"], "attachments": [{"media_type": "photo", "media_url": "https://www.facebook.com/helperase/photos/a.1029649477086727/2804924909559166/?type=3", "media_description": "Timeline Photos", "thumbnail_url": null}], "urls": null}