{"url": "https://www.facebook.com/1003344626383879/posts/2716534921731499/", "created_time": "2019-11-07T15:06:37+0000", "message": "This headline is disturbing and sad. As a non-profit that provides direct services to both minor and adult trafficking victims and provide law enforcement training, we know this is not the solution. This reinforces that police are not a safe option to turn to for help if you\u2019re a trafficking victim. \nFrom past experience we have seen these types of operations are done because there is a lack of training and cultural understanding of human trafficking. \nWhen agencies are provided law enforcement led training with instructors who have years of experience with HT the out come is different. The right people are arrested, (sex-buyers and traffickers) and victims or potential victims of human trafficking are provided services. \nWe owe it to communities to do a better job. \n\n\u201cThe women ranged in age from 19-36 years of age and that all but one lived in the Fort Worth area. \u201c\n\nbuff.ly/2NPOpmc", "cleaned_message": ["headlin", "disturb", "sad", "non-profit", "provid", "direct", "servic", "minor", "adult", "traffick", "victim", "provid", "law", "enforc", "train", "know", "solut", "reinforc", "polic", "safe", "option", "turn", "help", "traffick", "victim", "past", "experi", "seen", "type", "oper", "done", "lack", "train", "cultur", "understand", "human", "traffick", "agenc", "provid", "law", "enforc", "led", "train", "instructor", "year", "experi", "ht", "come", "differ", "right", "peopl", "arrest", "sex-buy", "traffick", "victim", "potenti", "victim", "human", "traffick", "provid", "servic", "owe", "commun", "better", "job", "women", "rang", "age", "-", "year", "age", "one", "live", "fort", "worth", "area", "buff", "ly", "npopmc"], "emojis": null, "mentions": null, "names": null, "message_tags": [], "attachments": [{"media_type": "share", "media_url": "http://l.facebook.com/l.php?u=http%3A%2F%2Fbuff.ly%2F2NPOpmc&h=AT22E8yOoI8V1LwSzV4vf6BvVXqf85S2bVSqOhAinnLGnYKblXGD7iYK_urBPZLLvia_4k9_wjcJS4olekj7z7vKD_SP7Aj--7FJK_HXvaJTEJcTUJVOR6ySjL0cOIPY&s=1", "media_description": "23 Women Arrested in Fort Worth Prostitution Sting", "thumbnail_url": null}], "urls": null}