{"url": "https://www.facebook.com/1003344626383879/posts/2649956325056026/", "created_time": "2019-10-07T14:04:03+0000", "message": "\"Area fashion designers are putting their work on the runway to put human trafficking on display, as well.\"  #FashionIndustry #Endhumantrafficking", "cleaned_message": ["area", "fashion", "design", "put", "work", "runway", "put", "human", "traffick", "display", "well"], "emojis": null, "mentions": null, "names": null, "message_tags": ["fashionindustry", "endhumantrafficking"], "attachments": [{"media_type": "share", "media_url": "https://l.facebook.com/l.php?u=https%3A%2F%2Fbuff.ly%2F2On37D3&h=AT347HWSXJWaqvPXwjEFZNcXoSo-7a86pBPWKMa5baTOZ3xOlvu_ANxC9r_m92Ondu4Fovuhq7ZrqJKDpwgOF_YZPAWb_uHJnxYJCt3NYEI1YjY2G_qs_2fusmbeBgrH&s=1", "media_description": "\u2018It's a deep, dark situation': Fashion show shines light on human trafficking", "thumbnail_url": null}], "urls": null}