{"url": "https://www.facebook.com/1003344626383879/posts/2404255196292808/", "created_time": "2019-05-25T21:17:38+0000", "message": "National Missing Children\u2019s Day\n1/3 of teens on the street will be lured toward prostitution within 48 hours of leaving home. \n#missing #children #california", "cleaned_message": ["nation", "miss", "children", "day", "teen", "street", "lure", "toward", "prostitut", "within", "hour", "leav", "home"], "emojis": null, "mentions": null, "names": null, "message_tags": ["missing", "children", "california"], "attachments": [{"media_type": "video_inline", "media_url": "https://www.facebook.com/helperase/videos/2244497702434003/", "media_description": null, "thumbnail_url": null}], "urls": null}