{"url": "https://www.facebook.com/1003344626383879/posts/2375302459188082/", "created_time": "2019-05-08T14:04:03+0000", "message": "\u201cStop waiting for children to ask for your help. Stop waiting for children to tell you they\u2019ve been a victim of rape, trafficking, or abuse. When you wait for a child to ask for your help, you\u2019re placing the burden on the child,\u201d Prestridge said.\u201d", "cleaned_message": ["stop", "wait", "children", "ask", "help", "stop", "wait", "children", "tell", "victim", "rape", "traffick", "abus", "wait", "child", "ask", "help", "place", "burden", "child", "prestridg", "said"], "emojis": null, "mentions": null, "names": null, "message_tags": null, "attachments": [{"media_type": "share", "media_url": "https://l.facebook.com/l.php?u=https%3A%2F%2Fbuff.ly%2F2YemlfS&h=AT01PhCznLVzjC9NZJ4TgrSTlKZlZ2Ej4YZpwb2Gi32NQajaNCi4090IJqgDBk4YXU91Xg9BeAtYJEIvC63Wlz2SA2G38HvJfLjvLDAO1RrQ4vZrkFZ0XNAJf-rQ6W9c&s=1", "media_description": "EXCLUSIVE: Texas DPS captain speaks on training he created to rescue children from human trafficking", "thumbnail_url": null}], "urls": null}