{"url": "https://www.facebook.com/helperase/photos/a.1029649477086727/1447972998587704/?type=3", "created_time": "2017-04-20T16:45:36+0000", "message": "Join us next Wednesday as Sgt. Marc Marty talks about best practices for families with online safety. April 26 @5pm PST/8pm EST. \n#family #onlinesafety #sextrafficking", "cleaned_message": ["join", "us", "next", "wednesday", "sgt", "marc", "marti", "talk", "best", "practic", "famili", "onlin", "safeti", "april", "pst", "pm", "est"], "emojis": null, "mentions": ["5pm"], "names": ["Marc Marty"], "message_tags": null, "attachments": [{"media_type": "photo", "media_url": "https://www.facebook.com/helperase/photos/a.1029649477086727/1447972998587704/?type=3", "media_description": "Timeline Photos", "thumbnail_url": null}], "urls": null}