{"url": "https://www.facebook.com/1003344626383879/posts/2964202873631368/", "created_time": "2020-02-29T19:30:05+0000", "message": null, "cleaned_message": null, "emojis": null, "mentions": null, "names": null, "message_tags": null, "attachments": [{"media_type": "share", "media_url": "https://l.facebook.com/l.php?u=https%3A%2F%2Fwww.waaytv.com%2Fcontent%2Fnews%2FHuman-trafficking-task-force-created-for-Marshall-and-DeKalb-counties-568229151.html&h=AT2qgNZcfV6vJ1LMA_-bKL6xq4b7aX5k4I-up1XLpAzSSi0nLXkhRafkPWI8zW8nEZTP8S6ZIpIVTOSZra0ZiyhMa5Laap9yLWlcRqowpO_Qo_CVv4UmMcqs7jqIcfHV&s=1", "media_description": "'Parents selling ... children for drugs:\u2019 Human trafficking task force forms in Marshall, DeKalb", "thumbnail_url": null}]}