{"url": "https://www.facebook.com/1003344626383879/posts/2063176780400653/", "created_time": "2018-10-16T00:31:43+0000", "message": "Who are the Victims of Human Trafficking? \nAnyone has the potential of becoming a Human Trafficking victim.  Circumstance, lifestyle, and mental/physical health issues may provide a trafficker with the needed opportunity to victimize people from all walks of life.", "cleaned_message": ["victim", "human", "traffick", "anyon", "potenti", "becom", "human", "traffick", "victim", "circumst", "lifestyl", "mental", "physic", "health", "issu", "may", "provid", "traffick", "need", "opportun", "victim", "peopl", "walk", "life"], "emojis": null, "mentions": null, "names": null, "message_tags": null, "attachments": [{"media_type": "photo", "media_url": "https://www.facebook.com/helperase/photos/a.1029649477086727/2063176690400662/?type=3", "media_description": null, "thumbnail_url": null}], "urls": null}