{"url": "https://www.facebook.com/1003344626383879/posts/2048002885251376/", "created_time": "2018-10-04T14:04:03+0000", "message": "\u201cMy daughter was kidnapped in Atlanta at the age of 16,\u201d Pacley said. \u201cThat was over 11 years ago before this topic actually became a big deal. So, we went through a series of trauma.\u201d", "cleaned_message": ["daughter", "kidnap", "atlanta", "age", "pacley", "said", "year", "ago", "topic", "actual", "becam", "big", "deal", "went", "seri", "trauma"], "emojis": null, "mentions": null, "names": null, "message_tags": null, "attachments": [{"media_type": "share", "media_url": "https://l.facebook.com/l.php?u=https%3A%2F%2Fbuff.ly%2F2y37hGk&h=AT3qWVU8nmn9YR9Xf7hJ3hTV7-qHUkDZCopz3DIdK97rK2dk5iSf8dL7wQA0yd0K6chQYaBkpOch4VQrk5N9gr9hJPPt6QKdFdzWVb0W7cfZSeOQPhMYa2WF11w8ARCT&s=1", "media_description": "Riveting account of human trafficking at BCRI/FBI conference | The Birmingham Times", "thumbnail_url": null}], "urls": null}