{"url": "https://www.facebook.com/1003344626383879/posts/1874572269261106/", "created_time": "2018-06-07T14:14:03+0000", "message": "\u201cNearly 160 children recovered during sex trafficking sting in the Atlanta Metro area.\u201d \nGreat job by the many agencies involved!\nThis type of operation demonstrates the importance of law enforcement officers being trained in HT investigations and the need for collaboration among all agencies.", "cleaned_message": ["nearli", "children", "recov", "sex", "traffick", "sting", "atlanta", "metro", "area", "great", "job", "mani", "agenc", "involv", "type", "oper", "demonstr", "import", "law", "enforc", "offic", "train", "ht", "investig", "need", "collabor", "among", "agenc"], "emojis": null, "mentions": null, "names": null, "message_tags": null, "attachments": [{"media_type": "share", "media_url": "https://l.facebook.com/l.php?u=https%3A%2F%2Fbuff.ly%2F2Jq0MC1&h=AT0iHtn3AVJP-HpptWfnY2ldCWqYNb3sQ8lJCucOGQhTEzBHuMGDarobG-jZBJ4vsyFo_1BVVoy4Bjkux4oMekr_kPELacT99AWNYtG4k3TQXc4GWwPnZ2PPW80OQNAv&s=1", "media_description": "Metro sex-trafficking sting rescues nearly 160 children, authorities say", "thumbnail_url": null}], "urls": null}