{"url": "https://www.facebook.com/1003344626383879/posts/1873490426035957/", "created_time": "2018-06-06T12:25:50+0000", "message": null, "cleaned_message": null, "emojis": null, "mentions": null, "names": null, "message_tags": null, "attachments": [{"media_type": "share", "media_url": "https://l.facebook.com/l.php?u=https%3A%2F%2Fnewsok.com%2Farticle%2F5596647%2Fformer-oklahoma-senator-had-sex-with-victim-twice-in-year-before-police-found-them-at-hotel-prosecutors-reveal&h=AT2qpDLxt6ZfiJm2IJR-hmAkrtYpgx15sZMNpgPYGAV498RTXydEMw-CBKHdXPCCT99uDFIxaQx1otK6w2_wsWwAFbrN_EaVHCXIE_U7-CuysuujLqD0Qncauc0Itsf_&s=1", "media_description": "Former Oklahoma senator had sex with victim twice in year before police found them at hotel, prosecutors reveal", "thumbnail_url": null}]}