{"url": "https://www.facebook.com/1003344626383879/posts/1845096938875306/", "created_time": "2018-05-08T14:14:02+0000", "message": "The girls\u2019 25-year-old mother pleaded guilty to charges in connection to the abuse of her two daughters, including two counts of trafficking a person for sexual servitude, two counts of first degree cruelty to children and two counts of enticing a child for indecent purposes.", "cleaned_message": ["girl", "-year-old", "mother", "plead", "guilti", "charg", "connect", "abus", "two", "daughter", "includ", "two", "count", "traffick", "person", "sexual", "servitud", "two", "count", "first", "degre", "cruelti", "children", "two", "count", "entic", "child", "indec", "purpos"], "emojis": null, "mentions": null, "names": null, "message_tags": null, "attachments": [{"media_type": "share", "media_url": "https://l.facebook.com/l.php?u=https%3A%2F%2Fbuff.ly%2F2FP0Us3&h=AT3b55PhR-zBDr-nBlv_f_EoH4BLXbms8BEBLf0Nk8JJgqX-MHGxSJkAje4xz9c1InFElpgC6ForPAnafId9afE7Y_GdR69MeeRLR8gfIxFy0HW4R83aZ93J4esd1MVV&s=1", "media_description": "Georgia mom pleads guilty to sex trafficking of her two young girls to drug dealer", "thumbnail_url": null}], "urls": null}