{"url": "https://www.facebook.com/1003344626383879/posts/1609517735766562/", "created_time": "2017-09-20T20:04:06+0000", "message": "Parent's please watch! Traffickers can be your next-door neighbor. Victims can be your child's friends. #Awareness", "cleaned_message": ["parent", "pleas", "watch", "traffick", "next-door", "neighbor", "victim", "child", "friend"], "emojis": null, "mentions": null, "names": null, "message_tags": ["awareness"], "attachments": [{"media_type": "share", "media_url": "http://l.facebook.com/l.php?u=http%3A%2F%2Fj.mp%2F2hh3UXC&h=AT1_qaZX0C693WCKUlv7PxtVZXnWMsaOxyNGrQ99jMFucLK70ZcBT6oubczS62MLFCgds3Q5jTH-YZOTROP5ERPr56iTUXQo3klElBgTV2l8VTdYBN4eaAPWUUHY8EI9&s=1", "media_description": "Livonia modeling agency owner charged with luring young girls for child porn", "thumbnail_url": null}], "urls": null}