{"url": "https://www.facebook.com/helperase/videos/1954189154632750/", "created_time": "2018-07-29T17:40:03+0000", "message": "Thank you Theatrum Olga - Suomen Diakoniaopiston Lahden kampuksen opiskelijateatteri and Henna K. for creating and sharing this important information! Your video will help raise awareness about this horrible epidemic. #togetherwecanmakeadifferen\n#Repost @theatrumolga\n\u30fb\u30fb\u30fb\nIhmiskauppaa vastaan! July 30th is world day against trafficking in persons. Child trafficking is a global issue. Help us raise awareness! Share this video @sdo_kampukset @lahden_diakonialaitos @helperase #ihmiskauppa #helperase #childtrafficking #togetherwecanmakeadiene #givefreedom#speakforthevoiceless #worlddayagainsttraffickinginpersons", "cleaned_message": ["thank", "theatrum", "olga", "-", "suomen", "diakoniaopiston", "lahden", "kampuksen", "opiskelijateatteri", "henna", "k", "creat", "share", "import", "inform", "video", "help", "rais", "awar", "horribl", "epidem", "ihmiskauppaa", "vastaan", "juli", "th", "world", "day", "traffick", "person", "child", "traffick", "global", "issu", "help", "us", "rais", "awar", "share", "video"], "emojis": null, "mentions": ["theatrumolga", "sdo_kampukset", "lahden_diakonialaitos", "helperase"], "names": ["Theatrum Olga - Suomen", "Henna K"], "message_tags": ["Theatrum Olga - Suomen Diakoniaopiston Lahden kampuksen opiskelijateatteri", "togetherwecanmakeadifferen", "Repost", "ihmiskauppa", "helpERASE", "childtrafficking", "togetherwecanmakeadiene", "GiveFreedom", "WorldDayAgainstTraffickinginPersons"], "attachments": [{"media_type": "video_inline", "media_url": "https://www.facebook.com/helperase/videos/1954189154632750/", "media_description": "Theatrum Olga Raising Awareness about Human Trafficking.", "thumbnail_url": null}], "urls": null}