{"url": "https://www.facebook.com/1003344626383879/posts/1833682173350116/", "created_time": "2018-04-27T04:15:02+0000", "message": "#amberalert\n#colorado\n#NorthDakota", "cleaned_message": [], "emojis": null, "mentions": null, "names": null, "message_tags": ["AmberAlert", "colorado", "northdakota"], "attachments": [{"media_type": "share", "media_url": "https://l.facebook.com/l.php?u=https%3A%2F%2Fcbsloc.al%2F2r2h9gZ%23.WuJdwzH10tA.facebook&h=AT34VR5_ERkVkuhdM7IkGwS1YMnV_yKxPqrk0WFKyXLPxDY4-m8Yj154Lt6mJiX2jCayYr0YkQwOcol2ZsotsJDiQK2v_BhNHWoIuG1auMcuLdIaItqHoNGHtd5GQ_HS&s=1", "media_description": "Amber Alert: Sex Offender May Be Driving Colorado Girl To North Dakota", "thumbnail_url": null}], "urls": null}