{"url": "https://www.facebook.com/helperase/videos/1557760367608966/", "created_time": "2017-07-26T00:13:39+0000", "message": "Why your voice is critical for World Day Against Trafficking in Persons on July 30. #GiveFreedom #HELPErase", "cleaned_message": ["voic", "critic", "world", "day", "traffick", "person", "juli"], "emojis": null, "mentions": null, "names": null, "message_tags": ["GiveFreedom", "helpERASE"], "attachments": [{"media_type": "video_inline", "media_url": "https://www.facebook.com/helperase/videos/1557760367608966/", "media_description": "Your Voice is Criticle", "thumbnail_url": null}], "urls": null}