{"url": "https://www.facebook.com/1003344626383879/posts/2907255269326129/", "created_time": "2020-02-02T21:10:04+0000", "message": "\u201cthere's still a large population of people that don't understand what human trafficking really looks like.\u201d", "cleaned_message": ["still", "larg", "popul", "peopl", "understand", "human", "traffick", "realli", "look", "like"], "emojis": null, "mentions": null, "names": null, "message_tags": null, "attachments": [{"media_type": "share", "media_url": "https://l.facebook.com/l.php?u=https%3A%2F%2Fbuff.ly%2F2vH8N3n&h=AT18Vmk6Xo4NXSq4Ml07-VJUiTfKI7mswB0d-uNKPWPzfpP7B9b23ceySPMxH7-5jlDIcUlOEJs8QnlRv_A2wwh02iiVPpX9cgwfyEa9ehVLhS3XY4TMv32H4xF_MOgd&s=1", "media_description": "Raising awareness on human trafficking", "thumbnail_url": null}], "urls": null}