{"url": "https://www.facebook.com/1003344626383879/posts/2213824572002539/", "created_time": "2019-01-28T15:04:01+0000", "message": "\u201cThis should paint a clear picture that Michigan won\u2019t harbor these criminals or anyone who lines their pockets by exploiting people and preying on our children.\u201d", "cleaned_message": ["paint", "clear", "pictur", "michigan", "harbor", "crimin", "anyon", "line", "pocket", "exploit", "peopl", "prey", "children"], "emojis": null, "mentions": null, "names": null, "message_tags": null, "attachments": [{"media_type": "share", "media_url": "https://l.facebook.com/l.php?u=https%3A%2F%2Fbuff.ly%2F2sBsmVW&h=AT11eScke6cfdvcKthReZxb8ffqERgrngalz9VeszRVp-Nh_MkH65jxG8N4qaLhH3zI0eE_alx1pWIHqXXVfdf-y4IL6W0wi97wXJoESO0AhHw5TCaFQDpmT9_kYElPw&s=1", "media_description": "State won\u2019t harbor exploiters, traffickers of any kind", "thumbnail_url": null}], "urls": null}