{"url": "https://www.facebook.com/1003344626383879/posts/2114195651965432/", "created_time": "2018-11-21T21:10:02+0000", "message": "\"The Dallas-Fort Worth area has approximately 6.8 million residents, so picture in your mind two-thirds of our entire region, and that's how many men, women, and children are in sex slavery in the world today.\"", "cleaned_message": ["dallas-fort", "worth", "area", "approxim", "million", "resid", "pictur", "mind", "two-third", "entir", "region", "mani", "men", "women", "children", "sex", "slaveri", "world", "today"], "emojis": null, "mentions": null, "names": null, "message_tags": null, "attachments": [{"media_type": "share", "media_url": "https://l.facebook.com/l.php?u=https%3A%2F%2Fbuff.ly%2F2PIM7cs&h=AT0BxHGCUNJdFgHG3_xpDhEzQ5AXu4zY0bV1RQzQQsxCHeawjxopSyKn80-LQgDQkLG1AV0-7v6vMmyDGW9pdkXEzcICH50mr4qw5CvLXjAlc6ehMb8YyUAoPvy-tW1h&s=1", "media_description": "Sex trafficking is a human crisis, and we must recognize and confront it", "thumbnail_url": null}], "urls": null}