{"url": "https://www.facebook.com/helperase/photos/a.1029649477086727/2500195103365483/?type=3", "created_time": "2019-07-18T01:27:55+0000", "message": "Found Safe! Thank you to EVERYONE that shared, liked, commented and supported getting the message out! #prayforemma #prayforanna #socialmedia #ForGood", "cleaned_message": ["found", "safe", "thank", "everyon", "share", "like", "comment", "support", "get", "messag"], "emojis": null, "mentions": null, "names": null, "message_tags": ["prayforemma", "prayforanna", "socialmedia", "forgood"], "attachments": [{"media_type": "photo", "media_url": "https://www.facebook.com/helperase/photos/a.1029649477086727/2500195103365483/?type=3", "media_description": "Timeline Photos", "thumbnail_url": null}], "urls": null}