{"url": "https://www.facebook.com/1003344626383879/posts/2423416467710014/", "created_time": "2019-06-05T20:10:04+0000", "message": "\u201cI never heard much about human trafficking prior to being first lady,\u201d Edwards said. \u201cIt\u2019s one of those issues where you think, \u2018Oh, that doesn\u2019t happen in my community.\u2019 But it does. In fact, Louisiana has one of the highest trafficked areas.\u201d", "cleaned_message": ["never", "heard", "much", "human", "traffick", "prior", "first", "ladi", "edward", "said", "one", "issu", "think", "oh", "happen", "commun", "fact", "louisiana", "one", "highest", "traffick", "area"], "emojis": null, "mentions": null, "names": ["Edwards"], "message_tags": null, "attachments": [{"media_type": "share", "media_url": "https://l.facebook.com/l.php?u=https%3A%2F%2Fbuff.ly%2F2IjmOXH&h=AT3K_LonTK99koRwL0VdvATy59VLDq5QPFlBYFtE_D-jpXv8UsA2U1upAmQe7hepvKXP1x9lcwTbLcDGlIL_5VKQgjeMKBtzCTEqZyLYnm__1l2fJ1L9RfP5stP73nmn&s=1", "media_description": "Louisiana's first lady visits Houma to dicuss human trafficking", "thumbnail_url": null}], "urls": null}