{"url": "https://www.facebook.com/1003344626383879/posts/2939026329482356/", "created_time": "2020-02-17T21:10:04+0000", "message": "Victim advocacy officials said some parents are exploiting their own children and it\u2019s often linked to drug activity.", "cleaned_message": ["victim", "advocaci", "offici", "said", "parent", "exploit", "children", "often", "link", "drug", "activ"], "emojis": null, "mentions": null, "names": null, "message_tags": null, "attachments": [{"media_type": "share", "media_url": "https://l.facebook.com/l.php?u=https%3A%2F%2Fbuff.ly%2F32909qz&h=AT1_zZ2Z0JE1Uv0zyORfuAAcZUmsquVq9kt3HgvpcHlhKW7wlg61Q4R0OElMA00QH3U3YQ3LrI3u3v4EC7CC4jEvSbQ07lvAO6D_qNuLB1yz8RsiAjI6YNV3VVarI7xN&s=1", "media_description": "Officials: Parents selling own children into human trafficking", "thumbnail_url": null}], "urls": null}