{"url": "https://www.facebook.com/1003344626383879/posts/2110787318972932/", "created_time": "2018-11-19T06:32:58+0000", "message": null, "cleaned_message": null, "emojis": null, "mentions": null, "names": null, "message_tags": null, "attachments": [{"media_type": "share", "media_url": "http://l.facebook.com/l.php?u=http%3A%2F%2Fwww.missingkids.org%2Fposter%2FNCMC%2F1342779%2F1%23.W_IEqkmATfY.twitter&h=AT2G-zvGHiLbJuiw0qxzpJ3_xdp3n2Y6wmmWMjj_zgl78uZIwIgIJxGSni-MfyLcFIQHpJMU3w-gF1FAN1Ycc5SCYeZNryQ9H8Aerd577-4_UcSldf5Ne3nhRK3dXh0p&s=1", "media_description": "Have you seen this child? SOPHIE HILLIE", "thumbnail_url": null}]}