{"url": "https://www.facebook.com/1003344626383879/posts/2070265223025142/", "created_time": "2018-10-21T14:04:03+0000", "message": "\u201cThe trauma that has been inflicted on someone [who has been trafficked]is \u2026 somewhat akin to someone who has experienced combat\u2014it\u2019s extremely significant trauma to the brain.\u201d", "cleaned_message": ["trauma", "inflict", "someon", "traffick", "somewhat", "akin", "someon", "experienc", "combat", "extrem", "signific", "trauma", "brain"], "emojis": null, "mentions": null, "names": null, "message_tags": null, "attachments": [{"media_type": "share", "media_url": "https://l.facebook.com/l.php?u=https%3A%2F%2Fbuff.ly%2F2PSDbgg&h=AT1ck9nnjMdSHDHhXbVOjZWGn5HKrUFta3W8l9PxMyEQ_rz6--bNv8MKXC9eVfWdUhlSg7cqyhNQPv72t1fWYZ30wIpwzcMrXDvvky8AAJnFszVfCfZ-V784-UQTxfEQ&s=1", "media_description": "Montgomery County agencies, nonprofit groups target rising sex trafficking challenges | Community Impact Newspaper", "thumbnail_url": null}], "urls": null}