{"url": "https://www.facebook.com/helperase/photos/a.1029649477086727/1956210921097240/?type=3", "created_time": "2018-07-30T23:26:08+0000", "message": "#Repost @amnestytoronto\n\u30fb\u30fb\u30fb\n\u201cJuly 30th is the annual World Day Against Trafficking in Persons. This year, the UNODC is focusing on the responses to child and youth trafficking around the world. Thousands of men, women, and children have their rights, freedoms, and dignity stolen from them at the hands of human traffickers who prey on their vulnerability. Almost one-third of these victims are children, and women and girls make up 71% of the total demographic. Victims come from a range of situations, including the need to escape armed conflict, sexual exploitation, modern slavery, and organ removal. \u2800\u2800\u2800\u2800\u2800\u2800\u2800\u2800\u2800\nBut it doesn't have to be this way. Together, we can raise awareness, call out and punish those who are accountable, and support the protection and justice of children and youths affected by the heinous crime of human trafficking.\u201d (Via @amnestynsw ) \u2800\u2800\u2800\u2800\u2800\u2800\u2800\u2800\u2800\n#humantrafficking #endhumantrafficking #worlddayagainsttraffickinginpersons #childrensrights #humanrights", "cleaned_message": ["juli", "th", "annual", "world", "day", "traffick", "person", "year", "unodc", "focus", "respons", "child", "youth", "traffick", "around", "world", "thousand", "men", "women", "children", "right", "freedom", "digniti", "stolen", "hand", "human", "traffick", "prey", "vulner", "almost", "one-third", "victim", "children", "women", "girl", "make", "total", "demograph", "victim", "come", "rang", "situat", "includ", "need", "escap", "arm", "conflict", "sexual", "exploit", "modern", "slaveri", "organ", "remov", "way", "togeth", "rais", "awar", "call", "punish", "account", "support", "protect", "justic", "children", "youth", "affect", "heinou", "crime", "human", "traffick", "via"], "emojis": null, "mentions": ["amnestytoronto", "amnestynsw"], "names": null, "message_tags": ["Repost", "humantrafficking", "endhumantrafficking", "WorldDayAgainstTraffickinginPersons", "childrensrights", "humanrights"], "attachments": [{"media_type": "photo", "media_url": "https://www.facebook.com/helperase/photos/a.1029649477086727/1956210921097240/?type=3", "media_description": "Timeline Photos", "thumbnail_url": null}], "urls": null}