{"url": "https://www.facebook.com/1003344626383879/posts/2510766685641658/", "created_time": "2019-07-23T20:10:05+0000", "message": "\"Trafficking happens in our backyard and under our noses, and it's a responsibility of all of us to look out for it and do what we can not to enable it,\"", "cleaned_message": ["traffick", "happen", "backyard", "nose", "respons", "us", "look", "enabl"], "emojis": null, "mentions": null, "names": null, "message_tags": null, "attachments": [{"media_type": "share", "media_url": "https://l.facebook.com/l.php?u=https%3A%2F%2Fbuff.ly%2F2YiEeh4&h=AT2NL8RYcAX3k0r4A4Ef9j7LMsqjYdtxLZ9H-pDK34eNmg9K7eicgDidnp3UMAWjVjsLXaRuFFodI7njYQJ6FmXe6JLvR_LRsbP4VdxSPuYnaP2jdBRj7rnAovQfPQoW&s=1", "media_description": "Advocates want landlords' help in sex trafficking battle in Billings", "thumbnail_url": null}], "urls": null}