{"url": "https://www.facebook.com/1003344626383879/posts/1947116265340039/", "created_time": "2018-07-25T14:04:01+0000", "message": "'A multi-agency sting operation aimed at detecting human trafficking led to the arrest of six people on prostitution charges\"", "cleaned_message": ["multi-ag", "sting", "oper", "aim", "detect", "human", "traffick", "led", "arrest", "six", "peopl", "prostitut", "charg"], "emojis": null, "mentions": null, "names": null, "message_tags": null, "attachments": [{"media_type": "share", "media_url": "https://l.facebook.com/l.php?u=https%3A%2F%2Fbuff.ly%2F2Aauc72&h=AT1u29XkLVOL0QWWpwJWf0e6mXbTNBjZpKOavzc7IR1WU2-c2FcrGfGvIjBPbbghSG1-QKGrgKxERWE6fKXkQNaRTpEi5Hogg2mAsmUbobxxavbsR6W3Ftd6dtHEBw-u&s=1", "media_description": "Human trafficking sting nets 6 arrests in Knoxville, Lenoir City", "thumbnail_url": null}], "urls": null}