{"url": "https://www.facebook.com/1003344626383879/posts/2300907116627617/", "created_time": "2019-03-27T23:51:23+0000", "message": "Two teenage girls were held captive in a sex trafficking ring that lawyers contend was operated out of three Philadelphia hotels \u2014 the Roosevelt Inn, Days Inn and North American Motor Inns.", "cleaned_message": ["two", "teenag", "girl", "held", "captiv", "sex", "traffick", "ring", "lawyer", "contend", "oper", "three", "philadelphia", "hotel", "roosevelt", "inn", "day", "inn", "north", "american", "motor", "inn"], "emojis": null, "mentions": null, "names": null, "message_tags": null, "attachments": [{"media_type": "share", "media_url": "https://l.facebook.com/l.php?u=https%3A%2F%2Fbuff.ly%2F2TYOWIl&h=AT26ahnsxZzkPWSZBLwX7BK9N2PquQKyHpQOxE0F-gyeef0GX-thiRK3dDw20I3dRWdOS28uDzjS1vIYPhud8gwmh_eOj779z8KfCWkfiyQ0Mxgi5VcuWIy9zgP76pi0&s=1", "media_description": "\u2018Modern-Day Slavery\u2019: 3 Philadelphia Hotels Sued For Allegedly Turning Blind Eye To Teen Sex Trafficking Ring", "thumbnail_url": null}], "urls": null}