{"url": "https://www.facebook.com/helperase/videos/398253454563444/", "created_time": "2020-12-09T01:01:48+0000", "message": "Mental health and healing process for those that have been victimized by human trafficking", "cleaned_message": ["mental", "health", "heal", "process", "victim", "human", "traffick"], "emojis": null, "mentions": null, "names": null, "message_tags": null, "attachments": [{"media_type": "video_inline", "media_url": "https://www.facebook.com/helperase/videos/398253454563444/", "media_description": null, "thumbnail_url": null}], "urls": null}