{"url": "https://www.facebook.com/1003344626383879/posts/2544187242299602/", "created_time": "2019-08-11T14:04:02+0000", "message": "\"The Horry County Sheriff\u2019s Office hosted a workshop with the ultimate goal to educate the community on how the to help victims.\"", "cleaned_message": ["horri", "counti", "sheriff", "offic", "host", "workshop", "ultim", "goal", "educ", "commun", "help", "victim"], "emojis": null, "mentions": null, "names": null, "message_tags": null, "attachments": [{"media_type": "share", "media_url": "https://l.facebook.com/l.php?u=https%3A%2F%2Fbuff.ly%2F2yLYdXb&h=AT1XUdzTZOjyFOqkvWeOFrFraGgtasOEKfGLGe8R0yau0eMgqtbye0Q0QWXrU4hKrA2MzOmGNgAElFE_XWmE_e6DCD0TfTfeCjxgV1jC_8bJeb7Ae6t2wKYOyxz8EPa0&s=1", "media_description": "Horry County Sheriff\u2019s Office hosts workshop on combating human sex trafficking", "thumbnail_url": null}], "urls": null}