{"url": "https://www.facebook.com/1003344626383879/posts/2530535253664801/", "created_time": "2019-08-03T18:58:20+0000", "message": "\u201cAddiction has become another weapon for traffickers,\u201d Senator Brown said in a recent conference call with reporters.", "cleaned_message": ["addict", "becom", "anoth", "weapon", "traffick", "senat", "brown", "said", "recent", "confer", "call", "report"], "emojis": null, "mentions": null, "names": ["Brown"], "message_tags": null, "attachments": [{"media_type": "share", "media_url": "https://l.facebook.com/l.php?u=https%3A%2F%2Fbuff.ly%2F2Kjwliw&h=AT0WAt8hO5DvQRpsa8DoZGvrW_9XsVl0crvK9dIM99roT_UGIqVyfzQZbSVtC3NMWPNDI8grPGW1V6l9WjMstCidcquQSFYbvGllzQDs5ClfzbZLl0lvUUTQ6xDuVBK_&s=1", "media_description": "Breaking the traffickers' grip", "thumbnail_url": null}], "urls": null}