{"url": "https://www.facebook.com/1003344626383879/posts/2318596068192055/", "created_time": "2019-04-08T20:10:04+0000", "message": "\u201cThis is happening in our community. It\u2019s happening to our young women and young men. Human trafficking is growing, it is a billion-dollar industry, and it will continue to be an issue unless we address it\u201d", "cleaned_message": ["happen", "commun", "happen", "young", "women", "young", "men", "human", "traffick", "grow", "billion-dollar", "industri", "continu", "issu", "unless", "address"], "emojis": null, "mentions": null, "names": null, "message_tags": null, "attachments": [{"media_type": "share", "media_url": "https://l.facebook.com/l.php?u=https%3A%2F%2Fbuff.ly%2F2U3yBgP&h=AT0HWHJXbmEG8-gFNdd6XwBVgk-Vn6a4sMTrR9Sh1T9QWIXNXw6cLPdNRNFbvJE3qMGyVxklAp6qsMgC7oF8VZdDjlh92UiEFP6w1Vxi7zv6RCySuYUeQN9XFqqYNnOQ&s=1", "media_description": "Local group addresses human trafficking in the Piedmont Triad", "thumbnail_url": null}], "urls": null}