{"url": "https://www.facebook.com/1003344626383879/posts/2070622052989459/", "created_time": "2018-10-21T20:10:01+0000", "message": "\u201cThis is a silent walk, we\u2019re walking for those without a voice.\u201d", "cleaned_message": ["silent", "walk", "walk", "without", "voic"], "emojis": null, "mentions": null, "names": null, "message_tags": null, "attachments": [{"media_type": "share", "media_url": "https://l.facebook.com/l.php?u=https%3A%2F%2Fbuff.ly%2F2yQdO7G&h=AT2J5Cv4HvFT56_iHHKIvBzCW5xAEwF3MNFL9pYN2n_7LRMyuYZg4RcZBLtfYFjwb71-FsKVC0CG3ORrFIN1YNcYjkagApoxtVIjkhMQJvc5_dpV_lz392w6bt2lQdW5&s=1", "media_description": "Walk For Freedom through downtown Carson City makes statement against human trafficking", "thumbnail_url": null}], "urls": null}