{"url": "https://www.facebook.com/1003344626383879/posts/1892000534184946/", "created_time": "2018-06-20T20:04:00+0000", "message": "\"Just 3 percent of the survivors of sex trafficking were born outside the country. More than half come from upper- and middle-class homes. More than half of the transactions for commercial sex acts occur online. The face of sex trafficking is changing, and it\u2019s changing rapidly. The pace of change and the way it\u2019s changing is putting our families at risk.\u201d", "cleaned_message": ["percent", "survivor", "sex", "traffick", "born", "outsid", "countri", "half", "come", "upper-", "middle-class", "home", "half", "transact", "commerci", "sex", "act", "occur", "onlin", "face", "sex", "traffick", "chang", "chang", "rapidli", "pace", "chang", "way", "chang", "put", "famili", "risk"], "emojis": null, "mentions": null, "names": null, "message_tags": null, "attachments": [{"media_type": "share", "media_url": "https://l.facebook.com/l.php?u=https%3A%2F%2Fbuff.ly%2F2lkGdfI&h=AT2fqdcFNBpGQOsA749abOsXTHIQKOpZxEQjLmXRYNf2lTyh4rA3e_CVQRHdOs0iNK25_yXOQHcuAHto4hcAe5zSrfxGHCdPbHpQMjfiQ_p3L77WbA3EKIgRCFUR-wTy&s=1", "media_description": "The faces of trafficking", "thumbnail_url": null}], "urls": null}