{"url": "https://www.facebook.com/1003344626383879/posts/1627929633925372/", "created_time": "2017-10-10T20:04:00+0000", "message": "Truckers Against Trafficking has been a huge help in fighting this horrible crime. Today, there are 440,000 truckers registered as TAT-trained. That means there are 440,000 men and women on the road who know how to spot and report suspicious activity that might be related to human trafficking. TAT has handed out over one million wallet cards that give reminders on all the things to look for if you think someone might be involved in trafficking.", "cleaned_message": ["trucker", "traffick", "huge", "help", "fight", "horribl", "crime", "today", "trucker", "regist", "tat-train", "mean", "men", "women", "road", "know", "spot", "report", "suspici", "activ", "might", "relat", "human", "traffick", "tat", "hand", "one", "million", "wallet", "card", "give", "remind", "thing", "look", "think", "someon", "might", "involv", "traffick"], "emojis": null, "mentions": null, "names": null, "message_tags": null, "attachments": [{"media_type": "share", "media_url": "http://l.facebook.com/l.php?u=http%3A%2F%2Fj.mp%2F2y5aWoH&h=AT0N6OT0A3IftkCL9_mnR8rp0aVQuOctqnh7fh6l1sZEMszWfaz_7jfq5MMNCuagXfAujcS5XiuFylAzyrmJzQU1TmqEIegs7FgXsI3HmYgNYH8HCQzPhTpSKISIyP3a&s=1", "media_description": "America's Truckers Are On The Front Lines Of Stopping Human Trafficking", "thumbnail_url": null}], "urls": null}