{"url": "https://www.facebook.com/helperase/photos/a.1029649477086727/2597064440345215/?type=3", "created_time": "2019-09-09T20:10:00+0000", "message": "Human trafficking is slavery \u2014 and it\u2019s happening right here in Pa.\n\"A 19-year-old former cheerleader, who was studying at Indiana University of Pennsylvania, was last seen two years ago leaving a hotel in New York City.\" https://buff.ly/2ZOTiEG", "cleaned_message": ["human", "traffick", "slaveri", "happen", "right", "pa", "-year-old", "former", "cheerlead", "studi", "indiana", "univers", "pennsylvania", "last", "seen", "two", "year", "ago", "leav", "hotel", "new", "york", "citi"], "emojis": null, "mentions": null, "names": null, "message_tags": [], "attachments": [{"media_type": "photo", "media_url": "https://www.facebook.com/helperase/photos/a.1029649477086727/2597064440345215/?type=3", "media_description": "Timeline Photos", "thumbnail_url": null}], "urls": ["https://buff.ly/2ZOTiEG"]}