{"url": "https://www.facebook.com/1003344626383879/posts/2089524521099212/", "created_time": "2018-11-03T14:04:01+0000", "message": "\u201cTroopers were called to the Relax Inn at 30702 Sussex Highway on Wednesday, October 30, in the town of Laurel. They had received a tip that a woman was being held against her will. State Police officers arrived at the Inn just before 8:30 a.m. and discovered the 22-year-old victim.\u201d", "cleaned_message": ["trooper", "call", "relax", "inn", "sussex", "highway", "wednesday", "octob", "town", "laurel", "receiv", "tip", "woman", "held", "state", "polic", "offic", "arriv", "inn", "discov", "-year-old", "victim"], "emojis": null, "mentions": null, "names": ["Inn"], "message_tags": null, "attachments": [{"media_type": "share", "media_url": "https://l.facebook.com/l.php?u=https%3A%2F%2Fbuff.ly%2F2SHSJp9&h=AT35DeeV-SfINUDC9z0-oXVp_f7Heb71WjC3gTEj9VsXMQffgHjOCkniIlHMv0GwHV71-WFnZN_tbctQ9n3i5pbq2KUpsvSccYBCybpfW0o6Pqgx9Rj2dpGUUokY4nYd&s=1", "media_description": "Delaware Human Trafficking Case: Four Suspects\u00a0Arrested", "thumbnail_url": null}], "urls": null}