{"url": "https://www.facebook.com/1003344626383879/posts/2002557543129244/", "created_time": "2018-08-27T14:04:09+0000", "message": "\"A teen reportedly told authorities that on several occasions she was taken to Lexington, given illegal drugs and had sexual encounters with a man.\"", "cleaned_message": ["teen", "reportedli", "told", "author", "sever", "occas", "taken", "lexington", "given", "illeg", "drug", "sexual", "encount", "man"], "emojis": null, "mentions": null, "names": null, "message_tags": null, "attachments": [{"media_type": "share", "media_url": "https://l.facebook.com/l.php?u=https%3A%2F%2Fbuff.ly%2F2o8KhRH&h=AT12olWsQOuEyIezf-uFW33pqO6I5othA6yQ0NEEIau3C665jnhABpMERex7u21QpY63K4EKtOOk6OdU6mU0aqKmxUWGGhoBW8DyZHGZaGUQFvbr1j0UapF4OBdE6lWN&s=1", "media_description": "Teen Exposes Human Trafficking Case in Davidson Co.; Suspect's Bond $5M", "thumbnail_url": null}], "urls": null}