{"url": "https://www.facebook.com/1003344626383879/posts/1784176081634059/", "created_time": "2018-03-10T15:14:05+0000", "message": "Operation Gauntlet, a series of online and street sting operations, took place in Midland and Ector Counties from February 16 to March 3, leading to the arrests of 62 suspects charged with Online Solicitation of a Minor, Prostitution, and more.", "cleaned_message": ["oper", "gauntlet", "seri", "onlin", "street", "sting", "oper", "took", "place", "midland", "ector", "counti", "februari", "march", "lead", "arrest", "suspect", "charg", "onlin", "solicit", "minor", "prostitut"], "emojis": null, "mentions": null, "names": null, "message_tags": null, "attachments": [{"media_type": "share", "media_url": "https://l.facebook.com/l.php?u=https%3A%2F%2Fbuff.ly%2F2G8qcmQ&h=AT0ApiWwDczmZYDER51QE8S_CVlfnMPmSIahKdn963i9Bv2fAkHcQ8SyI-LDFpQlu2mdKEZG4gmZca7gZcSk1VMV7zozPH-2tL-jfkA6Tjqr9Fv52RfBv36l97aEkTN4&s=1", "media_description": "Abilene police assist in child sex crime, human trafficking sting operations that netted 62 arrests", "thumbnail_url": null}], "urls": null}