{"url": "https://www.facebook.com/helperase/videos/1729003417151326/", "created_time": "2018-01-17T01:08:57+0000", "message": "Everyday Frontlines exposed to Human Trafficking #HelpErase", "cleaned_message": ["everyday", "frontlin", "expos", "human", "traffick"], "emojis": null, "mentions": null, "names": null, "message_tags": ["helpERASE"], "attachments": [{"media_type": "video_inline", "media_url": "https://www.facebook.com/helperase/videos/1729003417151326/", "media_description": "Everyday Frontlines exposed to Human Trafficking", "thumbnail_url": null}], "urls": null}