{"url": "https://www.facebook.com/1003344626383879/posts/1824466587605008/", "created_time": "2018-04-17T20:04:25+0000", "message": "Senators Rob Portman (R- OH ) and Claire McCaskill (D-MO ) found evidence that one of the biggest sex-for-hire advertisers, classified ads site Backpage.com, knew it was trafficking children and even helped traffickers to avoid detection.", "cleaned_message": ["senat", "rob", "portman", "r-", "oh", "clair", "mccaskil", "d-mo", "found", "evid", "one", "biggest", "sex-for-hir", "advertis", "classifi", "ad", "site", "backpag", "com", "knew", "traffick", "children", "even", "help", "traffick", "avoid", "detect"], "emojis": null, "mentions": null, "names": ["Rob Portman", "Claire McCaskill"], "message_tags": [], "attachments": [{"media_type": "share", "media_url": "https://l.facebook.com/l.php?u=https%3A%2F%2Fbuff.ly%2F2viVjdE&h=AT2Ytuq4WNUEV8alJQ_DZ8NWk7dCnhnymlTKYLvNY5G04rFVoSD40xxyDPW1buK7nvg2kRS8cnoOio59lCeMgOZKlqXegn5XenezlH8M6McMSEn4c3cBflZTevbhxjPA&s=1", "media_description": "Backpage Knew It Was Trafficking Children for Sex", "thumbnail_url": null}], "urls": null}