{"url": "https://www.facebook.com/1003344626383879/posts/1798783703506630/", "created_time": "2018-03-23T20:04:02+0000", "message": "It\u2019s a crime we can\u2019t wrap our heads around, teen trafficking.  This is when teens are kidnapped and sold for sex crimes to predators and it is happening more in the US than one can imagine.  Every 2 minutes, a child is being groomed for sex trafficking.", "cleaned_message": ["crime", "wrap", "head", "around", "teen", "traffick", "teen", "kidnap", "sold", "sex", "crime", "predat", "happen", "us", "one", "imagin", "everi", "minut", "child", "groom", "sex", "traffick"], "emojis": null, "mentions": null, "names": null, "message_tags": null, "attachments": [{"media_type": "share", "media_url": "https://l.facebook.com/l.php?u=https%3A%2F%2Fbuff.ly%2F2FOyxiA&h=AT1kxy-3DpxCAbs0hWLJb_Ds8KizBcY_DmZMlSzTP_Bo7xz9DcxTHrcOBN0HzbkVIepPKnVv45BSZj1Vw4dG2azJuBxfTlJHT41UtudLP8rPQfg195D1HZXQ2XTm0IUn&s=1", "media_description": "Dr. Oz: \"True Crime Tuesday\" Sex trafficking of young girls", "thumbnail_url": null}], "urls": null}