{"url": "https://www.facebook.com/1003344626383879/posts/1594744000577269/", "created_time": "2017-09-03T13:14:02+0000", "message": "Many of the Brazilian women served as babysitters or helped in the church\u2019s school for little or no pay. The Brazilians told AP they were often physically or verbally assaulted.  \u201cThey kept us as slaves,\u201d one former Brazilian church member said. \u201cHow can you do that to people \u2013 claim you love them and then beat them in the name of God?\u201d", "cleaned_message": ["mani", "brazilian", "women", "serv", "babysitt", "help", "church", "school", "littl", "pay", "brazilian", "told", "ap", "often", "physic", "verbal", "assault", "kept", "us", "slave", "one", "former", "brazilian", "church", "member", "said", "peopl", "claim", "love", "beat", "name", "god"], "emojis": null, "mentions": null, "names": null, "message_tags": null, "attachments": [{"media_type": "share", "media_url": "http://l.facebook.com/l.php?u=http%3A%2F%2Fj.mp%2F2vUjn1A&h=AT2yGSow-PbNhVxGmHFv4-dq62-3j68Ctdtvg6pTb0MK9rRKD7VS51lSmNeDkqvjQt8jmRBAu_zsPd7UZG4tQUNiRUUoHEyJ0sUGVP8tH04V2THFTp4PDbe0338N5gjd&s=1", "media_description": "NC church known for \u2018blasting\u2019 out demons faces growing human-trafficking probe", "thumbnail_url": null}], "urls": null}