{"url": "https://www.facebook.com/1003344626383879/posts/1571561902895479/", "created_time": "2017-08-08T23:04:00+0000", "message": "Nearly 300 children have been reported missing in Philadelphia so far this year, but only one Amber Alert has been activated in the state.", "cleaned_message": ["nearli", "children", "report", "miss", "philadelphia", "far", "year", "one", "amber", "alert", "activ", "state"], "emojis": null, "mentions": null, "names": null, "message_tags": null, "attachments": [{"media_type": "share", "media_url": "https://l.facebook.com/l.php?u=https%3A%2F%2Fbuff.ly%2F2wpSsfz&h=AT2heYySSjKZy99WJ6kHZHktcxsxt4E52aW1WeMmsKJzspG2JrWMA4uy97-wiHMDxxM1WBrRjXA7g6PNCO59ZIndr8M2z7fzt9CWflakIFsLD-bogBVPGrnPrgbeySL6&s=1", "media_description": "Philly Police Review Missing Persons Policy", "thumbnail_url": null}], "urls": null}