{"url": "https://www.facebook.com/1003344626383879/posts/2613080592076933/", "created_time": "2019-09-18T14:04:04+0000", "message": "False reports like these lead people to miss the real threats of being lured into trafficking. Many people are lured through #socialmedia #peers or #boyfriends  \n\u201cWoman could face charges after lying in viral post about attempted luring at Pasco Walmart.\u201d", "cleaned_message": ["fals", "report", "like", "lead", "peopl", "miss", "real", "threat", "lure", "traffick", "mani", "peopl", "lure", "woman", "could", "face", "charg", "lie", "viral", "post", "attempt", "lure", "pasco", "walmart"], "emojis": null, "mentions": null, "names": null, "message_tags": ["socialmedia", "PEERS", "boyfriends"], "attachments": [{"media_type": "share", "media_url": "https://l.facebook.com/l.php?u=https%3A%2F%2Fbuff.ly%2F31wUeKL&h=AT2Gd-IJEbURsuOWvL79XWi4tLmCOYxpmc7o7IkPV5ruI8_CxFAz-OgCHxYJSVebz9oA8jOqKLAnJ1uNzxNWJGyO_u3cykFu5LSWrkfpEz0EL3rbwj9aMzfKaIsTVGi5&s=1", "media_description": "Woman could face charges after lying in viral post about attempted luring at Pasco Walmart", "thumbnail_url": null}], "urls": null}