{"url": "https://www.facebook.com/1003344626383879/posts/2219655651419431/", "created_time": "2019-02-01T15:04:02+0000", "message": "\u201cSurvivors of human trafficking can be children, adults, friends or neighbors.\u201d", "cleaned_message": ["survivor", "human", "traffick", "children", "adult", "friend", "neighbor"], "emojis": null, "mentions": null, "names": null, "message_tags": null, "attachments": [{"media_type": "share", "media_url": "https://l.facebook.com/l.php?u=https%3A%2F%2Fbuff.ly%2F2DLYYCT&h=AT1_KadZZ3RmSXHlpw1b6div3H-bilb2BdMNWc9l5KgMQE1_NC3FLQIfUBXluvRkePbwI37FPHKRwnYuLuYjjQJmyInBtJiDGO2E4woyDb3k5TjE5DzqJsYLGiJd5Jh2&s=1", "media_description": "Atlantic Cape students learn about human trafficking", "thumbnail_url": null}], "urls": null}