{"url": "https://www.facebook.com/helperase/photos/a.1029649477086727/2100557759995888/?type=3", "created_time": "2018-11-11T15:28:39+0000", "message": "A 'Veteran' -- whether active duty, honorably discharged, retired, or reserve -- is someone who, at one point in their life, wrote a blank check made payable to 'The United States of America,' for an amount of 'up to, and including their life.'\n\nThank you for your dedication. \u2764\ufe0f", "cleaned_message": ["veteran", "--", "whether", "activ", "duti", "honor", "discharg", "retir", "reserv", "--", "someon", "one", "point", "life", "wrote", "blank", "check", "made", "payabl", "unit", "state", "america", "amount", "includ", "life", "thank", "dedic"], "emojis": ["\u2764"], "mentions": null, "names": null, "message_tags": null, "attachments": [{"media_type": "photo", "media_url": "https://www.facebook.com/helperase/photos/a.1029649477086727/2100557759995888/?type=3", "media_description": "Timeline Photos", "thumbnail_url": null}], "urls": null}