{"url": "https://www.facebook.com/1003344626383879/posts/2023084327743232/", "created_time": "2018-09-13T14:04:39+0000", "message": "\"Traffickers target young adults typically between the ages of 14 to mid 30s, looking for people who could be easily persuaded and taken advantage of.\"", "cleaned_message": ["traffick", "target", "young", "adult", "typic", "age", "mid", "look", "peopl", "could", "easili", "persuad", "taken", "advantag"], "emojis": null, "mentions": null, "names": null, "message_tags": null, "attachments": [{"media_type": "share", "media_url": "https://l.facebook.com/l.php?u=https%3A%2F%2Fbuff.ly%2F2Mjheoc&h=AT1Cq0jjb-GKsd2qg2UxLSPI-VtwogfSO6mqG4KPZsC9qfvCN3_JkZRBRPSyvv6L_JCLgY6oKWLqhT9m_py9SUGTxahbdlQ-9mlua228qE5rpYcfs7cYxuZNScHD2yfg&s=1", "media_description": "The secret world of Human Trafficking | The Current", "thumbnail_url": null}], "urls": null}