{"url": "https://www.facebook.com/helperase/photos/a.1029649477086727/2226527247398938/?type=3", "created_time": "2019-02-05T21:10:01+0000", "message": "Florida is the third-highest state in the nation for human trafficking. It is imperative that we all work together to ensure that our state is a safe and welcoming place for all who visit https://buff.ly/2RCg9dJ", "cleaned_message": ["florida", "third-highest", "state", "nation", "human", "traffick", "imper", "work", "togeth", "ensur", "state", "safe", "welcom", "place", "visit"], "emojis": null, "mentions": null, "names": null, "message_tags": [], "attachments": [{"media_type": "photo", "media_url": "https://www.facebook.com/helperase/photos/a.1029649477086727/2226527247398938/?type=3", "media_description": "Timeline Photos", "thumbnail_url": null}], "urls": ["https://buff.ly/2RCg9dJ"]}