{"url": "https://www.facebook.com/1003344626383879/posts/2202512939800369/", "created_time": "2019-01-20T21:10:03+0000", "message": "\u201cI think this is a great way for our community to actively participate in raising awareness about trafficking and being able to talk to business leaders and provide prevention materials,\u201d", "cleaned_message": ["think", "great", "way", "commun", "activ", "particip", "rais", "awar", "traffick", "abl", "talk", "busi", "leader", "provid", "prevent", "materi"], "emojis": null, "mentions": null, "names": null, "message_tags": null, "attachments": [{"media_type": "share", "media_url": "https://l.facebook.com/l.php?u=https%3A%2F%2Fbuff.ly%2F2U0Ue1x&h=AT2OftTAwp24eedprwCB6vV4fTIv_syk704uR8BUPWIfNMkjRLMHOhC-sStK32jEBPIWwjtLDIgMQa611AxdHpQY9Dm2zu3jazCeMFLLpsu0nvMN5tGklh_Twh8gz8AQ&s=1", "media_description": "Volunteers visit local businesses to raise awareness of human trafficking", "thumbnail_url": null}], "urls": null}