{"url": "https://www.facebook.com/1003344626383879/posts/2044592658925732/", "created_time": "2018-10-01T20:10:06+0000", "message": "\"Sometimes by pretending to be a young person themselves. Sometimes pretending to be somebody concerned. In that manner, they're grooming or finding potential victims,\" Robinson said.", "cleaned_message": ["sometim", "pretend", "young", "person", "sometim", "pretend", "somebodi", "concern", "manner", "groom", "find", "potenti", "victim", "robinson", "said"], "emojis": null, "mentions": null, "names": ["Robinson"], "message_tags": null, "attachments": [{"media_type": "share", "media_url": "https://l.facebook.com/l.php?u=https%3A%2F%2Fbuff.ly%2F2zIopTS&h=AT37KYxUik-iLghezOmQJpmxSEm2H1U1L0kDrmdZrfqHEhgLbXsk3wNGQ5juetbyuCTvTul0_X3bRt1v7ntuKkh-Q5TBtwEJKQJi-mQn0vP0gdTnV6ydtA2fXz1yNoPV&s=1", "media_description": "Indiana lawmaker drafting bill to fight online human trafficking", "thumbnail_url": null}], "urls": null}