{"url": "https://www.facebook.com/1003344626383879/posts/2013296752055323/", "created_time": "2018-09-05T14:04:03+0000", "message": "\"It's a crime that's probably happening under our noses, especially with respect to labor trafficking, not just in the agricultural context, but in the restaurant industry, construction industry, hotels, domestic servitude is another one.\"", "cleaned_message": ["crime", "probabl", "happen", "nose", "especi", "respect", "labor", "traffick", "agricultur", "context", "restaur", "industri", "construct", "industri", "hotel", "domest", "servitud", "anoth", "one"], "emojis": null, "mentions": null, "names": null, "message_tags": null, "attachments": [{"media_type": "share", "media_url": "https://l.facebook.com/l.php?u=https%3A%2F%2Fbuff.ly%2F2MLGbxD&h=AT1PIHapfztQgEdh1L4wmiXlMCrJADjCIiI1lr5SGd3DzfSPywjUrpiFUAzbcQUlZRNCY7Q2HNd_TzXD25T6KURL0KYNIdoaTEQezx4YDfLbWgX_zQ4N4ggKBp67mQuC&s=1", "media_description": "Labor crew supervisor convicted of human trafficking", "thumbnail_url": null}], "urls": null}