{"url": "https://www.facebook.com/1003344626383879/posts/1582720535112949/", "created_time": "2017-08-21T01:38:22+0000", "message": "Great short by VICE about sex trafficking. \n#branding #HelpERASE", "cleaned_message": ["great", "short", "vice", "sex", "traffick"], "emojis": null, "mentions": null, "names": null, "message_tags": ["VICE", "branding", "helpERASE"], "attachments": [{"media_type": "video_direct_response", "media_url": "https://www.facebook.com/VICE/videos/1792614264105157/", "media_description": "Sex Trafficking Tattoo Removal", "thumbnail_url": null}], "urls": null}