{"url": "https://www.facebook.com/1003344626383879/posts/1473109846074019/", "created_time": "2017-05-12T15:34:11+0000", "message": "A high school senior tricks over 100 students into sending compromising photos and then extorts them into sending more. Parents, please talk to your kids about what they share online and in apps. #Education #Sextortion", "cleaned_message": ["high", "school", "senior", "trick", "student", "send", "compromis", "photo", "extort", "send", "parent", "pleas", "talk", "kid", "share", "onlin", "app"], "emojis": null, "mentions": null, "names": null, "message_tags": ["education", "sextortion"], "attachments": [{"media_type": "share", "media_url": "http://l.facebook.com/l.php?u=http%3A%2F%2Fbuff.ly%2F2qAnnWJ&h=AT3olNz23P5qGD93uB_4hQU1kaEI-GlsuHx1dmBXC9IuFMCWi5QxmRv8oGOQvXUpKiPAAG37uuvE5Akj-W-OZfqUaCLlYq5KSV7OhsAhX3K4_xLHeUa10buh0BUC6uPf&s=1", "media_description": "DA: Delco student posed as girl online; charged with child porn", "thumbnail_url": null}], "urls": null}