{"url": "https://www.facebook.com/helperase/photos/a.1029649477086727/3078440795540908/?type=3", "created_time": "2020-04-20T16:53:00+0000", "message": "Thank you frontline workers for serving our communities and keeping us safe and healthy! We appreciate you!!\u2800\n#frontlines #COVID19", "cleaned_message": ["thank", "frontlin", "worker", "serv", "commun", "keep", "us", "safe", "healthi", "appreci"], "emojis": null, "mentions": null, "names": null, "message_tags": ["frontlines", "COVID19"], "attachments": [{"media_type": "photo", "media_url": "https://www.facebook.com/helperase/photos/a.1029649477086727/3078440795540908/?type=3", "media_description": "Timeline Photos", "thumbnail_url": null}], "urls": null}