{"url": "https://www.facebook.com/helperase/photos/a.1029649477086727/2859262724125384/?type=3", "created_time": "2020-01-10T21:10:00+0000", "message": "Great job!!\nCalifornia man arrested- Troopers became suspicious of criminal activity consistent with human trafficking after speaking with Delgado\u2019s 22-year-old female passenger. #LEOs #makingadifference \nhttps://buff.ly/2tQTdBd https://kesq.com/news/national-world/2020/01/09/traffic-stop-leads-to-human-trafficking-arrest/", "cleaned_message": ["great", "job", "california", "man", "arrested-", "trooper", "becam", "suspici", "crimin", "activ", "consist", "human", "traffick", "speak", "delgado", "-year-old", "femal", "passeng"], "emojis": null, "mentions": null, "names": null, "message_tags": ["leos", "makingadifference"], "attachments": [{"media_type": "photo", "media_url": "https://www.facebook.com/helperase/photos/a.1029649477086727/2859262724125384/?type=3", "media_description": "Timeline Photos", "thumbnail_url": null}], "urls": ["https://buff.ly/2tQTdBd", "https://kesq.com/news/national-world/2020/01/09/traffic-stop-leads-to-human-trafficking-arrest/"]}