{"url": "https://www.facebook.com/1003344626383879/posts/2490192711032389/", "created_time": "2019-07-12T16:12:17+0000", "message": "***Update*** FoundSafe!\nSearch continues for both missing girls in Colorado. Please keep sharing!", "cleaned_message": ["updat", "foundsaf", "search", "continu", "miss", "girl", "colorado", "pleas", "keep", "share"], "emojis": null, "mentions": null, "names": null, "message_tags": null, "attachments": [{"media_type": "share", "media_url": "https://l.facebook.com/l.php?u=https%3A%2F%2Fbuff.ly%2F2Sb3S1X&h=AT1wwV1i6HNfC_qV6mBYURVnizMFQyMBjb2Sc6lYMhPxmL1pUvvWy40OXD6grgUhGybhib75S4aw9LvPBIX9mi52t8IRptbvbUrnZw9K6t8KTnuDEqkJozUgzT5VDO1N&s=1", "media_description": "Sherman parents searching for their missing daughter in Colorado", "thumbnail_url": null}], "urls": null}