{"url": "https://www.facebook.com/helperase/photos/a.1029649477086727/2074011382650526/?type=3", "created_time": "2018-10-24T14:04:00+0000", "message": "\u201cThe news is full of disturbing reports about people being stalked by strangers in stores, parking lots or other public venues.\u201d https://buff.ly/2SbEFE5", "cleaned_message": ["news", "full", "disturb", "report", "peopl", "stalk", "stranger", "store", "park", "lot", "public", "venu"], "emojis": null, "mentions": null, "names": null, "message_tags": [], "attachments": [{"media_type": "photo", "media_url": "https://www.facebook.com/helperase/photos/a.1029649477086727/2074011382650526/?type=3", "media_description": "Timeline Photos", "thumbnail_url": null}], "urls": ["https://buff.ly/2SbEFE5"]}