{"url": "https://www.facebook.com/1003344626383879/posts/1762709023780765/", "created_time": "2018-02-18T15:14:02+0000", "message": "As part of a plea agreement, Nolan pleaded guilty to 21 of those charges, which involved 19 victims. He\u2019s also required to pay a $110,000 fine \u2014 the bulk of which will be donated to the Human Trafficking Victims fund established by state Lawmakers in 2013.", "cleaned_message": ["part", "plea", "agreement", "nolan", "plead", "guilti", "charg", "involv", "victim", "also", "requir", "pay", "fine", "bulk", "donat", "human", "traffick", "victim", "fund", "establish", "state", "lawmak"], "emojis": null, "mentions": null, "names": null, "message_tags": null, "attachments": [{"media_type": "share", "media_url": "http://l.facebook.com/l.php?u=http%3A%2F%2Fj.mp%2F2EyfpnF&h=AT3g9EfmcxpypJm8hxTGp3jlQDeIbmCsty8cpG2Pp_hWIGbfjg4iAJuZb78tKLZEG5eM9n1iH2Vq3HRDaOMDfBpFbOgLlzRO4WdhVp4lJmpgNUOKl4SEgJGNdRmXJuGt&s=1", "media_description": "Donald Trump's Former Campaign Manager Tim Nolan Sentenced to 20 Years in Prison for Child Sex Trafficking", "thumbnail_url": null}], "urls": null}