{"url": "https://www.facebook.com/1003344626383879/posts/1751363488248652/", "created_time": "2018-02-07T21:04:08+0000", "message": "While each victim is different, there are some common characteristics seen by law enforcement when interacting with them. If you see any of these red flags, do not share your concerns with the possible victim or approach any suspected human trafficker. Call police instead.", "cleaned_message": ["victim", "differ", "common", "characterist", "seen", "law", "enforc", "interact", "see", "red", "flag", "share", "concern", "possibl", "victim", "approach", "suspect", "human", "traffick", "call", "polic", "instead"], "emojis": null, "mentions": null, "names": null, "message_tags": null, "attachments": [{"media_type": "share", "media_url": "http://l.facebook.com/l.php?u=http%3A%2F%2Fj.mp%2F2FOdgRz&h=AT3YStIDWkazsTBsUsYfLB0XuyWGC1wFwhiR6z-Z5PUuLLu_c8MJ0iI8VEO5LLVFKbQpibr4dDkBARggp9H3sjVsERs0e2BifQhahF3xZ9DLgnw-jO5MBHuC_3zGqxi7&s=1", "media_description": "How to identify a human trafficking victim", "thumbnail_url": null}], "urls": null}