{"url": "https://www.facebook.com/1003344626383879/posts/2523466611038332/", "created_time": "2019-07-30T20:10:05+0000", "message": "This is why we do the work we do. Human Trafficking isn't only growing in Tennessee, it's happening all across the country.\n\u201cHuman trafficking touches just about every county in Tennessee and the average age of victims when they begin is 13-years-old\u201d\n#lawenforcement #humantrafficking #Education", "cleaned_message": ["work", "human", "traffick", "grow", "tennesse", "happen", "across", "countri", "human", "traffick", "touch", "everi", "counti", "tennesse", "averag", "age", "victim", "begin", "-years-old"], "emojis": null, "mentions": null, "names": null, "message_tags": ["lawenforcement", "humantrafficking", "education"], "attachments": [{"media_type": "share", "media_url": "https://l.facebook.com/l.php?u=https%3A%2F%2Fbuff.ly%2F2MvLkbE&h=AT0-ZJoaMmRT9d0nkCwn8itDfHYAstQPlkh0vJjktB1w6wtY7fDdl1rciUfDODAHpJFPA5aCVca79lU8jYgmj50H2MuidddlJwoPCU0itOkFmO3YcfrkIiAKBdWiHWZu&s=1", "media_description": "Human trafficking \u20182nd highest rising crime in Tennessee\u2019", "thumbnail_url": null}], "urls": null}