{"url": "https://www.facebook.com/1003344626383879/posts/1513850091999994/", "created_time": "2017-06-18T11:14:02+0000", "message": "#HelpErase #HumanTrafficking #CreatingChange", "cleaned_message": [], "emojis": null, "mentions": null, "names": null, "message_tags": ["helpERASE", "humantrafficking", "creatingchange"], "attachments": [{"media_type": "share", "media_url": "http://l.facebook.com/l.php?u=http%3A%2F%2Fbuff.ly%2F2sKVxb3&h=AT2Z9Bnz1qLaDucL-zLixx22nC9E-sG2V-bH41dGxLbOOKUoyTjX_GNaIKTlcuYqsuBwCTzQI2HBDn-SmF2GHSZjk4gDWGWbe1Pr0RuDfpfwCNNmaTq31RoT7h6Piqpg&s=1", "media_description": "Know the warning signs: Human trafficking in airports", "thumbnail_url": null}], "urls": null}