{"url": "https://www.facebook.com/1003344626383879/posts/1477233462328324/", "created_time": "2017-05-16T23:07:19+0000", "message": "Thanks to the efforts of a social worker and law enforcement, two minors were recovered from a man who intended on trafficking the girls. \n#SpeakUp #HelpERASE", "cleaned_message": ["thank", "effort", "social", "worker", "law", "enforc", "two", "minor", "recov", "man", "intend", "traffick", "girl"], "emojis": null, "mentions": null, "names": null, "message_tags": ["SpeakUp", "helpERASE"], "attachments": [{"media_type": "share", "media_url": "http://l.facebook.com/l.php?u=http%3A%2F%2Fbuff.ly%2F2rkQqdW&h=AT1kuJhqYHiEjJIrVtYSCV_hcRwB6RSwI3xickNr6PXvHqflksUcdIfr4wvjKJ3Q4qZ0YAeb4Zz-_sxXUm3mZ5HzdnMGmO02nZ_LaYnONfsOeupT3hPjFH6LYhBIyBLc&s=1", "media_description": "Springfield man planned sex trafficking of two girls, police say", "thumbnail_url": null}], "urls": null}