{"url": "https://www.facebook.com/1003344626383879/posts/2003706863014312/", "created_time": "2018-08-28T14:04:03+0000", "message": "\u201cFor probably the first two years I came out of the life, I didn\u2019t even know I was a victim. It wasn\u2019t until I started hearing and seeing scenarios of different cases and people when I said, \u2018Oh my God, that\u2019s me.\u2019\"", "cleaned_message": ["probabl", "first", "two", "year", "came", "life", "even", "know", "victim", "start", "hear", "see", "scenario", "differ", "case", "peopl", "said", "oh", "god"], "emojis": null, "mentions": null, "names": null, "message_tags": null, "attachments": [{"media_type": "share", "media_url": "https://l.facebook.com/l.php?u=https%3A%2F%2Fbuff.ly%2F2obdV8T&h=AT3na1Zto9tKVSHYbLW0FhwcKmzXTxQUBXuL-jr0bj8HNmpFe9zA_4eM9bwhjjMbvsbpsRwconiCV3ca-1xPC1mI6F3iXAaDGGwVpW3-195rJGUvZ0xsib8RE0cFWOgt&s=1", "media_description": "Humboldt County officials seek unified approach to human trafficking as reports rise", "thumbnail_url": null}], "urls": null}