{"url": "https://www.facebook.com/1003344626383879/posts/1998936680157997/", "created_time": "2018-08-24T20:10:07+0000", "message": "\u201cThere are a ton of sites\u201d that are new after the closing of Craigslist and Backpage ads, Webb said. \u201cDaily we will find new sites.\u201d\"", "cleaned_message": ["ton", "site", "new", "close", "craigslist", "backpag", "ad", "webb", "said", "daili", "find", "new", "site"], "emojis": null, "mentions": null, "names": ["Webb"], "message_tags": null, "attachments": [{"media_type": "share", "media_url": "https://l.facebook.com/l.php?u=https%3A%2F%2Fbuff.ly%2F2wijAxE&h=AT3GWsgKNki_yKI-P7oFj-LoNz52oD5ooD4aJSevvWA-2hqTndtZHI-TyLEv6YTDDgvgFr29JXsS1dd5ir6YKiSNOxTda56y8_5MUmpF0rhMVBtVM-5oYthe2PCI-c7U&s=1", "media_description": "Authorities face new challenges as sex trafficking moves to new sites, mobile apps", "thumbnail_url": null}], "urls": null}