{"url": "https://www.facebook.com/1003344626383879/posts/1967199773331688/", "created_time": "2018-08-06T14:04:15+0000", "message": "\"In Iowa alone, in any given month, there are about 1,000 ads on the internet for commercial sex, says Stephen O\u2019Meara, a retired human trafficking coordinator with the Nebraska Attorney General's Office\"", "cleaned_message": ["iowa", "alon", "given", "month", "ad", "internet", "commerci", "sex", "say", "stephen", "meara", "retir", "human", "traffick", "coordin", "nebraska", "attorney", "gener", "offic"], "emojis": null, "mentions": null, "names": ["Stephen O Meara"], "message_tags": null, "attachments": [{"media_type": "share", "media_url": "https://l.facebook.com/l.php?u=https%3A%2F%2Fbuff.ly%2F2LZG7t9&h=AT1Bekj2fGuSMHOjCWunRI4O2yVwsQACR91wf48JOOF3m7AiokHvhVppskKwab-5H07umQ-ymCKBtskNqUtPcc75IFBpK3qjLAXnunLOEJCpw0RAWLdfmxpqVotkKj-z&s=1", "media_description": "Former Investigator: \"If there are no buyers, there is no sex trafficking\"", "thumbnail_url": null}], "urls": null}