{"url": "https://www.facebook.com/1003344626383879/posts/1933945163323816/", "created_time": "2018-07-17T13:00:58+0000", "message": "Fayetteville Police Department\u2019s Human Trafficking Unit and Sheriff Ennis W. Wright: Cumberland County NC's Human Trafficking Unit along with other law enforcement agencies and non- profits in their region are dedicated to and helping victims of human trafficking. Great job on disrupting illicit massage businesses in NC!", "cleaned_message": ["fayettevil", "polic", "depart", "human", "traffick", "unit", "sheriff", "enni", "w", "wright", "cumberland", "counti", "nc", "human", "traffick", "unit", "along", "law", "enforc", "agenc", "non-", "profit", "region", "dedic", "help", "victim", "human", "traffick", "great", "job", "disrupt", "illicit", "massag", "busi", "nc"], "emojis": null, "mentions": null, "names": ["Wright"], "message_tags": ["Fayetteville Police Department", "Sheriff Ennis W. Wright:  Cumberland County NC"], "attachments": [{"media_type": "share", "media_url": "http://l.facebook.com/l.php?u=http%3A%2F%2Ffayettevillenc.gov%2FHome%2Fs%2FYL6L19RQ&h=AT2VYTIhIqA7pDcVNT366Uil2Z-zYNiy88CDvSl5qa0jnziHMu5X5kWL_1lXKQE34OyDexQDMhjGbAQe2oXixJ7tb9ocjvwWdexvjezsXXFdReznop-TIMLp1vXOboGS&s=1", "media_description": "Suspect Arrested for Human Trafficking", "thumbnail_url": null}], "urls": null}