{"url": "https://www.facebook.com/1003344626383879/posts/2540693242649002/", "created_time": "2019-08-09T14:04:01+0000", "message": "\"The sting happened in July and resulted in the identification of 21 minors, rescue of 82 minors and arrest of 67 suspected traffickers. It also prompted 60 federal investigations.\"", "cleaned_message": ["sting", "happen", "juli", "result", "identif", "minor", "rescu", "minor", "arrest", "suspect", "traffick", "also", "prompt", "feder", "investig"], "emojis": null, "mentions": null, "names": null, "message_tags": null, "attachments": [{"media_type": "share", "media_url": "https://l.facebook.com/l.php?u=https%3A%2F%2Fbuff.ly%2F2yP1oNI&h=AT2owyTzarup62TezrgDCJ7n8veBhvlINTL5Mty1O8mdSCakl8w8mclTBiylxUVglPThpZfBoYtsslZImS1bZraYhgxriJ94mnkd6s72TzzLPr4PBJDY2Ss8g3fyPLY3&s=1", "media_description": "82 juvenile sex-trafficking victims rescued, 67 suspects arrested in nationwide FBI sting", "thumbnail_url": null}], "urls": null}