{"url": "https://www.facebook.com/1003344626383879/posts/2080401518678179/", "created_time": "2018-10-29T11:23:14+0000", "message": null, "cleaned_message": null, "emojis": null, "mentions": null, "names": null, "message_tags": null, "attachments": [{"media_type": "share", "media_url": "https://l.facebook.com/l.php?u=https%3A%2F%2Fwww.smalljoys.tv%2F16-year-old-girl-held-captive-three-months-reunited-mailman-helped-escape-2%2F&h=AT0mNHu-JWwCMANk2s834U_yYDAHpffjYMt0P79OZS6YFV7f5tcB-NZY1j5ExoUEulMig-zZwOUwcPeyXC6hVjoxyKt74p1OU7yUPWwxB-Vw5gBk1A11LfMOHfOiHf6I&s=1", "media_description": "16-Year-Old Girl Who Was Held Captive For Three Months Reunited With The Mailman Who Helped Her Escape", "thumbnail_url": null}]}