{"url": "https://www.facebook.com/helperase/photos/a.1029649477086727/3336777466373905/?type=3", "created_time": "2020-07-28T04:36:17+0000", "message": "#Repost @unboundfortworth\n\u30fb\u30fb\u30fb\nWEAR BLUE this Thursday and join us by observing the United Nation\u2019s World Day Against Trafficking in Persons, July 30. Snap a selfie of yourself in blue with the tag @unboundfortworth. \n\nJoin the fight on a local level by becoming a monthly supporter of Unbound or helping provide donations for survivors. Find out more out at unboundfortworth.org.\n\n#notinmycity #endtrafficking #ignitehope #worlddayagainsttrafficking #worlddayagainsttraffickinginpersons #worlddayagainsthumantrafficking #fortworth #texas #humantrafficking #sextrafficking", "cleaned_message": ["wear", "blue", "thursday", "join", "us", "observ", "unit", "nation", "world", "day", "traffick", "person", "juli", "snap", "selfi", "blue", "tag", "join", "fight", "local", "level", "becom", "monthli", "support", "unbound", "help", "provid", "donat", "survivor", "find", "unboundfortworth", "org"], "emojis": null, "mentions": ["unboundfortworth", "unboundfortworth"], "names": null, "message_tags": ["Repost", "NotInMyCity", "EndTrafficking", "IgniteHope", "WorldDayAgainstTrafficking", "WorldDayAgainstTraffickinginPersons", "WorldDayAgainstHumanTrafficking", "fortworth", "texas", "humantrafficking", "Sextrafficking"], "attachments": [{"media_type": "photo", "media_url": "https://www.facebook.com/helperase/photos/a.1029649477086727/3336777466373905/?type=3", "media_description": "Timeline Photos", "thumbnail_url": null}], "urls": null}