{"url": "https://www.facebook.com/1003344626383879/posts/2541187949266198/", "created_time": "2019-08-09T20:10:03+0000", "message": "\"Lt. Sean Swain, a public information officer with the Cumberland County Sheriff's Office, says the operation involved Fayetteville PD, and a non-profit group called Five Sparrows.\"", "cleaned_message": ["lt", "sean", "swain", "public", "inform", "offic", "cumberland", "counti", "sheriff", "offic", "say", "oper", "involv", "fayettevil", "pd", "non-profit", "group", "call", "five", "sparrow"], "emojis": null, "mentions": null, "names": null, "message_tags": null, "attachments": [{"media_type": "share", "media_url": "https://l.facebook.com/l.php?u=https%3A%2F%2Fbuff.ly%2F2MNYW2k&h=AT3ZcOQh1s1V-q0z8hUZEkxAEmDjNgEUsvUtJa4MZ2tNOhhIYvYJDkwg373izNmyFElLPPaJ7cywmT8K1FYPyTkha73a6lMVWRnnv5XI0rFFWvMCzvQ4qAfEY_zMqOjJ&s=1", "media_description": "11 arrested in human trafficking, prostitution sting in Cumberland County", "thumbnail_url": null}], "urls": null}