{"url": "https://www.facebook.com/1003344626383879/posts/1626007784117557/", "created_time": "2017-10-08T20:04:00+0000", "message": "Stories of sexual abuse and assault involving children are a horrific reality. Because of this, parents unfortunately have to educate their children on sex trafficking, abuse and assault starting at a young age to hopefully avoid adding to the statistics.", "cleaned_message": ["stori", "sexual", "abus", "assault", "involv", "children", "horrif", "realiti", "parent", "unfortun", "educ", "children", "sex", "traffick", "abus", "assault", "start", "young", "age", "hope", "avoid", "ad", "statist"], "emojis": null, "mentions": null, "names": null, "message_tags": null, "attachments": [{"media_type": "share", "media_url": "http://l.facebook.com/l.php?u=http%3A%2F%2Fj.mp%2F2y4PfVQ&h=AT2Gh6xrTbReI6YSmOXpYdwan1i8vpr7dWJai15Zws_F6raW2Owey-Ty2gyBHxFmn_OlSw-0BbPv3LSayOWbSE610YzhTiffcy6x50s8fW10WTb97vNJYRYI1CFQ5P8a&s=1", "media_description": "6 rules EVERY child needs to know to safeguard them from sexual abuse", "thumbnail_url": null}], "urls": null}