{"url": "https://www.facebook.com/1003344626383879/posts/1607012699350399/", "created_time": "2017-09-18T00:27:39+0000", "message": "\u201cThis is a classic case of human trafficking, in which the perpetrators isolated and intimidated a vulnerable victim so they could exploit her for their profit.\u201d\n\nTraffickers do not fit a stereotyped look.  They can be someone in your neighborhood.", "cleaned_message": ["classic", "case", "human", "traffick", "perpetr", "isol", "intimid", "vulner", "victim", "could", "exploit", "profit", "traffick", "fit", "stereotyp", "look", "someon", "neighborhood"], "emojis": null, "mentions": null, "names": null, "message_tags": null, "attachments": [{"media_type": "share", "media_url": "http://l.facebook.com/l.php?u=http%3A%2F%2Fnyp.st%2F2wtngut&h=AT0y9Ky2lO2FRLoxSxQxy6A4tQI0J3WNwsJHofPfpzbk8BI63zAlFq2TDxuVrJW1obfxKJvTWd9OsTWLIX1ZiTEv5Os_yxx967oE2ieh4dUOt4IzycsJv30qOJEwK6rX&s=1", "media_description": "Woman admits forcing 16-year-old into \u2018hellish life of sexual slavery\u2019", "thumbnail_url": null}], "urls": null}