{"url": "https://www.facebook.com/helperase/videos/318749828681588/", "created_time": "2018-09-05T23:05:19+0000", "message": "Fundraisers, Marketing & Ethics - where do you fit in?  #HelpERASE", "cleaned_message": ["fundrais", "market", "ethic", "-", "fit"], "emojis": null, "mentions": null, "names": null, "message_tags": ["helpERASE"], "attachments": [{"media_type": "video_inline", "media_url": "https://www.facebook.com/helperase/videos/318749828681588/", "media_description": null, "thumbnail_url": null}], "urls": null}