{"url": "https://www.facebook.com/1003344626383879/posts/1616717751713227/", "created_time": "2017-09-28T19:20:17+0000", "message": "The biggest problem is lack of awareness. Hotel staff and guests don\u2019t realize that trafficking is happening, or how to recognize the signs. Even if they do sense that a situation is suspicious, they may not know how to report it or whether it\u2019s worth reporting at all.", "cleaned_message": ["biggest", "problem", "lack", "awar", "hotel", "staff", "guest", "realiz", "traffick", "happen", "recogn", "sign", "even", "sens", "situat", "suspici", "may", "know", "report", "whether", "worth", "report"], "emojis": null, "mentions": null, "names": null, "message_tags": null, "attachments": [{"media_type": "share", "media_url": "http://l.facebook.com/l.php?u=http%3A%2F%2Fj.mp%2F2wdjN3P&h=AT3PdDTt3nwhozb6edDLVN60_vKezo4QtsHEDcQIwIMHZbTWekhQ1X3SjQJJZD8_-IqzXW2A_okSf5w1YfLNUxVy3Z2b0_ezVJ6Ikqu_lfyat23p_mbqHJT2AVwn2R7x&s=1", "media_description": "This New York priest is on a mission to help children trapped in sex trafficking at hotels", "thumbnail_url": null}], "urls": null}