{"url": "https://www.facebook.com/1003344626383879/posts/1615894768462192/", "created_time": "2017-09-27T20:04:00+0000", "message": "\"Anyone who calls this number will receive assistance,\" Aaron Rouse, the FBI agent in charge in Las Vegas, told reporters at an announcement timed to coincide with images appearing on 10 electronic billboards at busy crossroads and freeways around Sin City.\n\"This is not about law enforcement,\" Rouse said. \"This is about saving lives.\"", "cleaned_message": ["anyon", "call", "number", "receiv", "assist", "aaron", "rous", "fbi", "agent", "charg", "la", "vega", "told", "report", "announc", "time", "coincid", "imag", "appear", "electron", "billboard", "busi", "crossroad", "freeway", "around", "sin", "citi", "law", "enforc", "rous", "said", "save", "live"], "emojis": null, "mentions": null, "names": ["Aaron Rouse"], "message_tags": null, "attachments": [{"media_type": "share", "media_url": "http://l.facebook.com/l.php?u=http%3A%2F%2Fj.mp%2F2hpMwMQ&h=AT35Rb24Y1A1pl-WZNwMZ5cfwqXlmhR-6BLYJnRHOjgWq-62viOt8ktmUnBRiYpS74DKNMxwQ6x2GYPtNp9jtl9cOa54GqJMeuATbk23HCnoNiDCLjaZ-0AJQMKRILLG&s=1", "media_description": "FBI, billboard firm begin Vegas human trafficking campaign", "thumbnail_url": null}], "urls": null}