{"url": "https://www.facebook.com/1003344626383879/posts/1784483804936620/", "created_time": "2018-03-10T21:04:05+0000", "message": "The app, called Operation Compass, was launched in December 2015 and allows users to anonymously report cases of human trafficking from anywhere in the U.S. Reports are immediately sent to service providers and law enforcement, who are able to locate the reported instance and take action against human traffickers.", "cleaned_message": ["app", "call", "oper", "compass", "launch", "decemb", "allow", "user", "anonym", "report", "case", "human", "traffick", "anywher", "u", "report", "immedi", "sent", "servic", "provid", "law", "enforc", "abl", "locat", "report", "instanc", "take", "action", "human", "traffick"], "emojis": null, "mentions": null, "names": null, "message_tags": null, "attachments": [{"media_type": "share", "media_url": "https://l.facebook.com/l.php?u=https%3A%2F%2Fbuff.ly%2F2FsTjjv&h=AT1OKNlkIDNY2o6QHxAIEUJ55C8sOqiCDv-3pAlAyMdMVzPolr04SAvZUycqSQa6owO0IRTO8vmTcu-ikUk-eg_89t1DjYvnLmb5IUahflk2f-DcTo2dLcuCtom_Ltne&s=1", "media_description": "Assistant professor pioneers app to combat human trafficking", "thumbnail_url": null}], "urls": null}