{"url": "https://www.facebook.com/1003344626383879/posts/1731790740205927/", "created_time": "2018-01-19T19:34:06+0000", "message": "The statement below is why we focus on law enforcement training.\n\n\u201cI\u2019ve been a cop for 30 years and I had no clue,\u201d said Philadelphia Police Lieutenant Gary Ferguson. \u201cNo idea that human trafficking and prostitution was this big a problem in Philadelphia.\u201d", "cleaned_message": ["statement", "focu", "law", "enforc", "train", "cop", "year", "clue", "said", "philadelphia", "polic", "lieuten", "gari", "ferguson", "idea", "human", "traffick", "prostitut", "big", "problem", "philadelphia"], "emojis": null, "mentions": null, "names": ["Gary Ferguson"], "message_tags": null, "attachments": [{"media_type": "share", "media_url": "https://l.facebook.com/l.php?u=https%3A%2F%2Fwww.nbcphiladelphia.com%2Fnews%2Flocal%2FHuman-Trafficking-Report-Illicit-Massage-Parlors-Businesses-Philadelphia-Pennsylvania-New-Jersey-Delaware-469801113.html&h=AT3a7MDG8rh8rO7LjEo4Q-2AWwCnI9gMhoRqwZewIc2pnT1vmb_NJT5p4dhsL0S9hLQ9uFwBR8_hMYzxLjRb-Kjvi8SQIHzr3jwa1Ac3mNtgJSMQvfTBWjFXhLeJv7eS&s=1", "media_description": "Trafficking Report: 700 Illicit Massage Parlors in Our Area", "thumbnail_url": null}], "urls": null}