{"url": "https://www.facebook.com/1003344626383879/posts/1559414584110211/", "created_time": "2017-07-27T13:14:01+0000", "message": "The \"silent crime\" of human trafficking, and especially child sex trafficking, is getting a tiny bit louder.-Paving the Way\n #HelpErase #GiveFreedom", "cleaned_message": ["silent", "crime", "human", "traffick", "especi", "child", "sex", "traffick", "get", "tini", "bit", "louder", "-pave", "way"], "emojis": null, "mentions": null, "names": null, "message_tags": ["Paving the Way", "helpERASE", "GiveFreedom"], "attachments": [{"media_type": "share", "media_url": "http://l.facebook.com/l.php?u=http%3A%2F%2Fbuff.ly%2F2uUeE3r&h=AT3BAYIICPy35zAPpzGbqkkTFWYmwEqUJnMowHGkEEnhSrPxNz2rHGkNlPJOjFtG4AylWNqQAdIQmdixt8R1hMjo2C7xB8a_MONjlJntdfrTND6ooYkc2rHVbULx0kbG&s=1", "media_description": "Child Sex Trafficking, a Pervasive but Hidden Crime", "thumbnail_url": null}], "urls": null}