{"url": "https://www.facebook.com/1003344626383879/posts/1536927549692248/", "created_time": "2017-07-07T21:13:14+0000", "message": "Join us tomorrow 3pm est. as we continue our month-long awareness campaign #GiveFreedom. We are honored to have Kelley Alsobrook from Rise UP & Fight do a FB Live and share her knowledge about Human Trafficking. Please share this out and join in the conversation.", "cleaned_message": ["join", "us", "tomorrow", "pm", "est", "continu", "month-long", "awar", "campaign", "honor", "kelley", "alsobrook", "rise", "fight", "fb", "live", "share", "knowledg", "human", "traffick", "pleas", "share", "join", "convers"], "emojis": null, "mentions": null, "names": ["Kelley Alsobrook"], "message_tags": ["GiveFreedom"], "attachments": [{"media_type": "photo", "media_url": "https://www.facebook.com/helperase/photos/a.1029649477086727/1536921146359555/?type=3", "media_description": null, "thumbnail_url": null}], "urls": null}