{"url": "https://www.facebook.com/helperase/photos/a.1029649477086727/2283127041738958/?type=3", "created_time": "2019-03-15T14:32:47+0000", "message": "\u201cSocial media is the primary method traffickers use to contact young people. They will look for those who show noticeable vulnerability through emotional neediness, low self-confidence and economic stress.\u201d https://buff.ly/2u5NO6p", "cleaned_message": ["social", "media", "primari", "method", "traffick", "use", "contact", "young", "peopl", "look", "show", "notic", "vulner", "emot", "needi", "low", "self-confid", "econom", "stress"], "emojis": null, "mentions": null, "names": null, "message_tags": [], "attachments": [{"media_type": "photo", "media_url": "https://www.facebook.com/helperase/photos/a.1029649477086727/2283127041738958/?type=3", "media_description": "Timeline Photos", "thumbnail_url": null}], "urls": ["https://buff.ly/2u5NO6p"]}