{"url": "https://www.facebook.com/1003344626383879/posts/2214226111962385/", "created_time": "2019-01-28T21:10:03+0000", "message": "\u201cVictims are girls and young women, but increasingly they are also young boys,\u201d said Thomas. \u201cThey are not always from poor and impoverished backgrounds, and victims can come from the middle class or wealthy families. The three words that lead to this crime are greed, indifference and fear. This is a big industry, and the target is kids.\u201d", "cleaned_message": ["victim", "girl", "young", "women", "increasingli", "also", "young", "boy", "said", "thoma", "alway", "poor", "impoverish", "background", "victim", "come", "middl", "class", "wealthi", "famili", "three", "word", "lead", "crime", "greed", "indiffer", "fear", "big", "industri", "target", "kid"], "emojis": null, "mentions": null, "names": ["Thomas"], "message_tags": null, "attachments": [{"media_type": "share", "media_url": "https://l.facebook.com/l.php?u=https%3A%2F%2Fbuff.ly%2F2U5DxSO&h=AT3KSChgGzjgPyJrmOjDrS1GDX-3UnPNo9Kl9epOLfjneE3wVjQJRYniqUkLHI2DmW6afGc5MZNGxCzSW5k496TmFvOGiDKaJwmPRk_sidk8mM-hp8dBJljc3hYYf9BK&s=1", "media_description": "Experts discuss fight to end human trafficking", "thumbnail_url": null}], "urls": null}