{"url": "https://www.facebook.com/1003344626383879/posts/1974516862599979/", "created_time": "2018-08-10T20:10:08+0000", "message": "Juvenile Delinquent or Victim of Human Trafficking?", "cleaned_message": ["juvenil", "delinqu", "victim", "human", "traffick"], "emojis": null, "mentions": null, "names": null, "message_tags": null, "attachments": [{"media_type": "share", "media_url": "https://l.facebook.com/l.php?u=https%3A%2F%2Fbuff.ly%2F2OmwO3T&h=AT0jFyKfd-X0d-p6HjCEq7Hj0b0YB2UksdGYvyuixLI2UBJWFb062PXgfXYyYvHXyAYl9wxU18zoVJJlRQ4cHpPpu97lfLh4E3Ythnx363GxJRfku_7xyKB7Sd1We015&s=1", "media_description": "Juvenile Delinquent or Victim of Human Trafficking? | ERASE Child Trafficking", "thumbnail_url": null}], "urls": null}