{"url": "https://www.facebook.com/1003344626383879/posts/2334351313283197/", "created_time": "2019-04-12T06:37:38+0000", "message": "#missing \n#idaho\nPlease share.", "cleaned_message": ["pleas", "share"], "emojis": null, "mentions": null, "names": null, "message_tags": ["missing", "idaho"], "attachments": [{"media_type": "photo", "media_url": "https://www.facebook.com/photo.php?fbid=10213720470667613&set=p.10213720470667613&type=3", "media_description": null, "thumbnail_url": null}], "urls": null}