{"url": "https://www.facebook.com/helperase/photos/a.1029649477086727/2173609019357428/?type=3", "created_time": "2019-01-01T03:57:14+0000", "message": "Wishing you health, peace, and joy in 2019!\n#happynewyear", "cleaned_message": ["wish", "health", "peac", "joy"], "emojis": null, "mentions": null, "names": null, "message_tags": ["HappyNewYear"], "attachments": [{"media_type": "photo", "media_url": "https://www.facebook.com/helperase/photos/a.1029649477086727/2173609019357428/?type=3", "media_description": "Timeline Photos", "thumbnail_url": null}], "urls": null}