{"url": "https://www.facebook.com/1003344626383879/posts/1942349849150014/", "created_time": "2018-07-22T16:08:17+0000", "message": "When survivors break free from trafficking, they work to reclaim their lives. Without support and resources, survivors remain vulnerable to being re-victimized. \nThrough survivor services and law enforcement courses, ERASE works to assist and empower survivors. \n#survivor #freedom #notforsale", "cleaned_message": ["survivor", "break", "free", "traffick", "work", "reclaim", "live", "without", "support", "resourc", "survivor", "remain", "vulner", "re-victim", "survivor", "servic", "law", "enforc", "cours", "eras", "work", "assist", "empow", "survivor"], "emojis": null, "mentions": null, "names": null, "message_tags": ["survivor", "freedom", "NotForSale"], "attachments": [{"media_type": "photo", "media_url": "https://www.facebook.com/helperase/photos/a.1029649477086727/1942347335816932/?type=3", "media_description": null, "thumbnail_url": null}], "urls": null}