{"url": "https://www.facebook.com/1003344626383879/posts/1931491076902558/", "created_time": "2018-07-15T21:46:17+0000", "message": "Human Trafficking - It's not about transportation...It's about exploitation. \nVisit helpERASE.org for additional information.", "cleaned_message": ["human", "traffick", "-", "transport", "exploit", "visit", "helperas", "org", "addit", "inform"], "emojis": null, "mentions": null, "names": null, "message_tags": [], "attachments": [{"media_type": "photo", "media_url": "https://www.facebook.com/helperase/photos/a.1029649477086727/1931489780236021/?type=3", "media_description": null, "thumbnail_url": null}], "urls": null}