{"url": "https://www.facebook.com/1003344626383879/posts/2259906230727706/", "created_time": "2019-02-26T17:19:02+0000", "message": "Everyone has the right to live a free life. Human trafficking is the fastest growing crime yet many law enforcement agencies still lack the training needed to identify human trafficking victims and investigate human trafficking crimes. ERASE Child Trafficking is dedicated to empowering law enforcement with the tools and techniques needed to fight human trafficking. To learn more visit erasechildtrafficking.org. \n#endhumantrafficking #leo #makingadifference", "cleaned_message": ["everyon", "right", "live", "free", "life", "human", "traffick", "fastest", "grow", "crime", "yet", "mani", "law", "enforc", "agenc", "still", "lack", "train", "need", "identifi", "human", "traffick", "victim", "investig", "human", "traffick", "crime", "eras", "child", "traffick", "dedic", "empow", "law", "enforc", "tool", "techniqu", "need", "fight", "human", "traffick", "learn", "visit", "erasechildtraffick", "org"], "emojis": null, "mentions": null, "names": null, "message_tags": ["endhumantrafficking", "Leo", "makingadifference"], "attachments": [{"media_type": "photo", "media_url": "https://www.facebook.com/helperase/photos/a.1029649477086727/2259906210727708/?type=3", "media_description": null, "thumbnail_url": null}], "urls": null}