{"url": "https://www.facebook.com/1003344626383879/posts/1763760157008985/", "created_time": "2018-02-19T15:14:07+0000", "message": "Taylor Bashuk with Traffick Jam says teens definitely need to be aware that not everyone online is who they say they are.  \"There's people who just pull pictures from the internet and that's who they say they are,\" Bashuk said. \"And they'll message you and it seems really innocent, but they're just earning your trust.\"", "cleaned_message": ["taylor", "bashuk", "traffick", "jam", "say", "teen", "definit", "need", "awar", "everyon", "onlin", "say", "peopl", "pull", "pictur", "internet", "say", "bashuk", "said", "messag", "seem", "realli", "innoc", "earn", "trust"], "emojis": null, "mentions": null, "names": ["Taylor Bashuk", "Traffick Jam", "Bashuk"], "message_tags": null, "attachments": [{"media_type": "share", "media_url": "http://l.facebook.com/l.php?u=http%3A%2F%2Fj.mp%2F2EvoTge&h=AT2HxWVcRPCwq0OITLROKUAvEODL2Dw2Cl98zrfYnbqwU7oTx0vcXhxekUvvobM7sg47Ticz53d3Gp6rjr49FmeQ8G78FP3ZxxAV_0eSP0W0G9xJXW7t9n2bXGaUqgD9&s=1", "media_description": "Illuminating child sex trafficking on the dark web", "thumbnail_url": null}], "urls": null}