{"url": "https://www.facebook.com/1003344626383879/posts/1748104365241231/", "created_time": "2018-02-04T15:14:04+0000", "message": "In 2016, there were more than 7,600 cases of human trafficking reported nationwide, according to the National Human Trafficking Hotline. Texas accounted for 665 of the cases reported, trailing only California with the most reports of human trafficking.", "cleaned_message": ["case", "human", "traffick", "report", "nationwid", "accord", "nation", "human", "traffick", "hotlin", "texa", "account", "case", "report", "trail", "california", "report", "human", "traffick"], "emojis": null, "mentions": null, "names": null, "message_tags": null, "attachments": [{"media_type": "share", "media_url": "http://l.facebook.com/l.php?u=http%3A%2F%2Fj.mp%2F2Ft8eK6&h=AT0UX9hO_71DMl125iTJWIExpT7aKLqChcd9Qx-FjennU_aVlD53uv27TTI5hoH0JSySaSReq4EV8oDYyV6u0OneX9pjVkk5DTeJV52Man5L3J2-vQ1ddr4PQAbWguxO&s=1", "media_description": "Texas human trafficking epidemic among worst in nation", "thumbnail_url": null}], "urls": null}