{"url": "https://www.facebook.com/1003344626383879/posts/1657996504252018/", "created_time": "2017-11-09T21:04:00+0000", "message": "The 33-year-old quit her well-paying job at the prestigious Procopio law firm in downtown San Diego to start a nonprofit that will take on the legal messes of trafficked victims. \u201cI\u2019m hearing over and over again, \u2018I\u2019ve never had a lawyer before.\u2019 \u2018The only lawyer I\u2019ve had was a public defender when I was charged with a crime,\u2019\u201d Quient said in an interview this week.", "cleaned_message": ["-year-old", "quit", "well-pay", "job", "prestigi", "procopio", "law", "firm", "downtown", "san", "diego", "start", "nonprofit", "take", "legal", "mess", "traffick", "victim", "hear", "never", "lawyer", "lawyer", "public", "defend", "charg", "crime", "quient", "said", "interview", "week"], "emojis": null, "mentions": null, "names": null, "message_tags": null, "attachments": [{"media_type": "share", "media_url": "http://l.facebook.com/l.php?u=http%3A%2F%2Fj.mp%2F2zkpgdV&h=AT3g9o7WugVQ16ryxqwR43TqQG6YiDJID3HGp1-opmlNhPOxo8e6WKzdiXsSZ56rJbtUYD-gb-nUfi7WTVGPTddrAEc3QcBnIZkBVEca5LEibqPgl8ggjMjfNLCOzVpM&s=1", "media_description": "Human trafficking survivors get a highly qualified legal advocate", "thumbnail_url": null}], "urls": null}