{"url": "https://www.facebook.com/1003344626383879/posts/1656074027777599/", "created_time": "2017-11-07T21:04:00+0000", "message": "The sting was part of Operation Cross Country, the eleventh iteration of the nationwide FBI initiative that ran from Oct. 12-15. According to the FBI, 84 exploited children were rescued and 120 traffickers were arrested. \u201cAnyone can be vulnerable to this situation given the right opportunity,\u201d Broadus said. He said victims come from low-income and wealthy communities, and span all races and ethnicities.", "cleaned_message": ["sting", "part", "oper", "cross", "countri", "eleventh", "iter", "nationwid", "fbi", "initi", "ran", "oct", "-", "accord", "fbi", "exploit", "children", "rescu", "traffick", "arrest", "anyon", "vulner", "situat", "given", "right", "opportun", "broadu", "said", "said", "victim", "come", "low-incom", "wealthi", "commun", "span", "race", "ethnic"], "emojis": null, "mentions": null, "names": null, "message_tags": null, "attachments": [{"media_type": "share", "media_url": "http://l.facebook.com/l.php?u=http%3A%2F%2Fj.mp%2F2h9DB6e&h=AT26YxrxKP8sJ6I2yWBWxS_ASgL7I_UD-1FBMxX2Z2hrXGMPWzGz34Js0pOv-FeabPqi2oirxgo2uQb0EhDU0_Kv6gHD8tF7Li0lN3FU8PHmIM5NkySEsdWfIePv8a2f&s=1", "media_description": "FBI cracking down on human trafficking in Rhode Island communities", "thumbnail_url": null}], "urls": null}