{"url": "https://www.facebook.com/1003344626383879/posts/2271415249576804/", "created_time": "2019-03-06T17:47:54+0000", "message": "Human Trafficking Investigations Law Enforcement Course: Advanced police-practices for local level organizations. \nWe have had the privilege to share this knowledge with 442 dedicated individuals from agencies across the U.S and Canada who are committed to combating human trafficking.  We are extremely grateful to them. \n#leo #makingadifference #communities #endhumantrafficking", "cleaned_message": ["human", "traffick", "investig", "law", "enforc", "cours", "advanc", "police-practic", "local", "level", "organ", "privileg", "share", "knowledg", "dedic", "individu", "agenc", "across", "u", "canada", "commit", "combat", "human", "traffick", "extrem", "grate"], "emojis": null, "mentions": null, "names": null, "message_tags": ["Leo", "makingadifference", "communities", "endhumantrafficking"], "attachments": [{"media_type": "video_inline", "media_url": "https://www.facebook.com/helperase/videos/353880211895598/", "media_description": null, "thumbnail_url": null}], "urls": null}