{"url": "https://www.facebook.com/1003344626383879/posts/2244148925636770/", "created_time": "2019-02-16T15:04:01+0000", "message": "\u201cWe know that around 90% of the survivors of human trafficking, which are typically young girls and boys, come into contact with healthcare providers multiple times,\u201d", "cleaned_message": ["know", "around", "survivor", "human", "traffick", "typic", "young", "girl", "boy", "come", "contact", "healthcar", "provid", "multipl", "time"], "emojis": null, "mentions": null, "names": null, "message_tags": null, "attachments": [{"media_type": "share", "media_url": "https://l.facebook.com/l.php?u=https%3A%2F%2Fbuff.ly%2F2GqrgW5&h=AT3d_Xu9U7URjFbVTKr_8xZk256KjaS35YQtilxCHAXoI0lxSEQOYTAf4SApEG5pC6CMsVUy04sMJaVIAhZvbWLlEC76Cv2tvu0B4AFwajvmRgJxqw1xSOMvGH66QjcZ&s=1", "media_description": "Montana Medical Professionals Receive Human Trafficking Awareness Training", "thumbnail_url": null}], "urls": null}