{"url": "https://www.facebook.com/1003344626383879/posts/2061269963924668/", "created_time": "2018-10-14T14:04:02+0000", "message": "\u201cIncidents of human trafficking, fraud and neglect continue to emerge across the nation.\u201d", "cleaned_message": ["incid", "human", "traffick", "fraud", "neglect", "continu", "emerg", "across", "nation"], "emojis": null, "mentions": null, "names": null, "message_tags": null, "attachments": [{"media_type": "share", "media_url": "https://l.facebook.com/l.php?u=https%3A%2F%2Fbuff.ly%2F2RJLuMS&h=AT0xyDeWxDfIA_cDAK7DMENUG8Zss50a9QZlXeXths2xFlT3pg985CYv2-IuaBRodoHxwTHKkCRNekp-bgZNC9dKkN6lrzzTLX5vZCjQR391aPb3R1n-xYuMRj510Je4&s=1", "media_description": "Migrant workers in Indiana: They harvest our food, but risk labor trafficking", "thumbnail_url": null}], "urls": null}