{"url": "https://www.facebook.com/1003344626383879/posts/2048348291883502/", "created_time": "2018-10-04T20:10:02+0000", "message": "Will this help or hurt? \n\"Legislation allows for more measures to keep kids out of foster care.\"", "cleaned_message": ["help", "hurt", "legisl", "allow", "measur", "keep", "kid", "foster", "care"], "emojis": null, "mentions": null, "names": null, "message_tags": null, "attachments": [{"media_type": "share", "media_url": "https://l.facebook.com/l.php?u=https%3A%2F%2Fbuff.ly%2F2OYbX7O&h=AT3dUZz9F1CJAmV5GqBkKg6O4OMJB1qU33GgCqQQ4ru0k54bv8C2vT8o2kGuIvuY0ds6CFDrhJEmMgotNUWjxmu4DsRZqyalNIyGMdGkaEkh8SmAoiZEZyJrNQQXhCuY&s=1", "media_description": "Legislation allows for more measures to keep kids out of foster care", "thumbnail_url": null}, {"media_type": "fundraiser_for_story", "media_url": "https://www.facebook.com/1003344626383879/posts/2048348291883502/", "media_description": null, "thumbnail_url": null}], "urls": null}