{"url": "https://www.facebook.com/1003344626383879/posts/2039875952730736/", "created_time": "2018-09-27T20:10:07+0000", "message": "Nebraska\u2019s proximity to Interstate 80, a highway that stretches from California to New Jersey, makes some towns in the state particularly susceptible to the buying and selling of young women and sometimes young men, according to the U.S. Institute Against Human Trafficking.", "cleaned_message": ["nebraska", "proxim", "interst", "highway", "stretch", "california", "new", "jersey", "make", "town", "state", "particularli", "suscept", "buy", "sell", "young", "women", "sometim", "young", "men", "accord", "u", "institut", "human", "traffick"], "emojis": null, "mentions": null, "names": null, "message_tags": null, "attachments": [{"media_type": "share", "media_url": "https://l.facebook.com/l.php?u=https%3A%2F%2Fbuff.ly%2F2xVJYOv&h=AT3rvhW_c62dJmNExw42oPo1l5wFfXWL_oEdqAeAgkj9DQVsbbtF37sstX0cezrjtNNPhv40qWJ7Nj5kRKqaEpKQpcgyxsOthgl1xaDS_7ySTt-8cW9sb0__cVbk0Pl6&s=1", "media_description": "UNL community combats sex trafficking through awareness, research", "thumbnail_url": null}], "urls": null}