{"url": "https://www.facebook.com/1003344626383879/posts/1673149526070049/", "created_time": "2017-11-24T21:04:03+0000", "message": "'It's disturbing': TBI director says human trafficking is a demand-driven issue. \"It's disturbing. It's a part of our society that most people don't want to really believe that's out there, but it is and we can't ignore it,\"", "cleaned_message": ["disturb", "tbi", "director", "say", "human", "traffick", "demand-driven", "issu", "disturb", "part", "societi", "peopl", "want", "realli", "believ", "ignor"], "emojis": null, "mentions": null, "names": null, "message_tags": null, "attachments": [{"media_type": "share", "media_url": "http://l.facebook.com/l.php?u=http%3A%2F%2Fj.mp%2F2zVs4OU&h=AT3mJVQKvT-_9EF3rRig5JEYamo7WNYkmdxPB6UlufCnHkwTn5wc7UxdueMYZou__i5MNrss6ovIBxQSolqS8sCJV0E4DhF1T9gW5oSbGywWJC6_3YMyo2PZz3RuyPWL&s=1", "media_description": "'It's disturbing': TBI director says human trafficking is a demand-driven issue", "thumbnail_url": null}], "urls": null}