{"url": "https://www.facebook.com/1003344626383879/posts/1662554363796232/", "created_time": "2017-11-14T15:14:01+0000", "message": "FBI Indicts 22 On Sex And Human Trafficking Charges\nUndocumented immigrants were forced to work in brothels as payment for being smuggled into the US", "cleaned_message": ["fbi", "indict", "sex", "human", "traffick", "charg", "undocu", "immigr", "forc", "work", "brothel", "payment", "smuggl", "us"], "emojis": null, "mentions": null, "names": null, "message_tags": null, "attachments": [{"media_type": "share", "media_url": "http://l.facebook.com/l.php?u=http%3A%2F%2Fj.mp%2F2ztiAdB&h=AT3x0R4G-3qpDft1cFG_7SqKkjw6r1Ws4bSReK-hM66KiTz4QFbc0IBqYLCgPrhPWR5LwO31-r0Y0vE3n2-WTOr68fHAQYROyV6kYrArPo33XHP6WqhnNwWt3sdrg4wU&s=1", "media_description": "FBI Indicts 22 On Sex And Human Trafficking Charges", "thumbnail_url": null}], "urls": null}