{"url": "https://www.facebook.com/1003344626383879/posts/1588638417854494/", "created_time": "2017-08-27T18:50:52+0000", "message": "On Friday, Aug 25, we were privileged to attend the 2017 Hispanic Women of Distinction Awards. Rachel Tourgeman was one of the 12 amazing women that were honorees. The event was incredible down to the very detail. Elaine Vazquez and her team put on an outstanding production. Congratulations to all the women honored and thank you for all that you do for our community!", "cleaned_message": ["friday", "aug", "privileg", "attend", "hispan", "women", "distinct", "award", "rachel", "tourgeman", "one", "amaz", "women", "honore", "event", "incred", "detail", "elain", "vazquez", "team", "put", "outstand", "product", "congratul", "women", "honor", "thank", "commun"], "emojis": null, "mentions": null, "names": ["Rachel Tourgeman", "Elaine Vazquez"], "message_tags": ["Hispanic Women of Distinction", "Rachel Tourgeman"], "attachments": [{"media_type": "photo", "media_url": "https://www.facebook.com/helperase/photos/a.1029649477086727/1588637857854550/?type=3", "media_description": null, "thumbnail_url": null}], "urls": null}