{"url": "https://www.facebook.com/1003344626383879/posts/1525081804210156/", "created_time": "2017-06-28T11:14:04+0000", "message": "Hartsfield-Jackson Atlanta International Airport and Delta Air Lines have partnered with Rotary International to bring awareness to human trafficking with the installation of a temporary photography exhibit.", "cleaned_message": ["hartsfield-jackson", "atlanta", "intern", "airport", "delta", "air", "line", "partner", "rotari", "intern", "bring", "awar", "human", "traffick", "instal", "temporari", "photographi", "exhibit"], "emojis": null, "mentions": null, "names": null, "message_tags": null, "attachments": [{"media_type": "share", "media_url": "http://l.facebook.com/l.php?u=http%3A%2F%2Fbuff.ly%2F2tdxvoK&h=AT2MuOqBoPKZ2Li4R1c9zvteLZMxBk9LmNd4rrnEnpdjjqvnjD9H6i8lZ9zHSuTZnxidh7LT1I6YyOc75OYq8Cpn8H4A4gFbbXmb1u8nkeBu9ysDqwEsN32JRMw1_2vR&s=1", "media_description": "Human trafficking survivor exhibit to raise awareness at Atlanta airport", "thumbnail_url": null}], "urls": null}