{"url": "https://www.facebook.com/helperase/videos/1264341280441525/", "created_time": "2019-12-13T01:08:22+0000", "message": "We honor survivors by celebrating their support!\n#HelpERASE", "cleaned_message": ["honor", "survivor", "celebr", "support"], "emojis": null, "mentions": null, "names": null, "message_tags": ["helpERASE"], "attachments": [{"media_type": "video_inline", "media_url": "https://www.facebook.com/helperase/videos/1264341280441525/", "media_description": "We honor survivors by celebrating their support!", "thumbnail_url": null}], "urls": null}