{"url": "https://www.facebook.com/1003344626383879/posts/2372746289443699/", "created_time": "2019-05-06T21:13:24+0000", "message": "\"Special Agent Gonzalez-Ramos said, as a community, we need to be alert to help stop sex trafficking.\"", "cleaned_message": ["special", "agent", "gonzalez-ramo", "said", "commun", "need", "alert", "help", "stop", "sex", "traffick"], "emojis": null, "mentions": null, "names": ["Gonzalez-Ramos"], "message_tags": null, "attachments": [{"media_type": "share", "media_url": "https://l.facebook.com/l.php?u=https%3A%2F%2Fbuff.ly%2F2VgH3P4&h=AT2t9dwoOYEO81bC6dsCMd-tV568YgkXh6652ogac5EV8bT5Y4-hqTttDNTOwJvO7syD4YduwZe3ku-oMSanA3v7N8t1SYpddkrb9K-hWM0Fp0Igol7tC5cChu7t0xVD&s=1", "media_description": "Forced into sex trafficking while trying to become a super model", "thumbnail_url": null}], "urls": null}