{"url": "https://www.facebook.com/helperase/photos/a.1029649477086727/2253652268019769/?type=3", "created_time": "2019-02-22T15:04:00+0000", "message": "\u201cHSI conducts victim-centered trafficking investigations\u201d \nRepresentatives from a variety of federal and state law enforcement agencies, as well as nonprofit organizations hit the streets of Charlotte.\nhttps://buff.ly/2U1Amfh", "cleaned_message": ["hsi", "conduct", "victim-cent", "traffick", "investig", "repres", "varieti", "feder", "state", "law", "enforc", "agenc", "well", "nonprofit", "organ", "hit", "street", "charlott"], "emojis": null, "mentions": null, "names": null, "message_tags": [], "attachments": [{"media_type": "photo", "media_url": "https://www.facebook.com/helperase/photos/a.1029649477086727/2253652268019769/?type=3", "media_description": "Timeline Photos", "thumbnail_url": null}], "urls": ["https://buff.ly/2U1Amfh"]}