{"url": "https://www.facebook.com/1003344626383879/posts/2616913711693621/", "created_time": "2019-09-20T13:38:34+0000", "message": "\"Two female victims, ages 17 and 23, were interviewed by Task Force Investigators. During their interviews, investigators were able to determine that the two women were victims of human trafficking.\" #SBHTTF @sbcountysheriff  #LEOs  #makingadifference", "cleaned_message": ["two", "femal", "victim", "age", "interview", "task", "forc", "investig", "interview", "investig", "abl", "determin", "two", "women", "victim", "human", "traffick"], "emojis": null, "mentions": ["sbcountysheriff"], "names": null, "message_tags": ["sbhttf", "leos", "makingadifference"], "attachments": [{"media_type": "share", "media_url": "https://l.facebook.com/l.php?u=https%3A%2F%2Fbuff.ly%2F2NpTu6W&h=AT2Xkvhtzldpslp3MK-I5ieaf4pSIyLUYik75BVg902G4NZERRzq6LBpqymtoRIt0fvoMVJywEPp46UZI5PMQ4U6bQ_y9SqW0kx8arN_W_I6nVrA57u9fBe-fAkSOdep&s=1", "media_description": "Two female victims of human trafficking rescued in San Bernardino, reunited with their families", "thumbnail_url": null}], "urls": null}