{"url": "https://www.facebook.com/helperase/photos/a.1029649477086727/1940522222666110/?type=3", "created_time": "2018-07-21T14:04:01+0000", "message": "\u201cPolice estimate up to 500 youth, some as young as 12 years old, are being exploited for sex work every day in King County.\u201d\n\n\u201cRegional Human Trafficking Awareness Effort Moving Forward - King County\nhttps://buff.ly/2muP5jC", "cleaned_message": ["polic", "estim", "youth", "young", "year", "old", "exploit", "sex", "work", "everi", "day", "king", "counti", "region", "human", "traffick", "awar", "effort", "move", "forward", "-", "king", "counti"], "emojis": null, "mentions": null, "names": null, "message_tags": [], "attachments": [{"media_type": "photo", "media_url": "https://www.facebook.com/helperase/photos/a.1029649477086727/1940522222666110/?type=3", "media_description": "Timeline Photos", "thumbnail_url": null}], "urls": ["https://buff.ly/2muP5jC"]}