{"url": "https://www.facebook.com/1003344626383879/posts/1937052686346397/", "created_time": "2018-07-19T12:31:39+0000", "message": null, "cleaned_message": null, "emojis": null, "mentions": null, "names": null, "message_tags": null, "attachments": [{"media_type": "share", "media_url": "https://l.facebook.com/l.php?u=https%3A%2F%2Fwww.wfaa.com%2Farticle%2Fnews%2Fcrime%2Fdallas-couple-at-helm-of-alleged-sex-trafficking-ring-arrested%2F287-564508594&h=AT0p8yim2wEo_9tqq2yE2i8e9HhatyYKIM7K2Xcc7Lv2YwdY02WfhrmZzmC0Y4FVoq8e6BIJLFNiIGl1xDKVEgos5YfTNKjcitLDb5k5pZfsrHDkstD-B4Ebs1BVqhPD&s=1", "media_description": "Dallas couple at helm of alleged sex trafficking ring arrested", "thumbnail_url": null}]}