{"url": "https://www.facebook.com/1003344626383879/posts/1470728146312189/", "created_time": "2017-05-10T00:07:00+0000", "message": null, "cleaned_message": null, "emojis": null, "mentions": null, "names": null, "message_tags": null, "attachments": [{"media_type": "share", "media_url": "http://l.facebook.com/l.php?u=http%3A%2F%2Fbuff.ly%2F2pnwg1v&h=AT3n3zOZWFD0pSVxV_O-mTB8Bio68qUmiaeSrIZckUdVDD_T_NCYxoKTYTAmhC3eIecfG7hr3Bw9cqGyua-l1sqXbI5aFiYIJ1r6RYQYwah-ADudtoGSnY8vc6SR9P7U&s=1", "media_description": "Experts say large events raise local levels of human trafficking", "thumbnail_url": null}]}