{"url": "https://www.facebook.com/helperase/photos/a.1381766311875040/1341822959202709/?type=3", "created_time": "2017-01-10T13:38:11+0000", "message": "Fact #10 Victims of sex or labor trafficking rarely self-identify themselves as victims when they come into contact with law enforcement and other social-service agencies. \n\n30 Facts ~ National Slavery and Human Trafficking Prevention Month\n#Awareness #Prevention #Education #LawEnforcement", "cleaned_message": ["fact", "victim", "sex", "labor", "traffick", "rare", "self-identifi", "victim", "come", "contact", "law", "enforc", "social-servic", "agenc", "fact", "nation", "slaveri", "human", "traffick", "prevent", "month"], "emojis": null, "mentions": null, "names": null, "message_tags": ["awareness", "prevention", "education", "lawenforcement"], "attachments": [{"media_type": "photo", "media_url": "https://www.facebook.com/helperase/photos/a.1381766311875040/1341822959202709/?type=3", "media_description": "30 Facts about Human Trafficking", "thumbnail_url": null}], "urls": null}