{"url": "https://www.facebook.com/1003344626383879/posts/2154231251295205/", "created_time": "2018-12-18T23:02:33+0000", "message": "\"Officers were contacted and solicited for acts of prostitution by several male suspects.\"", "cleaned_message": ["offic", "contact", "solicit", "act", "prostitut", "sever", "male", "suspect"], "emojis": null, "mentions": null, "names": null, "message_tags": null, "attachments": [{"media_type": "share", "media_url": "https://l.facebook.com/l.php?u=https%3A%2F%2Fbuff.ly%2F2ClgWeU&h=AT2_7_aj1KtlrpXUJJd2oLOlAXKWmjzwCbH4WdFa0255dL9C3shAJpV_aXRnXt90hLj1C29IO4U9WMfOumrLSAz4nWCCjzYu5v3YpIMdr2TBf3e4I2o414GAokxH4zMd&s=1", "media_description": "Four men busted in prostitution sting", "thumbnail_url": null}], "urls": null}