{"url": "https://www.facebook.com/1003344626383879/posts/2095398517178479/", "created_time": "2018-11-07T20:07:40+0000", "message": "Time for our tour!!!! \ud83d\ude0e\ud83d\ude01 @ Sheriff's Training Academy", "cleaned_message": ["time", "tour", "sheriff", "train", "academi"], "emojis": ["\ud83d\ude0e", "\ud83d\ude01"], "mentions": [""], "names": null, "message_tags": null, "attachments": [{"media_type": "album", "media_url": "https://www.facebook.com/1003344626383879/posts/2095398517178479/", "media_description": "Photos from ERASE Child Trafficking's post", "thumbnail_url": null}], "urls": null}