{"url": "https://www.facebook.com/1003344626383879/posts/1679082968810038/", "created_time": "2017-11-29T21:04:00+0000", "message": "Bay Area woman helps rescue hundreds of human trafficking victims, missing teens \nIn a society where human trafficking hides in plain sight, Reeves sees its victims, and she knows them well.", "cleaned_message": ["bay", "area", "woman", "help", "rescu", "hundr", "human", "traffick", "victim", "miss", "teen", "societi", "human", "traffick", "hide", "plain", "sight", "reev", "see", "victim", "know", "well"], "emojis": null, "mentions": null, "names": null, "message_tags": null, "attachments": [{"media_type": "share", "media_url": "http://l.facebook.com/l.php?u=http%3A%2F%2Fj.mp%2F2zBEITV&h=AT3y265-cmpNswK-r_wGS497uRAg6XW8yHPQ1p9OdU3QWM48Equ1kzNrhuWYcFKJHLRU5TXkAIu4aL08EE91gLMcs_uzZiiYt3jad3RMF5KICB2tPqVLT9P4XffJVWhM&s=1", "media_description": "Bay Area woman helps rescue hundreds of human trafficking victims, missing teens", "thumbnail_url": null}], "urls": null}