{"url": "https://www.facebook.com/1003344626383879/posts/2987692191282436/", "created_time": "2020-03-11T20:10:11+0000", "message": "\u201cInvestigators say the arrestees, ranging in age from 20 to 57, traveled from areas around South Georgia with the intent to meet a child for sex.\u201d", "cleaned_message": ["investig", "say", "arreste", "rang", "age", "travel", "area", "around", "south", "georgia", "intent", "meet", "child", "sex"], "emojis": null, "mentions": null, "names": null, "message_tags": null, "attachments": [{"media_type": "share", "media_url": "https://l.facebook.com/l.php?u=https%3A%2F%2Fbuff.ly%2F2wLfYIo&h=AT2DQ5o_hE6FLf8EeWImW2vtpBZ5GdrF0o2k160v3f2g_ZbRCko6IyTvthm6joZQbhN9gz7nUxFS162Odf1bMyem0CdEWqxvRQDuSMHmhjv6TEbB6RAEZ84PQFzQLHvl&s=1", "media_description": "Operation Broken Arrow nets 3 more online child predators, human trafficking", "thumbnail_url": null}], "urls": null}