{"url": "https://www.facebook.com/helperase/photos/a.1029649477086727/1387139661337705/?type=3", "created_time": "2017-02-24T15:47:29+0000", "message": "We are so grateful for Summit Live. There is no other conference we've attended that has such a diverse group of people willing to discuss child trafficking. From Tech, Content Creators, Law Enforcement to Hollywood, people come together here to share their expertise and learn from one another. We've had people non stop asking questions, learning and then asking how they can help spread awareness about ChildTrafficking. \nThank you Ryan Anderson Bell #HelpERASE #SummitLive", "cleaned_message": ["grate", "summit", "live", "confer", "attend", "divers", "group", "peopl", "discuss", "child", "traffick", "tech", "content", "creator", "law", "enforc", "hollywood", "peopl", "come", "togeth", "share", "expertis", "learn", "one", "anoth", "peopl", "non", "stop", "ask", "question", "learn", "ask", "help", "spread", "awar", "childtraffick", "thank", "ryan", "anderson", "bell"], "emojis": null, "mentions": null, "names": ["Ryan Anderson Bell"], "message_tags": ["SummitLive"], "attachments": [{"media_type": "photo", "media_url": "https://www.facebook.com/helperase/photos/a.1029649477086727/1387139661337705/?type=3", "media_description": "Timeline Photos", "thumbnail_url": null}], "urls": null}