{"url": "https://www.facebook.com/helperase/photos/a.1029649477086727/1386178584767146/?type=3", "created_time": "2017-02-23T15:03:49+0000", "message": "Today is End It Movement Day. Show solidarity in ending human trafficking by sharing this picture and use the hashtags #EndIt #HelpErase.", "cleaned_message": ["today", "end", "movement", "day", "show", "solidar", "end", "human", "traffick", "share", "pictur", "use", "hashtag"], "emojis": null, "mentions": null, "names": null, "message_tags": ["endit", "helpERASE"], "attachments": [{"media_type": "photo", "media_url": "https://www.facebook.com/helperase/photos/a.1029649477086727/1386178584767146/?type=3", "media_description": "Timeline Photos", "thumbnail_url": null}], "urls": null}