{"url": "https://www.facebook.com/1003344626383879/posts/2624550787596580/", "created_time": "2019-09-24T14:04:01+0000", "message": null, "cleaned_message": null, "emojis": null, "mentions": null, "names": null, "message_tags": null, "attachments": [{"media_type": "share", "media_url": "https://l.facebook.com/l.php?u=https%3A%2F%2Fbuff.ly%2F2mjzVRu&h=AT0nmmlPHbAcvclmBFzacEd6cOlXm30h2pk78G3NBjJOUveKzlCQLRJIzGm4oJnL0pEzJ8NC2nxe2y86x_EuuJKqN-BeUPkqs8ET6EiKJ33DsGrwcykFurqNqQq-gz8T&s=1", "media_description": "Found her! Missing Westampton teen girl located safe in Philly", "thumbnail_url": null}]}