{"url": "https://www.facebook.com/1003344626383879/posts/2163011187083878/", "created_time": "2018-12-25T03:01:12+0000", "message": "\"The gift of love. The gift of peace. The gift of happiness. May all these be yours at Christmas\". Warmest Wishes from all of us at ERASE Child Trafficking.", "cleaned_message": ["gift", "love", "gift", "peac", "gift", "happi", "may", "christma", "warmest", "wish", "us", "eras", "child", "traffick"], "emojis": null, "mentions": null, "names": ["Warmest Wishes"], "message_tags": null, "attachments": [{"media_type": "photo", "media_url": "https://www.facebook.com/helperase/photos/a.1029649477086727/2163009917084005/?type=3", "media_description": null, "thumbnail_url": null}], "urls": null}