{"url": "https://www.facebook.com/1003344626383879/posts/2110151885703142/", "created_time": "2018-11-18T18:32:06+0000", "message": "We recently had the honor of training with San Bernardino County Sheriff's Department and the San Bernardino Human Trafficking Task Force in empowering officers from their county and surrounding agencies to identify and investigate sex trafficking. Thank you to the Amazing Officers and Support Staff for a great class.   #leo #helperase #childtrafficking", "cleaned_message": ["recent", "honor", "train", "san", "bernardino", "counti", "sheriff", "depart", "san", "bernardino", "human", "traffick", "task", "forc", "empow", "offic", "counti", "surround", "agenc", "identifi", "investig", "sex", "traffick", "thank", "amaz", "offic", "support", "staff", "great", "class"], "emojis": null, "mentions": null, "names": null, "message_tags": ["San Bernardino County Sheriff's Department", "Leo", "helpERASE", "childtrafficking"], "attachments": [{"media_type": "share", "media_url": "https://l.facebook.com/l.php?u=https%3A%2F%2Flocal.nixle.com%2Falert%2F6932366%2F&h=AT2hiMn5xUvgnqTTxao7Xzs012uotfgpoTWxM_QpLHKJymhKwILYXvG-iR8E-kDx2_knTpt9HTx9yZRLTkUXF3sDcsYl9B5BxtQSJOXDaiZ8QAExcfqMXrGUp0IST3ys&s=1", "media_description": "ERASE Child Trafficking held an advanced human trafficking training for officers from various law ... from SBSD - Headquarters : Nixle", "thumbnail_url": null}], "urls": null}