{"url": "https://www.facebook.com/helperase/photos/a.1029649477086727/1913952651989734/?type=3", "created_time": "2018-07-04T14:54:42+0000", "message": "In the Land of the Free, not all are Free.", "cleaned_message": ["land", "free", "free"], "emojis": null, "mentions": null, "names": null, "message_tags": null, "attachments": [{"media_type": "photo", "media_url": "https://www.facebook.com/helperase/photos/a.1029649477086727/1913952651989734/?type=3", "media_description": "Timeline Photos", "thumbnail_url": null}], "urls": null}