{"url": "https://www.facebook.com/1003344626383879/posts/1515901541794849/", "created_time": "2017-06-20T11:14:06+0000", "message": "Anti-Human Trafficking Group Gets Inside Every Springfield Hotel Room  #HelpErase #HumanTrafficking #CreatingChange", "cleaned_message": ["anti-human", "traffick", "group", "get", "insid", "everi", "springfield", "hotel", "room"], "emojis": null, "mentions": null, "names": null, "message_tags": ["helpERASE", "humantrafficking", "creatingchange"], "attachments": [{"media_type": "share", "media_url": "http://l.facebook.com/l.php?u=http%3A%2F%2Fbuff.ly%2F2smK4f5&h=AT38vmXLR3GJAUvMmFjP2p4Mpv49R8G6eIFjtLh4GY3UkDCStZbWTov18FMa-_qkLFsIQsZBZXuAGq0zYybzlf_RX9AV5ocvgP_klfP2R5mFbbD8bdo8bPiSV2cT5uzG&s=1", "media_description": "Anti-Human Trafficking Group Gets Inside Every Springfield Hotel Room", "thumbnail_url": null}], "urls": null}