{"url": "https://www.facebook.com/helperase/photos/a.1029649477086727/1418518001533204/?type=3", "created_time": "2017-03-27T14:25:18+0000", "message": "Fact 30 ~ Illicit Massage Parlors operate as if they are legitimate establishments. In reality, they are often a source of human trafficking.\n30 Facts ~ Human Trafficking Prevention and Awareness.\n#EducateYourself  #HelpERASE", "cleaned_message": ["fact", "illicit", "massag", "parlor", "oper", "legitim", "establish", "realiti", "often", "sourc", "human", "traffick", "fact", "human", "traffick", "prevent", "awar"], "emojis": null, "mentions": null, "names": null, "message_tags": ["educateyourself", "helpERASE"], "attachments": [{"media_type": "photo", "media_url": "https://www.facebook.com/helperase/photos/a.1029649477086727/1418518001533204/?type=3", "media_description": "Timeline Photos", "thumbnail_url": null}], "urls": null}