{"url": "https://www.facebook.com/1003344626383879/posts/2066684140049917/", "created_time": "2018-10-18T19:32:22+0000", "message": "Amazing turnout for the Teen Domestic Violence Awareness Rally at Florida National University!", "cleaned_message": ["amaz", "turnout", "teen", "domest", "violenc", "awar", "ralli", "florida", "nation", "univers"], "emojis": null, "mentions": null, "names": null, "message_tags": ["Florida National University"], "attachments": [{"media_type": "photo", "media_url": "https://www.facebook.com/FloridaNationalUniversity/photos/a.10150121213465572/10157019238595572/?type=3", "media_description": "Timeline Photos", "thumbnail_url": null}], "urls": null}