{"url": "https://www.facebook.com/1003344626383879/posts/2018684591516539/", "created_time": "2018-09-09T20:10:02+0000", "message": "Viral social media posts about human trafficking can do more harm than good. It can mislead parents on how best to protect their children.", "cleaned_message": ["viral", "social", "media", "post", "human", "traffick", "harm", "good", "mislead", "parent", "best", "protect", "children"], "emojis": null, "mentions": null, "names": null, "message_tags": null, "attachments": [{"media_type": "share", "media_url": "https://l.facebook.com/l.php?u=https%3A%2F%2Fbuff.ly%2F2wUOYn6&h=AT0PAVC7GVOMu6uflCbwMinsaQbAbrzTjVVYDJXKJ8UG_at_T88_Unx46zUx2LHXHbTfm88sUAMhSU1Vef2aSR6s55a9fhezlU31QEdyCbZBhhIrCUFP8zk9gLXZKd15&s=1", "media_description": "Task force educating the public on prevalence of human trafficking", "thumbnail_url": null}], "urls": null}