{"url": "https://www.facebook.com/helperase/videos/1971389516246047/", "created_time": "2018-08-09T00:02:48+0000", "message": "An big huge #WDATIP Thank You!!! \ud83d\udc9c\ud83d\udc9c\ud83d\udc9c", "cleaned_message": ["big", "huge", "thank"], "emojis": ["\ud83d\udc9c", "\ud83d\udc9c", "\ud83d\udc9c"], "mentions": null, "names": null, "message_tags": ["WDATiP"], "attachments": [{"media_type": "video_inline", "media_url": "https://www.facebook.com/helperase/videos/1971389516246047/", "media_description": null, "thumbnail_url": null}], "urls": null}