{"url": "https://www.facebook.com/helperase/photos/a.1029649477086727/1939316639453335/?type=3", "created_time": "2018-07-20T20:10:03+0000", "message": "\u201cHuman trafficking is a multi-million dollar business and law enforcement officers across South Carolina are working to put an end to it by educating those who work with the public.\u201dhttps://buff.ly/2NWKgfk", "cleaned_message": ["human", "traffick", "multi-million", "dollar", "busi", "law", "enforc", "offic", "across", "south", "carolina", "work", "put", "end", "educ", "work", "public"], "emojis": null, "mentions": null, "names": null, "message_tags": [], "attachments": [{"media_type": "photo", "media_url": "https://www.facebook.com/helperase/photos/a.1029649477086727/1939316639453335/?type=3", "media_description": "Timeline Photos", "thumbnail_url": null}], "urls": ["https://buff.ly/2NWKgfk"]}