{"url": "https://www.facebook.com/helperase/videos/1764226866962314/", "created_time": "2018-02-20T01:04:04+0000", "message": "Force, FRAUD & Coercion #Back2TheBasics #HELPErase", "cleaned_message": ["forc", "fraud", "coercion"], "emojis": null, "mentions": null, "names": null, "message_tags": ["Back2TheBasics", "helpERASE"], "attachments": [{"media_type": "video_inline", "media_url": "https://www.facebook.com/helperase/videos/1764226866962314/", "media_description": null, "thumbnail_url": null}], "urls": null}