{"url": "https://www.facebook.com/1003344626383879/posts/1764038263647841/", "created_time": "2018-02-19T21:04:02+0000", "message": "The employee said two teen girls approached the counter with first-class tickets purchased by someone they met online. The two girls told authorities the man on Instagram promised them $2,000 to fly to New York for a modeling gig. The worker said it was a gut instinct to get help.", "cleaned_message": ["employe", "said", "two", "teen", "girl", "approach", "counter", "first-class", "ticket", "purchas", "someon", "met", "onlin", "two", "girl", "told", "author", "man", "instagram", "promis", "fli", "new", "york", "model", "gig", "worker", "said", "gut", "instinct", "get", "help"], "emojis": null, "mentions": null, "names": ["Instagram"], "message_tags": null, "attachments": [{"media_type": "share", "media_url": "http://l.facebook.com/l.php?u=http%3A%2F%2Fj.mp%2F2o45tsA&h=AT3dtvpwsdcXBQj1c-KoAeycJrNn0Yv1LOF3_00v1T2LsN1gJ8R4W8PYX3mrXs5oy9_a_XFKdW0S-QsrOfsoRQP61MOZQmYzRnY-RwJD14d2NzTRpxIPLFTBet1WnK3G&s=1", "media_description": "Airline employee stops possible human trafficking scheme", "thumbnail_url": null}], "urls": null}