{"url": "https://www.facebook.com/1003344626383879/posts/1681955761856092/", "created_time": "2017-12-02T13:56:27+0000", "message": null, "cleaned_message": null, "emojis": null, "mentions": null, "names": null, "message_tags": null, "attachments": [{"media_type": "share", "media_url": "http://l.facebook.com/l.php?u=http%3A%2F%2Fwsav.com%2F2017%2F12%2F01%2Fupdate-missing-florida-teen-found-safe-in-new-york%2F&h=AT2aFtNDqCycXFELfNfLAujt_L6uXHPU5vhwuAv87uTkGLbPyLurGfTtG-rEoWBoWnck09JxjZrfh-fsU73aEpdw7T2ALIzsct13bqUvMUXhvFEa-wthfDxW21bJfNTJ&s=1", "media_description": "UPDATE: Missing Florida teen, coach found in New York", "thumbnail_url": null}]}