{"url": "https://www.facebook.com/1003344626383879/posts/1648183971899938/", "created_time": "2017-10-30T20:48:43+0000", "message": "This is a must watch!!!", "cleaned_message": ["must", "watch"], "emojis": null, "mentions": null, "names": null, "message_tags": null, "attachments": [{"media_type": "video_inline", "media_url": "https://www.facebook.com/therefugedmst/videos/1736812219694436/", "media_description": "Why Austin's child sex traffickers aren't getting jail time", "thumbnail_url": null}], "urls": null}