{"url": "https://www.facebook.com/1003344626383879/posts/1560475547337448/", "created_time": "2017-07-28T14:11:29+0000", "message": "Join us tonight, July 28, on @HelpErase Facebook Live 8pm CST.  Kelley Alsobrook will be discussing the importance of Law Enforcement Training on Human Trafficking with Ret. FBI Agent Greg Bristol. \n#givefreedom  #Igivehope #HelpERASE", "cleaned_message": ["join", "us", "tonight", "juli", "facebook", "live", "pm", "cst", "kelley", "alsobrook", "discuss", "import", "law", "enforc", "train", "human", "traffick", "ret", "fbi", "agent", "greg", "bristol"], "emojis": null, "mentions": ["HelpErase"], "names": ["Kelley Alsobrook", "Greg Bristol"], "message_tags": ["GiveFreedom", "igivehope", "helpERASE"], "attachments": [{"media_type": "photo", "media_url": "https://www.facebook.com/helperase/photos/a.1066175113434163/1560475007337502/?type=3", "media_description": null, "thumbnail_url": null}], "urls": null}