{"url": "https://www.facebook.com/1003344626383879/posts/1519360441448959/", "created_time": "2017-06-23T11:14:00+0000", "message": "Our sentiments exactly! We agree with Tanya Meade of Human Trafficking Coalition Of The Palm Beaches\n\n\u201cIf you are paying for it, you should have access,\u201d", "cleaned_message": ["sentiment", "exactli", "agre", "tanya", "mead", "human", "traffick", "coalit", "palm", "beach", "pay", "access"], "emojis": null, "mentions": null, "names": null, "message_tags": ["Human Trafficking Coalition Of The Palm Beaches"], "attachments": [{"media_type": "share", "media_url": "http://l.facebook.com/l.php?u=http%3A%2F%2Fbuff.ly%2F2tUzrQk&h=AT1vvtikcHOpKShWGOF8uK_xhmU_VPmCYQWkYA1gWOU2CCOkxjKvKGyWk1mqmvACLoONkZ1jcqNyPxluOfeTa0ElSd8GIHtsuZZZU5h6YaqG7NebwhxVYRkneChL5ls6&s=1", "media_description": "How to keep children safe from Human Trafficking on social media", "thumbnail_url": null}], "urls": null}