{"url": "https://www.facebook.com/helperase/photos/a.1029649477086727/2872248919493431/?type=3", "created_time": "2020-01-16T18:33:41+0000", "message": "This Friday at 6:30pm pst Instagram Live with  @sbcountyda\n\nERASE ChildTrafficking Team Member Kim Hernandez  \ndiscussing Human Trafficking Awareness and Prevention with San Bernardino County DA\u2019s Office.\n\n#awareness #beinformed #humantrafficking #sextrafficking #labortrafficking #helpisavailable #hushlife #hush #LEOs #makingadifference #modelswanted #toogoodtobetrue #knowyourworth #priceless", "cleaned_message": ["friday", "pm", "pst", "instagram", "live", "eras", "childtraffick", "team", "member", "kim", "hernandez", "discuss", "human", "traffick", "awar", "prevent", "san", "bernardino", "counti", "da", "offic"], "emojis": null, "mentions": ["sbcountyda"], "names": ["Kim"], "message_tags": ["Awareness", "BeInformed", "humantrafficking", "Sextrafficking", "labortrafficking", "HelpIsAvailable", "hushlife", "Hush", "leos", "makingadifference", "modelswanted", "toogoodtobetrue", "knowyourworth", "priceless"], "attachments": [{"media_type": "photo", "media_url": "https://www.facebook.com/helperase/photos/a.1029649477086727/2872248919493431/?type=3", "media_description": "Timeline Photos", "thumbnail_url": null}], "urls": null}