{"url": "https://www.facebook.com/1003344626383879/posts/2718837761501215/", "created_time": "2019-11-08T15:04:02+0000", "message": "\u201cA Flatbush man accused of prostituting two teenage girls  \u2013 ages 15 and 17 \u2013 pled not guilty to sex-trafficking charges in Brooklyn.\u201d #humantrafficking", "cleaned_message": ["flatbush", "man", "accus", "prostitut", "two", "teenag", "girl", "age", "pled", "guilti", "sex-traffick", "charg", "brooklyn"], "emojis": null, "mentions": null, "names": null, "message_tags": ["humantrafficking"], "attachments": [{"media_type": "share", "media_url": "https://l.facebook.com/l.php?u=https%3A%2F%2Fbuff.ly%2F2NTyZ01&h=AT2CACd5xuqVuPUESwAFDRfG3WMicPAHfqz9C0aak7_xrItrIuLjI-AjB_q2u-kfdpmSTdxL-o6aEjllbC1EnlS56ozOJMQ7pIIbJdCZMWYw2GYzAdRntmqqxTqRCEIN&s=1", "media_description": "Flatbush man indicted on sex-traffic charges - Brooklyn Paper | Breaking News Brooklyn", "thumbnail_url": null}], "urls": null}