{"url": "https://www.facebook.com/1003344626383879/posts/2538923959492597/", "created_time": "2019-08-08T14:04:02+0000", "message": "\"Human trafficking is a crime that exploits another person's liberty, and can result in lasting trauma to victims.\"", "cleaned_message": ["human", "traffick", "crime", "exploit", "anoth", "person", "liberti", "result", "last", "trauma", "victim"], "emojis": null, "mentions": null, "names": null, "message_tags": null, "attachments": [{"media_type": "share", "media_url": "https://l.facebook.com/l.php?u=https%3A%2F%2Fbuff.ly%2F2KvvMlM&h=AT36c1bik8o1Pf_XNUjVSmFPAIMZU-FA08cf5R74rVzkDYr-XoV99EJMivtSAaG_B3oP9pNdALcErxlgs5XCFy4doZGW-M5vEds6qWTYhYuSmrGlUXgLep6TADNQwq1C&s=1", "media_description": "\u2018Hidden issue:\u2019 Rotary Club talks human trafficking in Milwaukee, what\u2019s being done to fight it", "thumbnail_url": null}], "urls": null}