{"url": "https://www.facebook.com/helperase/videos/251169235521343/", "created_time": "2018-08-16T00:02:28+0000", "message": "Give a kid a purpose before a purpose finds your kid.\n#HelpERASE", "cleaned_message": ["give", "kid", "purpos", "purpos", "find", "kid"], "emojis": null, "mentions": null, "names": null, "message_tags": ["helpERASE"], "attachments": [{"media_type": "video_inline", "media_url": "https://www.facebook.com/helperase/videos/251169235521343/", "media_description": null, "thumbnail_url": null}], "urls": null}