{"url": "https://www.facebook.com/1003344626383879/posts/2273974505987545/", "created_time": "2019-03-08T15:04:02+0000", "message": "Being judged, labelled, deiscriminated against - girls around the world know how it feels.", "cleaned_message": ["judg", "label", "deiscrimin", "-", "girl", "around", "world", "know", "feel"], "emojis": null, "mentions": null, "names": null, "message_tags": null, "attachments": [{"media_type": "share", "media_url": "https://l.facebook.com/l.php?u=https%3A%2F%2Fbuff.ly%2F2XIsh16&h=AT3LmXoXNTYU9yyeiTwL1f5dzlEnkFiaXRGp9QmyG4w38brTtJAnZ-Bkg7eSX2JiNLMzUqFaF90uVkuQb9FhHUrpBv-SQEFzVpnLQk5v11bi84t49Au4ZXYUFxUav6gy&s=1", "media_description": "Happy International Women's Day", "thumbnail_url": null}], "urls": null}