{"url": "https://www.facebook.com/1003344626383879/posts/2230826476969015/", "created_time": "2019-02-08T15:04:03+0000", "message": "The Brainerd Lakes Area Sex Trafficking Team meets monthly and had a short panel discussion Jan. 25\u2014part of National Slavery and Human Trafficking Prevention month.", "cleaned_message": ["brainerd", "lake", "area", "sex", "traffick", "team", "meet", "monthli", "short", "panel", "discuss", "jan", "part", "nation", "slaveri", "human", "traffick", "prevent", "month"], "emojis": null, "mentions": null, "names": ["Jan     "], "message_tags": null, "attachments": [{"media_type": "share", "media_url": "https://l.facebook.com/l.php?u=https%3A%2F%2Fbuff.ly%2F2MQ638d&h=AT0Ltqw5nqFk58U0z9I8DC92Fa78HepAx6PGsEz83aKCKsD1i6ppYUs02p5ETBvOigUdLV0mU9YX93-FXnN8rpAMa0yAAR85xgvQJmS4lEj97T6fGYsD8pOW1FUG_7pk&s=1", "media_description": "Advocates continue efforts against sex trafficking in lakes ...", "thumbnail_url": null}], "urls": null}