{"url": "https://www.facebook.com/1003344626383879/posts/2258563684195294/", "created_time": "2019-02-25T20:00:43+0000", "message": "The corporations, owners, managers and workers that run the country\u2019s 50,000 hotels and motels to often turn a blind eye to sex trafficking.", "cleaned_message": ["corpor", "owner", "manag", "worker", "run", "countri", "hotel", "motel", "often", "turn", "blind", "eye", "sex", "traffick"], "emojis": null, "mentions": null, "names": null, "message_tags": null, "attachments": [{"media_type": "share", "media_url": "https://l.facebook.com/l.php?u=https%3A%2F%2Fbuff.ly%2F2Sjzlxn&h=AT1kZF6IRQ9xIHPA8c-DbZivFCtlyF05Qgc6RHAaVykLV1IV55GscjtNT_-QkhH6NQfQ391U6YRq4BaFA1thSNBwJ3uxBP0u5mfwB21pZpa_hN0GkrE1vllC9xNmJ20E&s=1", "media_description": "Hotels, airlines and tech companies must stop harboring sex traffickers", "thumbnail_url": null}], "urls": null}