{"url": "https://www.facebook.com/1003344626383879/posts/1776545415730459/", "created_time": "2018-03-03T21:04:05+0000", "message": "\u201cOne of the common assumptions about human trafficking is that it is only sex trafficking,\u201d said Scott, who is an assistant professor in the school of education. \u201cAnd so a lot of kids related it to movies like \u2018Taken\u2019 to their experiences or what they knew about human trafficking. So they weren\u2019t able to initially make those initial connections to economics, to history \u2014 just this overall understanding that human trafficking is a modern-day slavery.\u201d", "cleaned_message": ["one", "common", "assumpt", "human", "traffick", "sex", "traffick", "said", "scott", "assist", "professor", "school", "educ", "lot", "kid", "relat", "movi", "like", "taken", "experi", "knew", "human", "traffick", "abl", "initi", "make", "initi", "connect", "econom", "histori", "overal", "understand", "human", "traffick", "modern-day", "slaveri"], "emojis": null, "mentions": null, "names": ["Scott"], "message_tags": null, "attachments": [{"media_type": "share", "media_url": "http://l.facebook.com/l.php?u=http%3A%2F%2Fj.mp%2F2oz7Y6y&h=AT1WOt9wUOBEoCZ0ZPcv1DnsasfYinWBSKrdkKQFQXB7KrVCfaLohZhg4mPsZBQT8G65LLTAN8GZBh-gwDiQJRA4LcggrZYR_TFx7L5phn_HYdBENfdWs3Z1VzFbv8rm&s=1", "media_description": "Baylor professors take action against human trafficking | The Baylor Lariat", "thumbnail_url": null}], "urls": null}