{"url": "https://www.facebook.com/1003344626383879/posts/1774611159257218/", "created_time": "2018-03-02T01:21:43+0000", "message": "Thank you Danica for taking a stand against Human Trafficking!", "cleaned_message": ["thank", "danica", "take", "stand", "human", "traffick"], "emojis": null, "mentions": null, "names": ["Danica"], "message_tags": ["Danica McKellar"], "attachments": [{"media_type": "photo", "media_url": "https://www.facebook.com/10150128181055131/photos/a.10154460216245131/10160572451870131/?type=3", "media_description": null, "thumbnail_url": null}], "urls": null}