{"url": "https://www.facebook.com/1003344626383879/posts/1669147619803573/", "created_time": "2017-11-20T21:04:02+0000", "message": "College of Nursing begins program to fight human trafficking\nIf you\u2019ve never seen it or you don\u2019t understand it, you won\u2019t be able to recognize it so that\u2019s why training is so important.", "cleaned_message": ["colleg", "nurs", "begin", "program", "fight", "human", "traffick", "never", "seen", "understand", "abl", "recogn", "train", "import"], "emojis": null, "mentions": null, "names": null, "message_tags": null, "attachments": [{"media_type": "share", "media_url": "http://l.facebook.com/l.php?u=http%3A%2F%2Fj.mp%2F2zLx34T&h=AT06dLs6jism2FfjJCQPmIeJ_v8vO6X3l2MQCFQedy22SmoFgfzJg9f53detSIP_zVu6GHq9qtbO61oenJ3lOrZJ6-KUAJaZTvxmSB-wuRxk-QH2HZpf3jBMctPr__dj&s=1", "media_description": "College of Nursing begins program to fight human trafficking", "thumbnail_url": null}], "urls": null}