{"url": "https://www.facebook.com/1003344626383879/posts/2542933995758260/", "created_time": "2019-08-10T20:10:02+0000", "message": "\"In Georgia, the operation resulted in the recovery of seven child victims and four adult victims, along with the arrest of three pimps or traffickers.\"", "cleaned_message": ["georgia", "oper", "result", "recoveri", "seven", "child", "victim", "four", "adult", "victim", "along", "arrest", "three", "pimp", "traffick"], "emojis": null, "mentions": null, "names": null, "message_tags": null, "attachments": [{"media_type": "share", "media_url": "https://l.facebook.com/l.php?u=https%3A%2F%2Fbuff.ly%2F2YSiYuT&h=AT3CJzhZ0LfZLqzu0n8weJlJBUSyZDuB6JnLkSxpMSUOj_C6srC4ZmtAkXyAM5MYSlVU1JgxzmMbFf2x1MmzYWuv7KuUQGDbyITbtz022Nbc5giGdsjU1nl13Y7PrDxl&s=1", "media_description": "FBI operation recovers 11 sex trafficking victims, arrests three on pimping charges in Smyrna", "thumbnail_url": null}], "urls": null}