{"url": "https://www.facebook.com/helperase/photos/a.1381766311875040/1375479372503734/?type=3", "created_time": "2017-02-13T13:32:14+0000", "message": "Fact 26 ~ Drugs can only be sold once. A 13-year old sex trafficking victim can be sold upwards to 20 times a day, 365 days a year.  Human Trafficking is the fastest-growing business of organized crime. 30 Facts ~ Human Trafficking Prevention and Awareness.\n#EducateYourself #ProtectOurKids #ChildTrafficking #Drugs #Business #Money", "cleaned_message": ["fact", "drug", "sold", "-year", "old", "sex", "traffick", "victim", "sold", "upward", "time", "day", "day", "year", "human", "traffick", "fastest-grow", "busi", "organ", "crime", "fact", "human", "traffick", "prevent", "awar"], "emojis": null, "mentions": null, "names": null, "message_tags": ["educateyourself", "protectourkids", "childtrafficking", "drugs", "business", "money"], "attachments": [{"media_type": "photo", "media_url": "https://www.facebook.com/helperase/photos/a.1381766311875040/1375479372503734/?type=3", "media_description": "30 Facts about Human Trafficking", "thumbnail_url": null}], "urls": null}