{"url": "https://www.facebook.com/helperase/videos/1342287102489628/", "created_time": "2017-01-11T01:03:39+0000", "message": "#Backpage ~ Click Bait News ~ National Human Trafficking Awareness Day", "cleaned_message": ["click", "bait", "news", "nation", "human", "traffick", "awar", "day"], "emojis": null, "mentions": null, "names": null, "message_tags": ["backpage"], "attachments": [{"media_type": "video_inline", "media_url": "https://www.facebook.com/helperase/videos/1342287102489628/", "media_description": "Backpage and Click Bait News", "thumbnail_url": null}], "urls": null}