{"url": "https://www.facebook.com/helperase/videos/1007604453021225/", "created_time": "2020-08-28T00:18:56+0000", "message": "The surprising ways you are helping \ud83d\udc9c\ud83d\udc9c\ud83d\udc9c", "cleaned_message": ["surpris", "way", "help"], "emojis": ["\ud83d\udc9c", "\ud83d\udc9c", "\ud83d\udc9c"], "mentions": null, "names": null, "message_tags": null, "attachments": [{"media_type": "video_inline", "media_url": "https://www.facebook.com/helperase/videos/1007604453021225/", "media_description": null, "thumbnail_url": null}, {"media_type": "fundraiser_for_story", "media_url": "https://www.facebook.com/helperase/videos/1007604453021225/", "media_description": null, "thumbnail_url": null}], "urls": null}