{"url": "https://www.facebook.com/1003344626383879/posts/3408947565823561/", "created_time": "2020-08-21T20:10:05+0000", "message": "The GBI launched HEAT (Human Exploitation And Trafficking Unit) to stop sex traffickers in the state on July 1st.\nhttps://buff.ly/3hf65VQ\n#GBI #HelpERASE #Atlanta", "cleaned_message": ["gbi", "launch", "heat", "human", "exploit", "traffick", "unit", "stop", "sex", "traffick", "state", "juli", "st"], "emojis": null, "mentions": null, "names": null, "message_tags": ["GBI", "helpERASE", "atlanta"], "attachments": [{"media_type": "share", "media_url": "https://l.facebook.com/l.php?u=https%3A%2F%2Fbuff.ly%2F3hf65VQ&h=AT0m1zZb_gWirj-byzIBsprtfeJfSDFB54O3TgVckT0EYpENcqvy_BlSLbZNEE_ZfAQPKcuxilIXJDxZ_I91Zk_e05vUOWj6sP5Uwcc9SENz-ezJ8es0L9O3G9xDxJsW&s=1", "media_description": "Georgia lawmakers, GBI launch Human Exploitation & Trafficking Unit", "thumbnail_url": null}], "urls": ["https://buff.ly/3hf65VQ"]}