{"url": "https://www.facebook.com/1003344626383879/posts/2499420236776303/", "created_time": "2019-07-17T15:45:56+0000", "message": "***Update*** FoundSafe!\n#missing\n#PleaseShare\n#prayforemma\n#prayforanna", "cleaned_message": ["updat", "foundsaf"], "emojis": null, "mentions": null, "names": null, "message_tags": ["missing", "PleaseShare", "prayforemma", "prayforanna"], "attachments": [{"media_type": "photo", "media_url": "https://www.facebook.com/helperase/photos/a.1029649477086727/2499418903443103/?type=3", "media_description": null, "thumbnail_url": null}], "urls": null}