{"url": "https://www.facebook.com/helperase/photos/a.1029649477086727/1993326260719039/?type=3", "created_time": "2018-08-21T14:34:21+0000", "message": "\"When I asked my CPS caseworker and friend to explain how we could have identified Zena on her first visit to our emergency department, he answered, \u201cYou should have asked how she met those two men.\u201d https://buff.ly/2N1MskS", "cleaned_message": ["ask", "cp", "casework", "friend", "explain", "could", "identifi", "zena", "first", "visit", "emerg", "depart", "answer", "ask", "met", "two", "men"], "emojis": null, "mentions": null, "names": ["Zena"], "message_tags": [], "attachments": [{"media_type": "photo", "media_url": "https://www.facebook.com/helperase/photos/a.1029649477086727/1993326260719039/?type=3", "media_description": "Timeline Photos", "thumbnail_url": null}], "urls": ["https://buff.ly/2N1MskS"]}