{"url": "https://www.facebook.com/1003344626383879/posts/1984556578262674/", "created_time": "2018-08-16T14:04:03+0000", "message": "\"City Wants Hotels And Motels to Increase Reporting about Human Trafficking in Houston.\"", "cleaned_message": ["citi", "want", "hotel", "motel", "increas", "report", "human", "traffick", "houston"], "emojis": null, "mentions": null, "names": null, "message_tags": null, "attachments": [{"media_type": "share", "media_url": "https://l.facebook.com/l.php?u=https%3A%2F%2Fbuff.ly%2F2MiV2Q4&h=AT3Yi4bGsdgb5Q9RTR4kjvNVlPLw-5Y5f8Vm-U4HzSIVnULvW1gSmBNbiVefr_zMSVE0phWTD3oXdTfzeSfPOG_lvHdKPeyXKoT5hzTCK1QacNdJjReKBTV5oRCc3cfL&s=1", "media_description": "City Wants Hotels And Motels to Increase Reporting about Human Trafficking in Houston | Houston Public Media", "thumbnail_url": null}], "urls": null}