{"url": "https://www.facebook.com/1003344626383879/posts/2225008510884145/", "created_time": "2019-02-04T21:10:01+0000", "message": "\"Miami-Dade State Attorney Katherine Fernandez Rundle said in a statement published by the NBC Miami website. \u201cRestoring these lost girls to their families while getting their predatory bosses off the streets is what the Human Trafficking Task Force is really all about,\u201d", "cleaned_message": ["miami-dad", "state", "attorney", "katherin", "fernandez", "rundl", "said", "statement", "publish", "nbc", "miami", "websit", "restor", "lost", "girl", "famili", "get", "predatori", "boss", "street", "human", "traffick", "task", "forc", "realli"], "emojis": null, "mentions": null, "names": ["Katherine Fernandez Rundle"], "message_tags": null, "attachments": [{"media_type": "share", "media_url": "https://l.facebook.com/l.php?u=https%3A%2F%2Fbuff.ly%2F2RBqkiX&h=AT08XLuVaK18BE5O_LY72wzY1WUTUwmik8TrEiL581MV6dmpJdAnb5S7cLZbnyM5mET4iYOd7Xo5OLEyxIW11lo3sFq4V17Y2ZWrl24LwoyY8MxmTOndMV0jJixCNg_C&s=1", "media_description": "Two arrested, two teen girls rescued in Miami Beach human trafficking case - theGrio", "thumbnail_url": null}], "urls": null}