{"url": "https://www.facebook.com/1003344626383879/posts/1924677190917280/", "created_time": "2018-07-11T14:04:06+0000", "message": "Well said!\n\"Douglas County Sheriff Tim Dunning said it best when he previously wrote in The World-Herald, \u201cprosecuting human trafficking cases by treating victims as criminal defendants in order to leverage them into forced cooperation against their traffickers is ineffective and misunderstands the coercive nature of the victimization that occurs in human trafficking.\u201d", "cleaned_message": ["well", "said", "dougla", "counti", "sheriff", "tim", "dun", "said", "best", "previous", "wrote", "world-herald", "prosecut", "human", "traffick", "case", "treat", "victim", "crimin", "defend", "order", "leverag", "forc", "cooper", "traffick", "ineffect", "misunderstand", "coerciv", "natur", "victim", "occur", "human", "traffick"], "emojis": null, "mentions": null, "names": ["Douglas County Sheriff Tim Dunning"], "message_tags": null, "attachments": [{"media_type": "share", "media_url": "https://l.facebook.com/l.php?u=https%3A%2F%2Fbuff.ly%2F2u3jdqf&h=AT3kQ2JCqxbYaL5er-TXdnRnrumOa1KCXovOLBy-GS29T5o-Q5UYyqfbzrSo_fNfQYMw2DLyxmFvZ_wd6P0pImatJg4yN0p_afO70kVz9A1eEAGXXKugVA3_oYzTesBl&s=1", "media_description": "Midlands Voices: To end sex trafficking in our communities, we must work together", "thumbnail_url": null}], "urls": null}