{"created_time": "2017-12-03T12:14:27+0000", "message": "Great job by all the New Jersey Law Enforcement involved in getting these predators off the streets! \n#NJICACTaskForce #SaferStreets\nhttp://fxn.ws/2ArO3uG", "message_tags": [{"id": "2166623476696430", "name": "#njicactaskforce", "offset": 102, "length": 16}, {"id": "140275182818557", "name": "#SaferStreets", "offset": 119, "length": 13}], "permalink_url": "https://www.facebook.com/helperase/photos/a.1029649477086727/1682802618438073/?type=3", "attachments": {"data": [{"description": "Great job by all the New Jersey Law Enforcement involved in getting these predators off the streets! \n#NJICACTaskForce #SaferStreets\nhttp://fxn.ws/2ArO3uG", "media": {"image": {"height": 720, "src": "https://scontent-lax3-1.xx.fbcdn.net/v/t1.0-9/s720x720/24232058_1682802618438073_5334095829550125041_n.jpg?_nc_cat=104&ccb=1-3&_nc_sid=2d5d41&_nc_ohc=ZokN2PE7rjkAX-ADl1i&_nc_ht=scontent-lax3-1.xx&tp=7&oh=9e04757e65a7862034a65a9f7fd55ece&oe=60723571", "width": 579}}, "target": {"id": "1682802618438073", "url": "https://www.facebook.com/helperase/photos/a.1029649477086727/1682802618438073/?type=3"}, "title": "Timeline Photos", "type": "photo", "url": "https://www.facebook.com/helperase/photos/a.1029649477086727/1682802618438073/?type=3"}]}, "id": "1003344626383879_1682802618438073"}