{"created_time": "2017-11-20T15:14:09+0000", "message": "YWCA Kalamazoo to build only human trafficking shelter in Michigan\nThe grant it received will allow them to expand their human trafficking program and will build a 17 bed shelter for survivors, offer legal support, therapy and case management.", "permalink_url": "https://www.facebook.com/1003344626383879/posts/1668835466501455/", "attachments": {"data": [{"description": "A Kalamazoo non-profit is set to open Michigan\u2019s only shelter for human trafficking survivors.The YWCA Kalamazoo said the grant it received will allow them to expand their human trafficking program\u2026", "media": {"image": {"height": 555, "src": "https://external-lax3-1.xx.fbcdn.net/safe_image.php?d=AQGWvF1cmAAaQhuu&w=555&h=555&url=https%3A%2F%2Fbuffer-media-uploads.s3.amazonaws.com%2F5a0f4dfe936392ca015d6e9f%2F8d5138cc05adc99145274748170c0625eee3e2db_88a1fb4610945c3a261f8b6307b1fc89b44eec4f_facebook&cfs=1&_nc_cb=1&_nc_hash=AQEuxWCC_xP86ENn", "width": 555}}, "target": {"url": "http://l.facebook.com/l.php?u=http%3A%2F%2Fj.mp%2F2zMN0ri&h=AT1_IVKWzTrFOlYU86zo0F6Co0WJE3p4lGi5jYJ5dtktCjCV0z2zN42YN3tzuXRkbnRUo_9q2NPAOG_WfMlv5XMZ1eWsr3XsM5sZ7kYMP1oYXHYJUIMYB8-P5hYJWd3X&s=1"}, "title": "YWCA Kalamazoo to build only human trafficking shelter in Michigan", "type": "share", "url": "http://l.facebook.com/l.php?u=http%3A%2F%2Fj.mp%2F2zMN0ri&h=AT1_IVKWzTrFOlYU86zo0F6Co0WJE3p4lGi5jYJ5dtktCjCV0z2zN42YN3tzuXRkbnRUo_9q2NPAOG_WfMlv5XMZ1eWsr3XsM5sZ7kYMP1oYXHYJUIMYB8-P5hYJWd3X&s=1"}]}, "id": "1003344626383879_1668835466501455"}