{"created_time": "2017-10-29T14:14:05+0000", "message": "Take every opportunity to chat with your children about the danger of talking to strangers on social media and ask them to disable location sharing capabilities on their social media accounts and photos.", "permalink_url": "https://www.facebook.com/1003344626383879/posts/1646788298706172/", "attachments": {"data": [{"description": "We compiled some tips for talking to your children about child sex trafficking.", "media": {"image": {"height": 714, "src": "https://external-lax3-1.xx.fbcdn.net/safe_image.php?d=AQFJIqkeeaSJr5-i&w=714&h=714&url=https%3A%2F%2Fbuffer-media-uploads.s3.amazonaws.com%2F59f0b3c5004df9057657e35f%2F7c5e11eddff710bb363fa1b4a10b5f302e201f38_04380595be0aef333397a2307208af40313742d0_facebook&cfs=1&_nc_cb=1&_nc_hash=AQHCei_SYp9YCV9p", "width": 714}}, "target": {"url": "http://l.facebook.com/l.php?u=http%3A%2F%2Fj.mp%2F2lesPfX&h=AT0Nvihxj4lnzca5fzwWrZYoc9FAbF-CvkflRrUdxHJa5aZoHx-5fwQcLKgOZHpBy5ZgadUnBJKxD8Gqwf8T1i4-r0p21kizMxdVSVeeH9KAYDjKCb54Fm6p9l8JuLsy&s=1"}, "title": "You should talk to your children about child sex trafficking. Here's how.", "type": "share", "url": "http://l.facebook.com/l.php?u=http%3A%2F%2Fj.mp%2F2lesPfX&h=AT0Nvihxj4lnzca5fzwWrZYoc9FAbF-CvkflRrUdxHJa5aZoHx-5fwQcLKgOZHpBy5ZgadUnBJKxD8Gqwf8T1i4-r0p21kizMxdVSVeeH9KAYDjKCb54Fm6p9l8JuLsy&s=1"}]}, "id": "1003344626383879_1646788298706172"}