{"created_time": "2017-10-23T14:14:00+0000", "message": "Because of forward thinking legislators and a governor committed to protecting our children, every student in California will learn about both sex and labor trafficking and how to avoid victimization.", "permalink_url": "https://www.facebook.com/1003344626383879/posts/1640538459331156/", "attachments": {"data": [{"description": "Human trafficking is all around us, and kids often are the victims. Now schools can teach them to protect themselves", "media": {"image": {"height": 571, "src": "https://external-lax3-1.xx.fbcdn.net/safe_image.php?d=AQEM6L5FMK2ZMv5V&w=571&h=571&url=https%3A%2F%2Fbuffer-media-uploads.s3.amazonaws.com%2F59ec89ddc3453de570893f5d%2F708b079753488eba39b895c0c04b27a06d946820_ea456e4dfeb211a3e0a217f3d9a221aedec87110_facebook&cfs=1&sx=229&sy=0&sw=571&sh=571&_nc_cb=1&_nc_hash=AQFt1aVFHrtHELwJ", "width": 571}}, "target": {"url": "http://l.facebook.com/l.php?u=http%3A%2F%2Fj.mp%2F2xXCngz&h=AT3As33FwCs9A_Xss9emm05AOXjFRcbmuo97Mb-eLZHILk3Qc6DgdXWNIQoDhuDOEHaCDCugyVdibCwlKkgW6Dc_NUOoCbnAOobAlobQ6uE1ytR9CflwZiTY6MEwp6fw&s=1"}, "title": "Teaching kids to protect themselves from human trafficking", "type": "share", "url": "http://l.facebook.com/l.php?u=http%3A%2F%2Fj.mp%2F2xXCngz&h=AT3As33FwCs9A_Xss9emm05AOXjFRcbmuo97Mb-eLZHILk3Qc6DgdXWNIQoDhuDOEHaCDCugyVdibCwlKkgW6Dc_NUOoCbnAOobAlobQ6uE1ytR9CflwZiTY6MEwp6fw&s=1"}]}, "id": "1003344626383879_1640538459331156"}