{"created_time": "2017-09-06T13:14:04+0000", "message": "\"We want to give a message of hope, that you can be saved and there are people you can turn to.\" Dozens of airport employees underwent training last year from Airline Ambassadors, a nonprofit group in Arlington, Virginia, that educates the airline industry on how to recognize human trafficking and when to step in.", "permalink_url": "https://www.facebook.com/1003344626383879/posts/1597276646990671/", "attachments": {"data": [{"description": "Airport and airline workers have attended classes over the past year to spot the signs of human trafficking as a way to prevent men, women and children from being shuffled out of Las Vegas against \u2026", "media": {"image": {"height": 720, "src": "https://external-lax3-1.xx.fbcdn.net/safe_image.php?d=AQE5saTmQgmShu6V&w=720&h=720&url=https%3A%2F%2Fbuffer-media-uploads.s3.amazonaws.com%2F59ad85413b3fb464165e5f41%2F0bad2f0c1e3a732421682d9fae061f1d39853748_8ccdc7f45c5d12b12ed5308242593598a2ac7c6f_facebook&cfs=1&_nc_cb=1&_nc_hash=AQHwCBGJGw2uWYcT", "width": 720}}, "target": {"url": "http://l.facebook.com/l.php?u=http%3A%2F%2Fj.mp%2F2eWv0zn&h=AT0LwYtkNkik5qILY0WUBNAb0C0AogAjjBZWSp0JsbFVO1lYB6geHpKbvEsmUhJVVEnYfaG97BIVoQzWBCTDlqzpogAoq8kC9qzovY1Y8p7QgaWvAbeUbbw1SFgXUoGY&s=1"}, "title": "Las Vegas airport, airline workers learn to spot human trafficking", "type": "share", "url": "http://l.facebook.com/l.php?u=http%3A%2F%2Fj.mp%2F2eWv0zn&h=AT0LwYtkNkik5qILY0WUBNAb0C0AogAjjBZWSp0JsbFVO1lYB6geHpKbvEsmUhJVVEnYfaG97BIVoQzWBCTDlqzpogAoq8kC9qzovY1Y8p7QgaWvAbeUbbw1SFgXUoGY&s=1"}]}, "id": "1003344626383879_1597276646990671"}