{"created_time": "2017-08-28T23:04:12+0000", "message": "Co-Chairs of the Senate Caucus to End Human Trafficking, and along with 26 of our colleagues from across the political spectrum, we have introduced the Stop Enabling Sex Traffickers Act. This narrowly crafted legislation has the support of numerous anti-human trafficking advocacy groups and law enforcement organizations around the country.", "permalink_url": "https://www.facebook.com/1003344626383879/posts/1589621794422823/", "attachments": {"data": [{"description": "A 1996 law written to protect children now puts them in danger", "media": {"image": {"height": 481, "src": "https://external-lax3-1.xx.fbcdn.net/safe_image.php?d=AQGCwWPc4NSvM14o&w=481&h=481&url=https%3A%2F%2Fbuffer-media-uploads.s3.amazonaws.com%2F59a07bd1a6ef177a6953e5fc%2Fef34873379e4bf60d8a2e898ae28406d34ffaf15_224f14995b5f36ba62d94afb0070133392ac4277_facebook&cfs=1&_nc_cb=1&_nc_hash=AQFFATiTBuqNOlVo", "width": 481}}, "target": {"url": "http://l.facebook.com/l.php?u=http%3A%2F%2Fj.mp%2F2wFjR07&h=AT39ua5YIT6Lnsd2rdkUiDzoLx9rkzhQr0NxfW1LaJ16XCLspg9hsAgVJbXU15wn5ooVLkBQH19e-54RNVSlhUq5QUF8nmowcWY5VqVx0gX8AH8ekgpBUNy9lPZv5Oec&s=1"}, "title": "How Congress Can Crack Down On Sex Trafficking", "type": "share", "url": "http://l.facebook.com/l.php?u=http%3A%2F%2Fj.mp%2F2wFjR07&h=AT39ua5YIT6Lnsd2rdkUiDzoLx9rkzhQr0NxfW1LaJ16XCLspg9hsAgVJbXU15wn5ooVLkBQH19e-54RNVSlhUq5QUF8nmowcWY5VqVx0gX8AH8ekgpBUNy9lPZv5Oec&s=1"}]}, "id": "1003344626383879_1589621794422823"}