{"created_time": "2020-06-12T14:23:39+0000", "message": "Great job by all involved!! \n\u201cHur commended Homeland Security Investigations and the Howard County Police Department for their work in the investigation.\u201d\n\nhttps://www.bizjournals.com/baltimore/news/2020/06/11/chuck-nabit-charges-sex-trafficking-business.html\n\n#nodemandnosupply #exploitation #notforsale", "message_tags": [{"id": "156117314561133", "name": "#nodemandnosupply", "offset": 261, "length": 17}, {"id": "493415700714621", "name": "#exploitation", "offset": 279, "length": 13}, {"id": "250927571710798", "name": "#NotForSale", "offset": 293, "length": 11}], "permalink_url": "https://www.facebook.com/helperase/photos/a.1029649477086727/3211030555615264/?type=3", "attachments": {"data": [{"description": "Great job by all involved!! \n\u201cHur commended Homeland Security Investigations and the Howard County Police Department for their work in the investigation.\u201d\n\nhttps://www.bizjournals.com/baltimore/news/2020/06/11/chuck-nabit-charges-sex-trafficking-business.html\n\n#nodemandnosupply #exploitation #notforsale", "media": {"image": {"height": 720, "src": "https://scontent-lax3-1.xx.fbcdn.net/v/t1.0-9/p720x720/103853408_3211030558948597_2047254354682787394_o.jpg?_nc_cat=101&ccb=1-3&_nc_sid=2d5d41&_nc_ohc=C5eGDtJOIxAAX-Kofth&_nc_ht=scontent-lax3-1.xx&tp=6&oh=175bfad106c49512aa4b9af34f3de7ec&oe=606E27B4", "width": 720}}, "target": {"id": "3211030555615264", "url": "https://www.facebook.com/helperase/photos/a.1029649477086727/3211030555615264/?type=3"}, "title": "Timeline Photos", "type": "photo", "url": "https://www.facebook.com/helperase/photos/a.1029649477086727/3211030555615264/?type=3"}]}, "id": "1003344626383879_3211030555615264"}