{"created_time": "2017-05-23T00:07:09+0000", "permalink_url": "https://www.facebook.com/1003344626383879/posts/1485899431461727/", "attachments": {"data": [{"description": "Gov. Greg Abbott has signed a mandate to train truck drivers and other commercial vehicle operators on human trafficking, which affects more than 300,000 victims in the state. Under the new\u2026", "media": {"image": {"height": 720, "src": "https://external-lax3-1.xx.fbcdn.net/safe_image.php?d=AQFexLXmWWSiXyus&w=720&h=720&url=http%3A%2F%2Fww4.hdnux.com%2Fphotos%2F47%2F65%2F04%2F10441003%2F3%2FrawImage.jpg&cfs=1&_nc_cb=1&_nc_hash=AQEONXZ3xhttM6Wc", "width": 720}}, "target": {"url": "http://l.facebook.com/l.php?u=http%3A%2F%2Fbuff.ly%2F2rB6CrC&h=AT2Da3g8sGwNrv1HckvTYLVFs6E8gjSPNJs3a2dqy7Gx_wtyVCtc4DaosGIrRSEBxzhD13L1Qb5dmH6PAk-GP3Ihybq7Vockb48nLzH-VW9DgZdEZ97EmI4eThquhlAV&s=1"}, "title": "Abbott signs law to enlist truck drivers in fight against human trafficking", "type": "share", "url": "http://l.facebook.com/l.php?u=http%3A%2F%2Fbuff.ly%2F2rB6CrC&h=AT2Da3g8sGwNrv1HckvTYLVFs6E8gjSPNJs3a2dqy7Gx_wtyVCtc4DaosGIrRSEBxzhD13L1Qb5dmH6PAk-GP3Ihybq7Vockb48nLzH-VW9DgZdEZ97EmI4eThquhlAV&s=1"}]}, "id": "1003344626383879_1485899431461727"}