{"created_time": "2017-02-15T01:22:02+0000", "message": "The Many Faces of Traffickers.", "permalink_url": "https://www.facebook.com/helperase/videos/1377143849003953/", "attachments": {"data": [{"media": {"image": {"height": 720, "src": "https://scontent-lax3-1.xx.fbcdn.net/v/t15.5256-10/p720x720/16777334_1377152522336419_2483000716432506880_n.jpg?_nc_cat=108&ccb=1-3&_nc_sid=ad6a45&_nc_ohc=BaOYlaOOrTYAX9K42gR&_nc_ht=scontent-lax3-1.xx&tp=6&oh=79a3b0d44ba8c6bfc96d3009f96eab5a&oe=606ECB65", "width": 720}}, "target": {"id": "1377143849003953", "url": "https://www.facebook.com/helperase/videos/1377143849003953/"}, "title": "Many Faces of Traffickers", "type": "video_inline", "url": "https://www.facebook.com/helperase/videos/1377143849003953/"}]}, "id": "1003344626383879_1377143849003953"}