{"created_time": "2017-01-13T18:28:54+0000", "message": "Ways traffickers lure victims.\n\nFact #13 Some recruiters befriend teens \nand young adults for the sake of trafficking them.\nAfter they develop trust and a friendship, the recruiters initiate a weekend vacation or gig, only to deceive them into trafficking.\n\n30 Facts ~ National Slavery and Human Trafficking Prevention Month\n#Awareness #Prevention #Education", "message_tags": [{"id": "402127356550229", "name": "#awareness", "offset": 325, "length": 10}, {"id": "320571564713268", "name": "#prevention", "offset": 336, "length": 11}, {"id": "601052526576079", "name": "#education", "offset": 348, "length": 10}], "permalink_url": "https://www.facebook.com/helperase/photos/a.1381766311875040/1344920895559582/?type=3", "attachments": {"data": [{"description": "Ways traffickers lure victims.\n\nFact #13 Some recruiters befriend teens \nand young adults for the sake of trafficking them.\nAfter they develop trust and a friendship, the recruiters initiate a weekend vacation or gig, only to deceive them into trafficking.\n\n30 Facts ~ National Slavery and Human Trafficking Prevention Month\n#Awareness #Prevention #Education", "media": {"image": {"height": 378, "src": "https://scontent-lax3-2.xx.fbcdn.net/v/t31.0-8/s720x720/15936778_1344920895559582_8019640195520233634_o.jpg?_nc_cat=111&ccb=1-3&_nc_sid=e007fa&_nc_ohc=WogCy5ImlJUAX9X5d6P&_nc_ht=scontent-lax3-2.xx&tp=7&oh=1a6087eefdb1d4249ae24dd4f8ef0bd3&oe=6072254F", "width": 720}}, "target": {"id": "1344920895559582", "url": "https://www.facebook.com/helperase/photos/a.1381766311875040/1344920895559582/?type=3"}, "title": "30 Facts about Human Trafficking", "type": "photo", "url": "https://www.facebook.com/helperase/photos/a.1381766311875040/1344920895559582/?type=3"}]}, "id": "1003344626383879_1344920895559582"}