{"created_time": "2019-09-08T20:10:03+0000", "message": "The judge said investigators had found templates in his Williams' phone for creating driver's licenses, social security cards and other forms of identification.", "permalink_url": "https://www.facebook.com/1003344626383879/posts/2595234687194857/", "attachments": {"data": [{"description": "David Williams, a Pensacola man accused of trafficking and prostituting women at Asian massage parlor, was deemed a flight risk and denied bond", "media": {"image": {"height": 720, "src": "https://external-lax3-1.xx.fbcdn.net/safe_image.php?d=AQE19izB-OaAhrV9&w=720&h=720&url=https%3A%2F%2Fwww.gannett-cdn.com%2Fpresto%2F2019%2F08%2F16%2FPPEN%2F0721a159-5121-4278-b535-bcdc117eeafe-David_Williams.jpg%3Fcrop%3D767%2C432%2Cx0%2Cy354%26width%3D3200%26height%3D1680%26fit%3Dbounds&cfs=1&_nc_cb=1&_nc_hash=AQGVFOzYranAJbOw", "width": 720}}, "target": {"url": "https://l.facebook.com/l.php?u=https%3A%2F%2Fbuff.ly%2F2Lyb2KK&h=AT2lEowMDLlyuUdoOemOzTQoq5XRZBdhPFQV0E0mahzKSP7vcLKk6IRmrUXCX7tLf3t6gDnnRSqeRFCJjq0i3vJmQkMBjfyC3fGIh51yQb2Qw4ZVho5maR17WIIn2EF3&s=1"}, "title": "Pensacola man accused of human trafficking at massage parlors in 4 states denied bail", "type": "share", "url": "https://l.facebook.com/l.php?u=https%3A%2F%2Fbuff.ly%2F2Lyb2KK&h=AT2lEowMDLlyuUdoOemOzTQoq5XRZBdhPFQV0E0mahzKSP7vcLKk6IRmrUXCX7tLf3t6gDnnRSqeRFCJjq0i3vJmQkMBjfyC3fGIh51yQb2Qw4ZVho5maR17WIIn2EF3&s=1"}]}, "id": "1003344626383879_2595234687194857"}