{"created_time": "2020-08-13T17:08:48+0000", "message": "Sex Trafficking does not discriminate, anyone can fall prey to techniques used by traffickers. #LE #MakingADifference  #HelpERASE", "message_tags": [{"id": "171980396286315", "name": "#le", "offset": 95, "length": 3}, {"id": "136254236549866", "name": "#makingadifference", "offset": 99, "length": 18}, {"id": "600288956648476", "name": "#helpERASE", "offset": 119, "length": 10}], "permalink_url": "https://www.facebook.com/1003344626383879/posts/3384826408235677/", "attachments": {"data": [{"media": {"image": {"height": 405, "src": "https://scontent-lax3-2.xx.fbcdn.net/v/t15.5256-10/s720x720/117305395_695936414470096_1711989131662940842_n.jpg?_nc_cat=107&ccb=1-3&_nc_sid=ad6a45&_nc_ohc=a_5muLdCBmcAX-8TYJ1&_nc_ht=scontent-lax3-2.xx&tp=7&oh=8ed615178aeb3ab94cda61b62931ea1e&oe=606E5F46", "width": 720}}, "target": {"id": "695935074470230", "url": "https://www.facebook.com/helperase/videos/695935074470230/"}, "title": "Auburn Hills police issue campus warning.", "type": "video_inline", "url": "https://www.facebook.com/helperase/videos/695935074470230/"}]}, "id": "1003344626383879_3384826408235677"}