{"created_time": "2018-08-02T20:10:03+0000", "message": "\"A 31-year-old Lake Worth man was arrested last week after DNA evidence linked him to a case involving a teenage human-trafficking victim, according to a Palm Beach County Sheriff\u2019s Office arrest report.\"", "permalink_url": "https://www.facebook.com/1003344626383879/posts/1960926930625639/", "attachments": {"data": [{"description": "The charge stemmed from a 2017 investigation involving a girl, then 15 years old, the Palm Beach County Sheriff's Office said.", "media": {"image": {"height": 450, "src": "https://external-lax3-1.xx.fbcdn.net/safe_image.php?d=AQHIg6FdnjN6jITb&w=450&h=450&url=https%3A%2F%2Fwww.mypalmbeachpost.com%2Frf%2Fimage_large%2FPub%2Fp9%2FPalmBeachPost%2F2018%2F07%2F31%2FImages%2FPeoplesAlfred.jpg_web.jpg&cfs=1&sx=175&sy=0&sw=450&sh=450&_nc_cb=1&_nc_hash=AQEe-JCRZKH5Hjp9", "width": 450}}, "target": {"url": "https://l.facebook.com/l.php?u=https%3A%2F%2Fbuff.ly%2F2ODvjz3&h=AT11TMwPit4CYhqkQnknFTesqr6atFTbxhJDMfbv7X5r5XbNelevyY4hxPLKf39UvUvt0TyiTFIxHPH8_bQacUlBVrwx2DB5V5egCSmvkInF3u9d-kPqSjpcvwQA7R3k&s=1"}, "title": "Lake Worth man accused of lewd behavior on human-trafficking victim", "type": "share", "url": "https://l.facebook.com/l.php?u=https%3A%2F%2Fbuff.ly%2F2ODvjz3&h=AT11TMwPit4CYhqkQnknFTesqr6atFTbxhJDMfbv7X5r5XbNelevyY4hxPLKf39UvUvt0TyiTFIxHPH8_bQacUlBVrwx2DB5V5egCSmvkInF3u9d-kPqSjpcvwQA7R3k&s=1"}]}, "id": "1003344626383879_1960926930625639"}