{"created_time": "2018-08-02T14:04:04+0000", "message": "\"Urban areas like Charlotte with growing populations and affluence are magnets for human trafficking as laborers or the sex trade. Young people \u2013 especially minors who lack family structure or are in foster care \u2013 are especially vulnerable.\" https://buff.ly/2AyNpPY", "message_tags": [], "permalink_url": "https://www.facebook.com/helperase/photos/a.1029649477086727/1960467810671551/?type=3", "attachments": {"data": [{"description": "\"Urban areas like Charlotte with growing populations and affluence are magnets for human trafficking as laborers or the sex trade. Young people \u2013 especially minors who lack family structure or are in foster care \u2013 are especially vulnerable.\" https://buff.ly/2AyNpPY", "media": {"image": {"height": 451, "src": "https://scontent-lax3-1.xx.fbcdn.net/v/t1.0-9/s720x720/38404945_1960467814004884_7775147470241136640_o.png?_nc_cat=100&ccb=1-3&_nc_sid=da1649&_nc_ohc=KSCyaq3qtrwAX-W7Rx5&_nc_ht=scontent-lax3-1.xx&_nc_tp=30&oh=d31da5be65d83d8eeaeec85e20f1ccb1&oe=607069A0", "width": 720}}, "target": {"id": "1960467810671551", "url": "https://www.facebook.com/helperase/photos/a.1029649477086727/1960467810671551/?type=3"}, "title": "Timeline Photos", "type": "photo", "url": "https://www.facebook.com/helperase/photos/a.1029649477086727/1960467810671551/?type=3"}]}, "id": "1003344626383879_1960467810671551"}