{"created_time": "2018-05-21T20:04:01+0000", "message": "Angels of Mercy and the Century Club of Rochester are working together to take a stand against the exploitation of women and girls forced into human trafficking.", "permalink_url": "https://www.facebook.com/1003344626383879/posts/1857791167605883/", "attachments": {"data": [{"description": "It's a move to help victims of human trafficking...", "media": {"image": {"height": 450, "src": "https://external-lax3-1.xx.fbcdn.net/safe_image.php?d=AQHl-cq-76YJ8gTv&w=450&h=450&url=http%3A%2F%2Fwww.whec.com%2Fwhecimages%2Frepository%2F2018-05%2FRochester_takes_a_stand_against_human_trafficking-syndImport-103209.jpg&cfs=1&sx=148&sy=0&sw=450&sh=450&_nc_cb=1&_nc_hash=AQEmFFkln-64WJRu", "width": 450}}, "target": {"url": "https://l.facebook.com/l.php?u=https%3A%2F%2Fbuff.ly%2F2GFbrXq&h=AT1mz9u2EFtthbpN8nB55IJHItbiqovD1yQDdpmF3I-G2A7W8oD99D0HNztRDHvsS9uOKI5O0hXco4SvVeqI32b5UECi1IquIMFqzz9O9vSlRSWGPflOMfeAt3VzJsmS&s=1"}, "title": "Rochester takes a stand against human trafficking", "type": "share", "url": "https://l.facebook.com/l.php?u=https%3A%2F%2Fbuff.ly%2F2GFbrXq&h=AT1mz9u2EFtthbpN8nB55IJHItbiqovD1yQDdpmF3I-G2A7W8oD99D0HNztRDHvsS9uOKI5O0hXco4SvVeqI32b5UECi1IquIMFqzz9O9vSlRSWGPflOMfeAt3VzJsmS&s=1"}]}, "id": "1003344626383879_1857791167605883"}