{"created_time": "2018-05-17T20:04:02+0000", "message": "Human trafficking is modern day slavery. Girls around the age of 12 sold for sex and held by fear. You may think it\u2019s a crime that only happens in big-metro areas, but it is happening right here in Northern Michigan.", "permalink_url": "https://www.facebook.com/1003344626383879/posts/1853879707997029/", "attachments": {"data": [{"description": "\u201cWhat all is involved and how cruel and horrific of a world it is, it\u2019s got to stop. One way or another it\u2019s got to stop.\u201d You may have heard the term \u201chuman trafficking,\u201d but are you even sure what it is? Could you spot the signs that its happening? Michigan is in the top 10 nationwide ...", "media": {"image": {"height": 720, "src": "https://external-lax3-1.xx.fbcdn.net/safe_image.php?d=AQFpnzynMx_ZqSAM&w=720&h=720&url=http%3A%2F%2Fwww.9and10news.com%2Fwp-content%2Fuploads%2F2018%2F05%2F05-14-2018-TRAFFICKING-INNOCENCE.jpg&cfs=1&_nc_cb=1&_nc_hash=AQHQFgNFN6JbYbdH", "width": 720}}, "target": {"url": "https://l.facebook.com/l.php?u=https%3A%2F%2Fbuff.ly%2F2wMgmGm&h=AT1DdoTBWdjaD91IetQn3AceZlCfJML8oxeSf9hkCcbt5aDSOebNGvLZvVHv9AYxGaTjIdwUq4DnnePqgJD_NbexF8JwCMybdnssqcq1zGs5U52ohDU1cvK7pzHgS4R_&s=1"}, "title": "Special Report: Trafficking Innocence, A Hidden Epidemic - 9 & 10 News", "type": "share", "url": "https://l.facebook.com/l.php?u=https%3A%2F%2Fbuff.ly%2F2wMgmGm&h=AT1DdoTBWdjaD91IetQn3AceZlCfJML8oxeSf9hkCcbt5aDSOebNGvLZvVHv9AYxGaTjIdwUq4DnnePqgJD_NbexF8JwCMybdnssqcq1zGs5U52ohDU1cvK7pzHgS4R_&s=1"}]}, "id": "1003344626383879_1853879707997029"}