{"created_time": "2018-04-10T20:04:03+0000", "message": "Every year, federal agents across the country run a massive sting operation called Operation Cross Country to get dangerous traffickers off the streets and save sexually abused minors.", "permalink_url": "https://www.facebook.com/1003344626383879/posts/1817466744971659/", "attachments": {"data": [{"description": "Every year, federal agents across the country run a massive sting operation called Operation Cross Country to get dangerous traffickers off the streets and save sexually abused minors.", "media": {"image": {"height": 630, "src": "https://scontent-lax3-1.xx.fbcdn.net/v/t45.1600-4/c78.0.630.630a/p640x640/30553478_6087447082998_3099126565456314368_n.png?_nc_cat=102&ccb=1-3&_nc_sid=eaa83b&_nc_ohc=h28UU2WPBAMAX_Mjdwv&_nc_ht=scontent-lax3-1.xx&_nc_tp=30&oh=423c6f7f47848ce51be6650679157866&oe=6070FC61", "width": 630}}, "target": {"url": "https://l.facebook.com/l.php?u=https%3A%2F%2Fbuff.ly%2F2uT0uAD&h=AT3cyQhtkd2m11FG188-Q5ALhlY3XnZSYJRuiVJNx5Eiei2S-d2t1qa3h1gOYbDFvWH4hdIndqe-4egXd8MyG2dRxDtx5X4LWhfMVNKDBVJkPISFpK8aOUqFLQzrawDS&s=1"}, "title": "FBI on sex trafficking sting: \"Our primary goal is to recover children\"", "type": "share", "url": "https://l.facebook.com/l.php?u=https%3A%2F%2Fbuff.ly%2F2uT0uAD&h=AT3cyQhtkd2m11FG188-Q5ALhlY3XnZSYJRuiVJNx5Eiei2S-d2t1qa3h1gOYbDFvWH4hdIndqe-4egXd8MyG2dRxDtx5X4LWhfMVNKDBVJkPISFpK8aOUqFLQzrawDS&s=1"}]}, "id": "1003344626383879_1817466744971659"}