{"created_time": "2018-03-19T11:53:27+0000", "message": "Law Enforcement Training in Miami hosted by the North Miami Police and #HialeahGardensPoliceDepartment", "message_tags": [{"id": "125117007663478", "name": "North Miami PD", "type": "page", "offset": 48, "length": 18}, {"id": "1305744386110365", "name": "#hialeahgardenspolicedepartment", "offset": 71, "length": 31}], "permalink_url": "https://www.facebook.com/helperase/videos/1794260347292299/", "attachments": {"data": [{"media": {"image": {"height": 640, "src": "https://scontent-lax3-2.xx.fbcdn.net/v/t15.5256-10/27601010_1794260553958945_4082744805761744896_n.jpg?_nc_cat=107&ccb=1-3&_nc_sid=ad6a45&_nc_ohc=fNEcY0v6gRIAX-jCcHY&_nc_ht=scontent-lax3-2.xx&oh=1a50fdd976d293416105270179da7ce2&oe=606EFD9D", "width": 640}}, "target": {"id": "1794260347292299", "url": "https://www.facebook.com/helperase/videos/1794260347292299/"}, "type": "video_inline", "url": "https://www.facebook.com/helperase/videos/1794260347292299/"}]}, "id": "1003344626383879_1794260347292299"}