{"created_time": "2017-11-01T00:00:11+0000", "message": "Celebrating the power to Speak Out! Part 2 of 4  \nWhat message do we send when we don\u2019t speak out? Silence is not always golden.  \n#HelpErase", "message_tags": [{"id": "600288956648476", "name": "#helpERASE", "offset": 131, "length": 10}], "permalink_url": "https://www.facebook.com/helperase/videos/1649284528456549/", "attachments": {"data": [{"media": {"image": {"height": 360, "src": "https://scontent-lax3-1.xx.fbcdn.net/v/t15.5256-10/23102621_1649300958454906_8654685798127370240_n.jpg?_nc_cat=110&ccb=1-3&_nc_sid=ad6a45&_nc_ohc=-b1H11OUvCYAX8G9Ypk&_nc_ht=scontent-lax3-1.xx&oh=87b474623e670371aecd752f39e6f0a5&oe=606F6EE1", "width": 640}}, "target": {"id": "1649284528456549", "url": "https://www.facebook.com/helperase/videos/1649284528456549/"}, "type": "video_direct_response", "url": "https://www.facebook.com/helperase/videos/1649284528456549/"}]}, "id": "1003344626383879_1649284528456549"}