{"created_time": "2017-08-29T23:04:07+0000", "message": "\u201cI\u2019ve worked with victims where they weren\u2019t addicted to drugs before they met their trafficker,\u201d she said. \u201cThese offenders use drugs as a way to control the victims.\u201d One major misconception about human trafficking victims, especially sex trafficking, is that this only happens to people in poverty or with deeply troubled backgrounds. Hathcock said that is not the case.", "permalink_url": "https://www.facebook.com/1003344626383879/posts/1590496341002035/", "attachments": {"data": [{"description": "HICKORY \u2013 Every once in awhile, a post on social media will go viral of a woman claiming she was stalked at the grocery store. She says she noticed a", "media": {"image": {"height": 630, "src": "https://external-lax3-1.xx.fbcdn.net/safe_image.php?d=AQHbqXY4Kf_HVS45&w=630&h=630&url=https%3A%2F%2Fbuffer-media-uploads.s3.amazonaws.com%2F59a5b9dc739b8bfb43d37e18%2F037e1c8f783fbc1de8e33f5ffbd7285caa33c1ce_b98adf0909adc83d8de8170183c26a8867673132_facebook&cfs=1&_nc_cb=1&_nc_hash=AQF34QiHFGlXGWOy", "width": 630}}, "target": {"url": "http://l.facebook.com/l.php?u=http%3A%2F%2Fj.mp%2F2iFOP2b&h=AT0Aph3N5zCDX_NvOjZALeQ04Wtvqwi6ZHTI8iJsFyE_2aBADD1BjvRdLzSJqkXt6SMme2GlcEuCm-Oc7E-E-pTwRcFa5IUHyZe9pZwG1Ed2Jq_VOaBlci7hmjk6Yzhc&s=1"}, "title": "Human trafficking: It's not always what you'd expect", "type": "share", "url": "http://l.facebook.com/l.php?u=http%3A%2F%2Fj.mp%2F2iFOP2b&h=AT0Aph3N5zCDX_NvOjZALeQ04Wtvqwi6ZHTI8iJsFyE_2aBADD1BjvRdLzSJqkXt6SMme2GlcEuCm-Oc7E-E-pTwRcFa5IUHyZe9pZwG1Ed2Jq_VOaBlci7hmjk6Yzhc&s=1"}]}, "id": "1003344626383879_1590496341002035"}