{"created_time": "2017-08-20T13:14:07+0000", "message": "\u201cThere\u2019s a lack of knowledge or desire for knowledge in society,\u201d ... \u201cIt\u2019s easier for people to think of them as delinquents and prostitutes rather than enslaved, trafficked, human beings.\u201d\n#education", "message_tags": [{"id": "601052526576079", "name": "#education", "offset": 191, "length": 10}], "permalink_url": "https://www.facebook.com/1003344626383879/posts/1582235935161409/", "attachments": {"data": [{"description": "THE ISSUE: Victims of the illicit sex trade say they are often lured into the industry by manipulative and violent traffickers, then face major challenges", "media": {"image": {"height": 720, "src": "https://external-lax3-1.xx.fbcdn.net/safe_image.php?d=AQECRfK1UWkPFgQo&w=720&h=720&url=https%3A%2F%2Fbuffer-media-uploads.s3.amazonaws.com%2F5995edbe12b7568b114b8724%2Fc21814ef51ae570577e811bab410b0a3ea386992_2d92c631b8cb65cf6823e14e57f7478e2339821c_facebook&cfs=1&sx=471&sy=0&sw=2448&sh=2448&_nc_cb=1&_nc_hash=AQFDUNccrFiLk8r4", "width": 720}}, "target": {"url": "https://l.facebook.com/l.php?u=https%3A%2F%2Fbuff.ly%2F2vMFY1r&h=AT12D5-KsaBE9kpXkQYakX0LxV03wTov2HYcpgSW9kfFvfPKi5bagZIl00JorGgZ1hZ5nCHIeO7kuTkB0vr8I06cqFgCY2g5VNDmaWSuyQJIdEOuZC-Ue9lbefDHqZw5&s=1"}, "title": "INHUMAN TRADE: Sex trafficking victims manipulated, controlled for profit", "type": "share", "url": "https://l.facebook.com/l.php?u=https%3A%2F%2Fbuff.ly%2F2vMFY1r&h=AT12D5-KsaBE9kpXkQYakX0LxV03wTov2HYcpgSW9kfFvfPKi5bagZIl00JorGgZ1hZ5nCHIeO7kuTkB0vr8I06cqFgCY2g5VNDmaWSuyQJIdEOuZC-Ue9lbefDHqZw5&s=1"}]}, "id": "1003344626383879_1582235935161409"}