{"created_time": "2017-06-10T00:07:00+0000", "permalink_url": "https://www.facebook.com/1003344626383879/posts/1504016602983343/", "attachments": {"data": [{"description": "In this 20 minute tutorial, the SafeSmartSocial team walks you through our top 5 social media safety tips that can help parents keep kids safe and smart online. Learn the most dangerous feature apps\u2026", "media": {"image": {"height": 422, "src": "https://external-lax3-1.xx.fbcdn.net/safe_image.php?d=AQG2VZBDs5ebuO2O&w=422&h=422&url=https%3A%2F%2Fsafesmartsocial.com%2Fwp-content%2Fuploads%2F2017%2F06%2F5-Social-Media-Safety-Tips-for-Parents.jpg&cfs=1&sx=16&sy=0&sw=422&sh=422&_nc_cb=1&_nc_hash=AQGVQZbSOGcxUxTw", "width": 422}}, "target": {"url": "http://l.facebook.com/l.php?u=http%3A%2F%2Fbuff.ly%2F2s5NiFz&h=AT3cSIYCkJRmPLD03Mig_tBIKnRt8cu887ixHdKcOizYn_hGfJy_oC25xZaau2GejC7FHLmOzJ5M89gx04bOjRwWuAAcUGBoqLhv24o2-zaGitJMeHxNyHA58L3sop3s&s=1"}, "title": "5 Social Media Safety Tips for Parents", "type": "share", "url": "http://l.facebook.com/l.php?u=http%3A%2F%2Fbuff.ly%2F2s5NiFz&h=AT3cSIYCkJRmPLD03Mig_tBIKnRt8cu887ixHdKcOizYn_hGfJy_oC25xZaau2GejC7FHLmOzJ5M89gx04bOjRwWuAAcUGBoqLhv24o2-zaGitJMeHxNyHA58L3sop3s&s=1"}]}, "id": "1003344626383879_1504016602983343"}