{"created_time": "2017-06-07T11:14:00+0000", "permalink_url": "https://www.facebook.com/1003344626383879/posts/1501206373264366/", "attachments": {"data": [{"description": "The crime of teen sex trafficking is not going away. In fact, it's only getting worse, experts say. One part of the solution is education.", "media": {"image": {"height": 675, "src": "https://external-lax3-1.xx.fbcdn.net/safe_image.php?d=AQES6d-WL-WqIudu&w=675&h=675&url=http%3A%2F%2Fwtop.com%2Fwp-content%2Fuploads%2F2017%2F06%2FDBZYlruUAAA3nPf.jpg&cfs=1&_nc_cb=1&_nc_hash=AQFEuX4BABakDT_T", "width": 675}}, "target": {"url": "http://l.facebook.com/l.php?u=http%3A%2F%2Fbuff.ly%2F2swFw5B&h=AT1E_IKpA4MafOK8hfUspIen6zePWamCXofb3msPPouu9ujQd8dQqPxowuYb6JfdTqY2qnAr1_437qUT0ZdM8mUWIkhKd9mPOSPkiJgbWk0nWIGWNx_wn3RHRf7Mdo7V&s=1"}, "title": "'Just Ask' shining light on teen sex trafficking problem in Fairfax Co.", "type": "share", "url": "http://l.facebook.com/l.php?u=http%3A%2F%2Fbuff.ly%2F2swFw5B&h=AT1E_IKpA4MafOK8hfUspIen6zePWamCXofb3msPPouu9ujQd8dQqPxowuYb6JfdTqY2qnAr1_437qUT0ZdM8mUWIkhKd9mPOSPkiJgbWk0nWIGWNx_wn3RHRf7Mdo7V&s=1"}]}, "id": "1003344626383879_1501206373264366"}