{"created_time": "2017-03-02T17:51:23+0000", "message": "This Saturday we will be at Loyola Marymount University for the RotarySTOP Trafficking Event in Los Angeles. See flyer for registration. Thank you Rotary Club of Malibu for inviting us. Come out and learn how you can help stop trafficking in Southern California. #HelpERASE #ChildTrafficking #Rotary #Malibu", "message_tags": [{"id": "108079979219662", "name": "Loyola Marymount University", "type": "page", "offset": 28, "length": 27}, {"id": "7268844551", "name": "Rotary International", "type": "page", "offset": 64, "length": 6}, {"id": "188099427908203", "name": "Rotary Club of Malibu", "type": "page", "offset": 147, "length": 21}, {"id": "600288956648476", "name": "#helpERASE", "offset": 263, "length": 10}, {"id": "303379326455737", "name": "#childtrafficking", "offset": 274, "length": 17}, {"id": "547813355253476", "name": "#Rotary", "offset": 292, "length": 7}, {"id": "498938383499385", "name": "#malibu", "offset": 300, "length": 7}], "permalink_url": "https://www.facebook.com/helperase/photos/a.1029649477086727/1393039747414363/?type=3", "attachments": {"data": [{"description": "This Saturday we will be at Loyola Marymount University for the RotarySTOP Trafficking Event in Los Angeles. See flyer for registration. Thank you Rotary Club of Malibu for inviting us. Come out and learn how you can help stop trafficking in Southern California. #HelpERASE #ChildTrafficking #Rotary #Malibu", "description_tags": [{"id": "108079979219662", "length": 27, "name": "Loyola Marymount University", "offset": 28, "type": "page"}, {"id": "7268844551", "length": 6, "name": "Rotary International", "offset": 64, "type": "page"}, {"id": "188099427908203", "length": 21, "name": "Rotary Club of Malibu", "offset": 147, "type": "page"}], "media": {"image": {"height": 720, "src": "https://scontent-lax3-1.xx.fbcdn.net/v/t1.0-9/s720x720/16997752_1393039747414363_6634440712881574810_n.jpg?_nc_cat=100&ccb=1-3&_nc_sid=2d5d41&_nc_ohc=w5bgylWokEYAX92-M_W&_nc_ht=scontent-lax3-1.xx&tp=7&oh=7782b8abd86e2998fb58e16aeddda02e&oe=607107BE", "width": 540}}, "target": {"id": "1393039747414363", "url": "https://www.facebook.com/helperase/photos/a.1029649477086727/1393039747414363/?type=3"}, "title": "Timeline Photos", "type": "photo", "url": "https://www.facebook.com/helperase/photos/a.1029649477086727/1393039747414363/?type=3"}]}, "id": "1003344626383879_1393039747414363"}