{"created_time": "2020-06-16T17:05:35+0000", "message": "#Repost @vicb1010\n\u30fb\u30fb\u30fb\nKeep it moving!!!", "message_tags": [{"id": "141106619392182", "name": "#Repost", "offset": 0, "length": 7}], "permalink_url": "https://www.facebook.com/helperase/photos/a.1029649477086727/3222102697841383/?type=3", "attachments": {"data": [{"description": "#Repost @vicb1010\n\u30fb\u30fb\u30fb\nKeep it moving!!!", "media": {"image": {"height": 720, "src": "https://scontent-lax3-1.xx.fbcdn.net/v/t1.0-9/p720x720/103988449_3222102704508049_2345991723670021602_o.jpg?_nc_cat=100&ccb=1-3&_nc_sid=2d5d41&_nc_ohc=DJnVRLSLG8YAX_6Xizn&_nc_ht=scontent-lax3-1.xx&tp=6&oh=3518466df2c9a6840e3109cd46924a7a&oe=606F97F2", "width": 720}}, "target": {"id": "3222102697841383", "url": "https://www.facebook.com/helperase/photos/a.1029649477086727/3222102697841383/?type=3"}, "title": "Timeline Photos", "type": "photo", "url": "https://www.facebook.com/helperase/photos/a.1029649477086727/3222102697841383/?type=3"}]}, "id": "1003344626383879_3222102697841383"}