{"created_time": "2020-02-17T19:10:16+0000", "message": "\"Reportedly, Ray, 60, of Piscataway, New Jersey, brought three students to the property and forced them to do manual labor in 2013. The indictment states they had to install an irrigation system at the location.\"\nhttps://buff.ly/2uVcpPb", "message_tags": [], "permalink_url": "https://www.facebook.com/helperase/photos/a.1029649477086727/2938850209499968/?type=3", "attachments": {"data": [{"description": "\"Reportedly, Ray, 60, of Piscataway, New Jersey, brought three students to the property and forced them to do manual labor in 2013. The indictment states they had to install an irrigation system at the location.\"\nhttps://buff.ly/2uVcpPb", "media": {"image": {"height": 416, "src": "https://scontent-lax3-1.xx.fbcdn.net/v/t1.0-9/86390522_2938850216166634_5844867499585175552_n.jpg?_nc_cat=104&ccb=1-3&_nc_sid=da1649&_nc_ohc=_iZTli3qF4UAX-VoZ9_&_nc_ht=scontent-lax3-1.xx&oh=321af687263b1c572d5a299c1809e84e&oe=606F0353", "width": 560}}, "target": {"id": "2938850209499968", "url": "https://www.facebook.com/helperase/photos/a.1029649477086727/2938850209499968/?type=3"}, "title": "Timeline Photos", "type": "photo", "url": "https://www.facebook.com/helperase/photos/a.1029649477086727/2938850209499968/?type=3"}]}, "id": "1003344626383879_2938850209499968"}