{"created_time": "2018-09-20T20:10:02+0000", "message": "\"To help educate staff about the new codes, the AHA's Hospitals Against Violence webpage has tools and resources on human trafficking and a fact sheet on the new codes.\"", "permalink_url": "https://www.facebook.com/1003344626383879/posts/2031595366892128/", "attachments": {"data": [{"description": "In June, the CDC published 29 ICD-10 codes to help providers document sex and labor exploitation.", "target": {"url": "https://l.facebook.com/l.php?u=https%3A%2F%2Fbuff.ly%2F2Ddvorw&h=AT2D0boiCKP9RM8cJvp8CiuaJpr1SFu7E7a9YWK-pUimuWuMU8P6CvRcO5BBB0NsPlU44q6NUw2JrTk1JFt3L26y2bMo9frWFLGlXIW1WEo5BBhGyAQq-S_G60YuU8XR&s=1"}, "title": "How hospitals can prepare for new ICD-10 codes on human trafficking", "type": "share", "url": "https://l.facebook.com/l.php?u=https%3A%2F%2Fbuff.ly%2F2Ddvorw&h=AT2D0boiCKP9RM8cJvp8CiuaJpr1SFu7E7a9YWK-pUimuWuMU8P6CvRcO5BBB0NsPlU44q6NUw2JrTk1JFt3L26y2bMo9frWFLGlXIW1WEo5BBhGyAQq-S_G60YuU8XR&s=1"}]}, "id": "1003344626383879_2031595366892128"}