{"created_time": "2018-08-04T16:01:11+0000", "permalink_url": "https://www.facebook.com/1003344626383879/posts/1964018140316518/", "attachments": {"data": [{"description": "Today Kristi House is at Tropical Park for the 7th Annual Breastfeeding Awareness Walk. Hundreds of community partners and thousands of  informed, caring families having fun on a Saturday. Thanks for coming out and learning about Kristi House! \ud83d\udc99\ud83d\ude4f\ud83c\udffd\ud83c\udfe1 #outreach #healinghearts #kristihouse #miami #endchildabuse #stopsextrafficking", "media": {"image": {"height": 512, "src": "https://scontent-lax3-2.xx.fbcdn.net/v/t1.0-9/38490595_10156553551358491_1448487856698818560_n.jpg?_nc_cat=106&ccb=1-3&_nc_sid=2d5d41&_nc_ohc=IFdjTIbTbpIAX_B7t3f&_nc_ht=scontent-lax3-2.xx&oh=3cc4220cb6d57b30f4f459685a964fdd&oe=6070C931", "width": 676}}, "target": {"id": "10156553551353491", "url": "https://www.facebook.com/KristiHouseCAC/photos/a.297955743490/10156553551353491/?type=3"}, "title": "Timeline Photos", "type": "photo", "url": "https://www.facebook.com/KristiHouseCAC/photos/a.297955743490/10156553551353491/?type=3"}]}, "id": "1003344626383879_1964018140316518"}