{"created_time": "2018-03-20T14:14:04+0000", "message": "To combat this epidemic, we\u2019ve introduced the bipartisan Protecting Rights of Those Exploited by Coercive Trafficking (PROTECT) Act, which specifically addresses this use of drugs to facilitate trafficking and will protect those who are vulnerable.", "permalink_url": "https://www.facebook.com/1003344626383879/posts/1795424997175834/", "attachments": {"data": [{"description": "Although the PROTECT Act is just one more step forward in our battle, the strong support we\u2019ve already received from victim advocates and law enforcement illustrates that people across this country will never tolerate incidents like the one in that San Antonio parking lot. The dangerous traffi...", "media": {"image": {"height": 521, "src": "https://external-lax3-1.xx.fbcdn.net/safe_image.php?d=AQE4jqcWqpMT2Q4G&w=521&h=521&url=https%3A%2F%2Fcdn.tribtalk.org%2Fmedia%2Fphotos%2F2018%2F03%2FHumanTrafficking.jpg&cfs=1&_nc_cb=1&_nc_hash=AQFFOgv7NXrTe-Ys", "width": 521}}, "target": {"url": "https://l.facebook.com/l.php?u=https%3A%2F%2Fbuff.ly%2F2FPsZQP&h=AT2ljcupcqySoQsNodtTCdyqM6qETk3nfGD4zFmW9jtAyl7n8TiA0h7SUDgcDR7LsPoX_nziv9ziFL0LxPOjCy-8twzukJcoLx6KEFFksBzTl7nM6ghSn6z41XH5KYX3&s=1"}, "title": "Breaking the link between forced drug use and human trafficking , by John Cornyn and John Ratcliffe", "type": "share", "url": "https://l.facebook.com/l.php?u=https%3A%2F%2Fbuff.ly%2F2FPsZQP&h=AT2ljcupcqySoQsNodtTCdyqM6qETk3nfGD4zFmW9jtAyl7n8TiA0h7SUDgcDR7LsPoX_nziv9ziFL0LxPOjCy-8twzukJcoLx6KEFFksBzTl7nM6ghSn6z41XH5KYX3&s=1"}]}, "id": "1003344626383879_1795424997175834"}