{"created_time": "2018-03-19T20:04:03+0000", "message": "Airbnb and Uber, two companies with vast global scale, have recognized that they, too, can help. Why? Because the people engaged in this evil often use those companies' services.", "permalink_url": "https://www.facebook.com/1003344626383879/posts/1794676573917343/", "attachments": {"data": [{"description": "Read Quest's Profitable Moment.", "media": {"image": {"height": 439, "src": "https://external-lax3-1.xx.fbcdn.net/safe_image.php?d=AQFp3DzyYMCR5PqZ&w=439&h=439&url=http%3A%2F%2Fi2.cdn.turner.com%2Fmoney%2Fdam%2Fassets%2F180315181844-quest-profitable-moment-human-trafficking-780x439.jpg&cfs=1&sx=341&sy=0&sw=439&sh=439&_nc_cb=1&_nc_hash=AQFySqLNkbDcY_Pf", "width": 439}}, "target": {"url": "https://l.facebook.com/l.php?u=https%3A%2F%2Fbuff.ly%2F2HJdPNp&h=AT1bhBD_l9k9qs-jewKly53Nnm7TQlf8uEN9tLvsOe2Gi2aVA8XPVWRNMz_bwOnUqbUWr4Z7-jtiD1vX8HjkVRfo1ckAuU9Kwwsn7T5p0qHSgHDGjotLAJD5GG4Njsdm&s=1"}, "title": "Producing results on human trafficking", "type": "share", "url": "https://l.facebook.com/l.php?u=https%3A%2F%2Fbuff.ly%2F2HJdPNp&h=AT1bhBD_l9k9qs-jewKly53Nnm7TQlf8uEN9tLvsOe2Gi2aVA8XPVWRNMz_bwOnUqbUWr4Z7-jtiD1vX8HjkVRfo1ckAuU9Kwwsn7T5p0qHSgHDGjotLAJD5GG4Njsdm&s=1"}]}, "id": "1003344626383879_1794676573917343"}