{"created_time": "2017-07-31T04:36:23+0000", "message": "As World Day Against Trafficking in Persons comes to a close, please remember we need to raise awareness every day. Human Trafficking Victims do not get a day off nor do they get to sleep in when they want. No option to call out sick or take a mental health day. Every day is a day to survive. We can give a voice to the voiceless. Here are some common signs of a Trafficking Victim. If you see something suspicious please notify law enforcement.\n#endhumantrafficking #givefreedom #helperase #SpeakUp", "message_tags": [{"id": "593609360666840", "name": "#endhumantrafficking", "offset": 447, "length": 20}, {"id": "136724616510939", "name": "#GiveFreedom", "offset": 468, "length": 12}, {"id": "600288956648476", "name": "#helpERASE", "offset": 481, "length": 10}, {"id": "425757387509992", "name": "#SpeakUp", "offset": 492, "length": 8}], "permalink_url": "https://www.facebook.com/1003344626383879/posts/1562941103757559/", "attachments": {"data": [{"description": "As World Day Against Trafficking in Persons comes to a close, please remember we need to raise awareness every day. Human Trafficking Victims do not get a day off nor do they get to sleep in when they want. No option to call out sick or take a mental health day. Every day is a day to survive. We can give a voice to the voiceless. Here are some common signs of a Trafficking Victim. If you see something suspicious please notify law enforcement.\n#endhumantrafficking #givefreedom #helperase #SpeakUp", "media": {"image": {"height": 720, "src": "https://scontent-lax3-1.xx.fbcdn.net/v/t31.0-8/p720x720/20414352_1562940693757600_4629460551069681331_o.jpg?_nc_cat=110&ccb=1-3&_nc_sid=8024bb&_nc_ohc=P9pJdRruWYMAX8TYCel&_nc_ht=scontent-lax3-1.xx&tp=6&oh=3f86de06f61aba601f5b3f795e4b4e79&oe=607017F9", "width": 720}}, "target": {"id": "1562940693757600", "url": "https://www.facebook.com/helperase/photos/a.1029649477086727/1562940693757600/?type=3"}, "type": "photo", "url": "https://www.facebook.com/helperase/photos/a.1029649477086727/1562940693757600/?type=3"}]}, "id": "1003344626383879_1562941103757559"}