{"created_time": "2017-07-31T03:36:03+0000", "message": "This is a great PSA video by Sunnyvale Department of Public Safety on Human Trafficking. Very happy to see the many law enforcement departments raising awareness today.", "message_tags": [{"id": "312118552499689", "name": "Sunnyvale Department of Public Safety", "type": "page", "offset": 29, "length": 37}], "permalink_url": "https://www.facebook.com/1003344626383879/posts/1562910473760622/", "attachments": {"data": [{"media": {"image": {"height": 405, "src": "https://scontent-lax3-2.xx.fbcdn.net/v/t15.5256-10/s720x720/16148287_365650773813133_7205719383287529472_n.jpg?_nc_cat=111&ccb=1-3&_nc_sid=ad6a45&_nc_ohc=a-gTxaBy_mIAX9ci19B&_nc_ht=scontent-lax3-2.xx&tp=7&oh=b4cbebb9761f942deeddd48de816d4f3&oe=60708873", "width": 720}}, "target": {"id": "365649497146594", "url": "https://www.facebook.com/SunnyvaleDPS/videos/365649497146594/"}, "title": "Human Trafficking", "type": "video_inline", "url": "https://www.facebook.com/SunnyvaleDPS/videos/365649497146594/"}]}, "id": "1003344626383879_1562910473760622"}