{"created_time": "2017-07-08T11:14:01+0000", "permalink_url": "https://www.facebook.com/1003344626383879/posts/1537513129633690/", "attachments": {"data": [{"description": "Disney recently announced that the famous auction scene in Pirates of the Caribbean is being scrubbed of the human trafficking theme, and instead will now...", "media": {"image": {"height": 214, "src": "https://external-lax3-1.xx.fbcdn.net/safe_image.php?d=AQF0vozq0CZGKWmc&w=214&h=214&url=https%3A%2F%2Fbuffer-media-uploads.s3.amazonaws.com%2F595ff12f097f9b5008edcb7b%2F93474ecf886b09039ac49fd9af23114e087b5872_7d51b925654715f3e158b9245cc20b0f2cb9f9c8_facebook&cfs=1&_nc_cb=1&_nc_hash=AQFGTqmt3UbSyKcl", "width": 214}}, "target": {"url": "http://l.facebook.com/l.php?u=http%3A%2F%2Fbuff.ly%2F2uzMjwp&h=AT3CxTq1nykYTYAKSaveK5KKKmhdS7FVWGZ-qPGU8lgnmCjtwvLVovIA83LJxcm-rAp3K7vZRQbVgizER4fB4-MqXePQ--kY9c6Boy6dMUL4A_7Z4pHQbnmAP6soO-v2&s=1"}, "title": "Disney finally scrubs human trafficking  from Pirates of the Caribbean ride", "type": "share", "url": "http://l.facebook.com/l.php?u=http%3A%2F%2Fbuff.ly%2F2uzMjwp&h=AT3CxTq1nykYTYAKSaveK5KKKmhdS7FVWGZ-qPGU8lgnmCjtwvLVovIA83LJxcm-rAp3K7vZRQbVgizER4fB4-MqXePQ--kY9c6Boy6dMUL4A_7Z4pHQbnmAP6soO-v2&s=1"}]}, "id": "1003344626383879_1537513129633690"}