{"created_time": "2017-07-07T00:07:02+0000", "message": "Speaking up saves lives! \n#HelpERASE #ChildTrafficking", "message_tags": [{"id": "600288956648476", "name": "#helpERASE", "offset": 26, "length": 10}, {"id": "303379326455737", "name": "#childtrafficking", "offset": 37, "length": 17}], "permalink_url": "https://www.facebook.com/1003344626383879/posts/1536010019784001/", "attachments": {"data": [{"description": "A grandfather\u2019s tip led to four arrests, two of which were connected to a sizable human trafficking bust in Alamance County.", "media": {"image": {"height": 366, "src": "https://scontent-lax3-2.xx.fbcdn.net/v/t45.1600-4/c144.0.366.366a/p372x372/19886545_6067305855345_6317821580164464640_n.png?_nc_cat=107&ccb=1-3&_nc_sid=eaa83b&_nc_ohc=oTGxCTweFkYAX9SAQm0&_nc_ht=scontent-lax3-2.xx&_nc_tp=30&oh=c1ddc9e67a8bd5f459608b5626b65e7d&oe=60720749", "width": 366}}, "target": {"url": "http://l.facebook.com/l.php?u=http%3A%2F%2Fbuff.ly%2F2uv7xLz&h=AT0j8mNEIZFA18r5kyQKPRna8j2b_JpXdJT6AUkOIWtEyDcJQwlZRym3ir_22b6mMSACXr4XickT_5QX_7fiPQcUVp24vqTBF1GNxXAsj9nLxlgXpTqjxTQAljh5S4Od&s=1"}, "title": "Grandfather\u2019s tip leads to human trafficking, drug bust in Alamance County", "type": "share", "url": "http://l.facebook.com/l.php?u=http%3A%2F%2Fbuff.ly%2F2uv7xLz&h=AT0j8mNEIZFA18r5kyQKPRna8j2b_JpXdJT6AUkOIWtEyDcJQwlZRym3ir_22b6mMSACXr4XickT_5QX_7fiPQcUVp24vqTBF1GNxXAsj9nLxlgXpTqjxTQAljh5S4Od&s=1"}]}, "id": "1003344626383879_1536010019784001"}