{"created_time": "2019-12-16T15:04:02+0000", "message": "\u2018My Prince Charming turned into a monster\u2019: Local woman survives sex trafficking \n#sextrafficking #texas", "message_tags": [{"id": "602800239750132", "name": "#Sextrafficking", "offset": 82, "length": 15}, {"id": "454165764663101", "name": "#texas", "offset": 98, "length": 6}], "permalink_url": "https://www.facebook.com/1003344626383879/posts/2804681059583551/", "attachments": {"data": [{"description": "For months, she was forced into the sex trade by one of the most dangerous traffickers in the state, if not the country.", "media": {"image": {"height": 450, "src": "https://external-lax3-1.xx.fbcdn.net/safe_image.php?d=AQEnQNvrDbUYFBNz&w=450&h=450&url=https%3A%2F%2Fwww.ksat.com%2Fresizer%2F-iyP4qeg8qga-LYsY91VtH5BK28%3D%2F1200x450%2Fsmart%2Ffilters%3Aformat%28jpeg%29%3Astrip_exif%28true%29%3Astrip_icc%28true%29%3Ano_upscale%28true%29%3Aquality%2865%29%2Fd1vhqlrjc8h82r.cloudfront.net%2F12-16-2019%2Ft_903cf6441f93408795a77153f06318f4_name_image.jpg&cfs=1&_nc_cb=1&_nc_hash=AQHuumfPVflLqfOA", "width": 450}}, "target": {"url": "https://l.facebook.com/l.php?u=https%3A%2F%2Fbuff.ly%2F2qZtq98&h=AT0FOZQGukZecRehOkNYC9wMZ3kzr6pTw_VbS-f6ZAuX8YYx30KXkyYzxMBH6_SPoDqJCWGpwhjYZ7N6POOioHcc0FU0IPuNTTqJMMsMl92QNVxpd28HuIAqnXHcSEbq&s=1"}, "title": "\u2018My Prince Charming turned into a monster\u2019: Local woman survives sex trafficking", "type": "share", "url": "https://l.facebook.com/l.php?u=https%3A%2F%2Fbuff.ly%2F2qZtq98&h=AT0FOZQGukZecRehOkNYC9wMZ3kzr6pTw_VbS-f6ZAuX8YYx30KXkyYzxMBH6_SPoDqJCWGpwhjYZ7N6POOioHcc0FU0IPuNTTqJMMsMl92QNVxpd28HuIAqnXHcSEbq&s=1"}]}, "id": "1003344626383879_2804681059583551"}