{"created_time": "2019-03-27T23:04:35+0000", "message": "The power behind those in power.\n#changemakers \n#HelpERASE\n#thelifestory", "message_tags": [{"id": "546845042012660", "name": "#changemakers", "offset": 33, "length": 13}, {"id": "600288956648476", "name": "#helpERASE", "offset": 48, "length": 10}, {"id": "364120593709140", "name": "#TheLifeStory", "offset": 59, "length": 13}], "permalink_url": "https://www.facebook.com/helperase/videos/589106088223177/", "attachments": {"data": [{"media": {"image": {"height": 640, "src": "https://scontent-lax3-2.xx.fbcdn.net/v/t15.5256-10/54491800_589114234889029_6079904701480960000_n.jpg?_nc_cat=107&ccb=1-3&_nc_sid=ad6a45&_nc_ohc=C14afWiXvaMAX-ZmKIq&_nc_ht=scontent-lax3-2.xx&oh=1bbeeb99592bcd69c0e1969ee635476b&oe=607211BB", "width": 360}}, "target": {"id": "589106088223177", "url": "https://www.facebook.com/helperase/videos/589106088223177/"}, "type": "video_inline", "url": "https://www.facebook.com/helperase/videos/589106088223177/"}]}, "id": "1003344626383879_589106088223177"}