{"created_time": "2019-01-17T00:02:11+0000", "message": "It takes a village of unsung heroes. \nPart 2\n#HelpERASE", "message_tags": [{"id": "600288956648476", "name": "#helpERASE", "offset": 45, "length": 10}], "permalink_url": "https://www.facebook.com/helperase/videos/528178377692505/", "attachments": {"data": [{"media": {"image": {"height": 640, "src": "https://scontent-lax3-1.xx.fbcdn.net/v/t15.5256-10/50100644_528181824358827_1056941264852746240_n.jpg?_nc_cat=103&ccb=1-3&_nc_sid=ad6a45&_nc_ohc=fvZP2tyVsJsAX8GMTjU&_nc_ht=scontent-lax3-1.xx&oh=81a900199aa6371616d3e735d5fdba5f&oe=606F51F0", "width": 360}}, "target": {"id": "528178377692505", "url": "https://www.facebook.com/helperase/videos/528178377692505/"}, "type": "video_inline", "url": "https://www.facebook.com/helperase/videos/528178377692505/"}]}, "id": "1003344626383879_528178377692505"}