{"created_time": "2019-02-07T00:03:14+0000", "message": "Bust out your Red Marker!!!\nTop 3 Ways you can help End It tomorrow!\n#EndItMovement #HelpERASE", "message_tags": [{"id": "135310759973849", "name": "#enditmovement", "offset": 69, "length": 14}, {"id": "600288956648476", "name": "#helpERASE", "offset": 84, "length": 10}], "permalink_url": "https://www.facebook.com/helperase/videos/369787976936665/", "attachments": {"data": [{"media": {"image": {"height": 640, "src": "https://scontent-lax3-1.xx.fbcdn.net/v/t15.5256-10/51991547_369791583602971_7007853478366150656_n.jpg?_nc_cat=104&ccb=1-3&_nc_sid=ad6a45&_nc_ohc=XmoUQ07SjYkAX9H53XW&_nc_ht=scontent-lax3-1.xx&oh=0936440fa4caeab31244d75f4be0e139&oe=607248E5", "width": 360}}, "target": {"id": "369787976936665", "url": "https://www.facebook.com/helperase/videos/369787976936665/"}, "type": "video_inline", "url": "https://www.facebook.com/helperase/videos/369787976936665/"}]}, "id": "1003344626383879_369787976936665"}