{"created_time": "2018-10-27T21:23:24+0000", "permalink_url": "https://www.facebook.com/1003344626383879/posts/2078449392206725/", "attachments": {"data": [{"description": "Reflecting back on last weekend...hundreds of runners/walkers...thousands of steps...and all for the freedom of others. \ud83d\udc9a\ud83c\udfc3\ud83c\udffd\u200d\u2640\ufe0f\ud83c\udfc3\ud83c\udffd\ud83d\udc99", "media": {"image": {"height": 720, "src": "https://scontent-lax3-1.xx.fbcdn.net/v/t1.0-9/p720x720/44875040_1045429505639765_2305528785111351296_o.jpg?_nc_cat=100&ccb=1-3&_nc_sid=2d5d41&_nc_ohc=1Bu-ZrttDPUAX_ZUhem&_nc_ht=scontent-lax3-1.xx&tp=6&oh=be1c362316ad048711b6512d5218d220&oe=606EB0A2", "width": 720}}, "target": {"id": "1045429502306432", "url": "https://www.facebook.com/LoveRunsDetroit/photos/a.612087075640679/1045429502306432/?type=3"}, "title": "Timeline Photos", "type": "photo", "url": "https://www.facebook.com/LoveRunsDetroit/photos/a.612087075640679/1045429502306432/?type=3"}]}, "id": "1003344626383879_2078449392206725"}