{"created_time": "2018-08-23T14:04:04+0000", "message": "\"Hoke is one of more than half a million truckers trained to spot and report human trafficking through Truckers Against Trafficking.\"", "permalink_url": "https://www.facebook.com/1003344626383879/posts/1996683997049932/", "attachments": {"data": [{"description": "\u2018Our idea was to turn a passive audience into a disruptive force.\u2019", "media": {"image": {"height": 512, "src": "https://external-lax3-1.xx.fbcdn.net/safe_image.php?d=AQG0cOBHYX0NRhfQ&w=512&h=512&url=https%3A%2F%2Fwww.hcn.org%2Fissues%2F50.14%2Fcommunities-truckers-take-on-human-trafficking%2Fimage_large&cfs=1&sx=144&sy=0&sw=512&sh=512&_nc_cb=1&_nc_hash=AQEjysp4CpeNouqr", "width": 512}}, "target": {"url": "https://l.facebook.com/l.php?u=https%3A%2F%2Fbuff.ly%2F2w3SLxM&h=AT0vq07cKYpt89M_blwB_h_2m8PgpG_p6H1PtN1r-Z_mlIXB7lHeLSaIOiHbNsUAfk7YcNi47OcJD_uwRRpSzl2YYVN4Epeq6w6cdgJnzUOUAzPSqUxucJCOzKR80tYV&s=1"}, "title": "Truckers take on human trafficking", "type": "share", "url": "https://l.facebook.com/l.php?u=https%3A%2F%2Fbuff.ly%2F2w3SLxM&h=AT0vq07cKYpt89M_blwB_h_2m8PgpG_p6H1PtN1r-Z_mlIXB7lHeLSaIOiHbNsUAfk7YcNi47OcJD_uwRRpSzl2YYVN4Epeq6w6cdgJnzUOUAzPSqUxucJCOzKR80tYV&s=1"}]}, "id": "1003344626383879_1996683997049932"}