{"created_time": "2018-08-04T14:04:02+0000", "message": "\u201cAn investigation into human trafficking done by a North Strabane Township police officer at the request of an agent with the federal Department of Homeland Security Child Exploitation/Human Trafficking team led to the arrest Tuesday of a New Jersey man.\u201d", "permalink_url": "https://www.facebook.com/1003344626383879/posts/1963846823666983/", "attachments": {"data": [{"description": "An investigation into human trafficking done by a North Strabane Township police officer at the request of an agent with the federal Department of Homeland Security led to the arrest", "media": {"image": {"height": 354, "src": "https://external-lax3-1.xx.fbcdn.net/safe_image.php?d=AQHU7xi-6xQBbqym&w=354&h=354&url=https%3A%2F%2Fbloximages.newyork1.vip.townnews.com%2Fobserver-reporter.com%2Fcontent%2Ftncms%2Fassets%2Fv3%2Feditorial%2F0%2F77%2F07785efc-9523-11e8-8e92-23147146494b%2F5b6100caf1134.image.jpg%3Fresize%3D354%252C600&cfs=1&sx=0&sy=83&sw=354&sh=354&_nc_cb=1&_nc_hash=AQH94n8z1f57fP_5", "width": 354}}, "target": {"url": "https://l.facebook.com/l.php?u=https%3A%2F%2Fbuff.ly%2F2LMkJbx&h=AT2ujpMuP3oFE89ibuTYp_mdR-yMEsu9VgyY4pHJ355ws5hfVyU-TrI9UyLHWxOesabFniTyD2Zh6WxjPSk-cz4XFn7rvvZJAEkh7eA_7eHZbR2Ta4of0D7B6-wi9t_D&s=1"}, "title": "North Strabane police investigation into human trafficking leads to arrest of New Jersey man", "type": "share", "url": "https://l.facebook.com/l.php?u=https%3A%2F%2Fbuff.ly%2F2LMkJbx&h=AT2ujpMuP3oFE89ibuTYp_mdR-yMEsu9VgyY4pHJ355ws5hfVyU-TrI9UyLHWxOesabFniTyD2Zh6WxjPSk-cz4XFn7rvvZJAEkh7eA_7eHZbR2Ta4of0D7B6-wi9t_D&s=1"}]}, "id": "1003344626383879_1963846823666983"}