{"created_time": "2018-06-30T20:04:01+0000", "message": "\"Dart new podcast series is produced in collaboration with Truckers Against Trafficking (TAT), the Minnesota Trucking Association (MTA) and the Minnesota Bureau of Criminal Apprehension (MBCA). The five-part series examines how the state of Minnesota and MTA members have been involved in the effort to address human trafficking.\"", "permalink_url": "https://www.facebook.com/1003344626383879/posts/1907638469287819/", "attachments": {"data": [{"description": "Dart has a total of 500 company drivers and owner-operators driving within the Dart Network fleet who are certified with Truckers Against Trafficking.", "media": {"image": {"height": 720, "src": "https://external-lax3-1.xx.fbcdn.net/safe_image.php?d=AQHfdf65xOEu4mUj&w=720&h=720&url=https%3A%2F%2Fwww.ccjdigital.com%2Fwp-content%2Fuploads%2Fsites%2F10%2F2018%2F06%2FKlobuchar-2018-06-26-15-51.jpeg&cfs=1&sx=70&sy=0&sw=2776&sh=2776&_nc_cb=1&_nc_hash=AQEKDLYbSz3PxkZe", "width": 720}}, "target": {"url": "https://l.facebook.com/l.php?u=https%3A%2F%2Fbuff.ly%2F2yLvhBD&h=AT1Dc4ewQcNJX-j3RdGZ3XTBrHAntjzrx214jPHKBOWmbrC8MofgKU6wjtTAv2bv0sAqTSyN8oWydyqwCxdLCJ2OKac9WCF1PXJaT-nqWqvojji2lGvz2tF6ynKgxJEg&s=1"}, "title": "Dart Transit creates podcast series to help drivers combat human trafficking", "type": "share", "url": "https://l.facebook.com/l.php?u=https%3A%2F%2Fbuff.ly%2F2yLvhBD&h=AT1Dc4ewQcNJX-j3RdGZ3XTBrHAntjzrx214jPHKBOWmbrC8MofgKU6wjtTAv2bv0sAqTSyN8oWydyqwCxdLCJ2OKac9WCF1PXJaT-nqWqvojji2lGvz2tF6ynKgxJEg&s=1"}]}, "id": "1003344626383879_1907638469287819"}