{"created_time": "2018-08-01T14:04:06+0000", "message": "\u201cEight more charged in North St. Paul underage sex sting, bringing total to 17\u201d", "permalink_url": "https://www.facebook.com/1003344626383879/posts/1958835520834780/", "attachments": {"data": [{"description": "Eight more men face charges in a sting conducted in North St. Paul in the weeks leading up to the Super Bowl this past winter that targeted pursuers of underage sex with online advertisements, auth\u2026", "media": {"image": {"height": 576, "src": "https://external-lax3-1.xx.fbcdn.net/safe_image.php?d=AQGCPLCqEiBwhf85&w=576&h=576&url=https%3A%2F%2Fwww.twincities.com%2Fwp-content%2Fuploads%2F2018%2F07%2FBryce-Mitchell-Unto-Olson-Adam-James-Sellers-Daniel-Hakina-Guya-Larry-Jacob-Stiele.-James-Joseph-Judge-Ernest-William-Ahrens-Daniel-John-Mallet-Aryeh-Leiv-Cohen.jpg%3Fw%3D1024%26h%3D576&cfs=1&sx=346&sy=0&sw=576&sh=576&_nc_cb=1&_nc_hash=AQF322l7jSsLQoW5", "width": 576}}, "target": {"url": "https://l.facebook.com/l.php?u=https%3A%2F%2Fbuff.ly%2F2vqZEZ1&h=AT02NrovoJegUrL5Z3_Aj0DGXNW7i_z0JqDhEJAGUs-uWe1s4XcWzgca5hUWbne601GsQ7UwTLUzHXmjTPDLPFTE3B1jyqX8T-Xf2UFswHce-_8hSfnx5hLCnnCKVY0x&s=1"}, "title": "Eight more charged in North St. Paul underage sex sting, bringing total to 17", "type": "share", "url": "https://l.facebook.com/l.php?u=https%3A%2F%2Fbuff.ly%2F2vqZEZ1&h=AT02NrovoJegUrL5Z3_Aj0DGXNW7i_z0JqDhEJAGUs-uWe1s4XcWzgca5hUWbne601GsQ7UwTLUzHXmjTPDLPFTE3B1jyqX8T-Xf2UFswHce-_8hSfnx5hLCnnCKVY0x&s=1"}]}, "id": "1003344626383879_1958835520834780"}