{"created_time": "2018-03-05T21:04:01+0000", "message": "There are almost 80,000 children trafficked for sex each year just in Texas, according to a study from UT. That's why the Safe Alliance created a program to specifically help victims of sex trafficking.", "permalink_url": "https://www.facebook.com/1003344626383879/posts/1778850255499975/", "attachments": {"data": [{"description": "There are almost 80,000 children trafficked for sex each year just in Texas, according to a study from UT. That's why the Safe Alliance created a program to specifically help victims of sex trafficking.", "media": {"image": {"height": 360, "src": "https://external-lax3-1.xx.fbcdn.net/safe_image.php?w=360&h=360&url=http%3A%2F%2Fkvue-download.edgesuite.net%2Fvideo%2F8022761%2F8022761_Thumb.jpg&cfs=1&_nc_cb=1&_nc_hash=AQHDiG8R4mysYowx", "width": 360}}, "target": {"url": "https://l.facebook.com/l.php?u=https%3A%2F%2Fbuff.ly%2F2t3aiam&h=AT3F63ukmwp0G3yJlSHHJtqL1Rku2D2zIU2a6ybXsq-4g6IAuz8cmEhWlCVNaT_llGcqk4tqLoK_CfVvxav3NnbBZkgwxhoaGjR3NVGeRIVM5R-awg1g2DcvPr_2UB0I&s=1"}, "title": "Program helping victims of sex trafficking", "type": "share", "url": "https://l.facebook.com/l.php?u=https%3A%2F%2Fbuff.ly%2F2t3aiam&h=AT3F63ukmwp0G3yJlSHHJtqL1Rku2D2zIU2a6ybXsq-4g6IAuz8cmEhWlCVNaT_llGcqk4tqLoK_CfVvxav3NnbBZkgwxhoaGjR3NVGeRIVM5R-awg1g2DcvPr_2UB0I&s=1"}]}, "id": "1003344626383879_1778850255499975"}