{"created_time": "2018-02-16T21:04:01+0000", "message": "\"They don't have to worry about whether he is going to believe them or not. They can tell him how they feel, and they don't have to worry that they'll be blamed, or that somebody is going to tell them that they've done something wrong.\"", "permalink_url": "https://www.facebook.com/1003344626383879/posts/1760869073964760/", "attachments": {"data": [{"description": "A 3-year-old Labrador and Bernese Mountain Dog mix is helping child survivors of sex trafficking find the calm to talk about their trauma.", "media": {"image": {"height": 629, "src": "https://external-lax3-1.xx.fbcdn.net/safe_image.php?d=AQHtpDE_YY4whALL&w=629&h=629&url=https%3A%2F%2Fimg-s-msn-com.akamaized.net%2Ftenant%2Famp%2Fentityid%2FBBJ58A1.img%3Fh%3D630%26w%3D1200%26m%3D6%26q%3D60%26o%3Dt%26l%3Df%26f%3Djpg&cfs=1&_nc_cb=1&_nc_hash=AQGMVtWcBkSTp3C_", "width": 629}}, "target": {"url": "http://l.facebook.com/l.php?u=http%3A%2F%2Fj.mp%2F2ELgatz&h=AT2CFxpEZqyOVOpDXz0M4QkUMWgQOfAJrj0vEamqRnw8OgU5lU7zihWh5qws7--OMEx6n7bAfVIdraIk0ghiE3UYHQchvsixaR96lvv-aeFJmikC_fwHDbyr05zYajEG&s=1"}, "title": "'Iggy's there just for them': Therapy dog helps child sex trafficking survivors testify", "type": "share", "url": "http://l.facebook.com/l.php?u=http%3A%2F%2Fj.mp%2F2ELgatz&h=AT2CFxpEZqyOVOpDXz0M4QkUMWgQOfAJrj0vEamqRnw8OgU5lU7zihWh5qws7--OMEx6n7bAfVIdraIk0ghiE3UYHQchvsixaR96lvv-aeFJmikC_fwHDbyr05zYajEG&s=1"}]}, "id": "1003344626383879_1760869073964760"}