{"created_time": "2018-01-11T21:04:09+0000", "message": "victims are commonly spotted in places like airports, bus stations, hotels, truck stops and massage parlors. Red flags include their appearance and demeanor \u2014 victims of sex trafficking frequently avoid eye contact, appear anxious or scared and may have cuts, bruises or other signs of physical abuse.", "permalink_url": "https://www.facebook.com/1003344626383879/posts/1724248134293521/", "attachments": {"data": [{"description": "January 11 is National Human Trafficking Awareness Day. Here\u2019s what you should know and how to help victims.", "media": {"image": {"height": 530, "src": "https://external-lax3-1.xx.fbcdn.net/safe_image.php?d=AQH-2_n4RPm7-aKN&w=530&h=530&url=https%3A%2F%2Fwww.crixeo.com%2Fwp-content%2Fuploads%2F2017%2F11%2Fnotforsale.jpg&cfs=1&sx=255&sy=0&sw=530&sh=530&_nc_cb=1&_nc_hash=AQGqxbpeqPP2Qktg", "width": 530}}, "target": {"url": "http://l.facebook.com/l.php?u=http%3A%2F%2Fj.mp%2F2CHc2Xk&h=AT1Tz14HUvYaumjm0m2HYIUPJJAkQL9b-f8ZYcHvFxTOMhlEiY7yK1F_pgnzx-YzD4zpieEUULprCnMCrFYfU5evqc-JokSW7okaCc_8gnQxA3SzjpyiuqDWprNainMK&s=1"}, "title": "Human Trafficking: 5 Important Things You Should Know - Crixeo", "type": "share", "url": "http://l.facebook.com/l.php?u=http%3A%2F%2Fj.mp%2F2CHc2Xk&h=AT1Tz14HUvYaumjm0m2HYIUPJJAkQL9b-f8ZYcHvFxTOMhlEiY7yK1F_pgnzx-YzD4zpieEUULprCnMCrFYfU5evqc-JokSW7okaCc_8gnQxA3SzjpyiuqDWprNainMK&s=1"}]}, "id": "1003344626383879_1724248134293521"}