{"created_time": "2017-11-16T15:14:06+0000", "message": "Quest: Human trafficking must be stopped \nCNN is committed to helping end modern day slavery through our Freedom Project.", "permalink_url": "https://www.facebook.com/1003344626383879/posts/1664498950268440/", "attachments": {"data": [{"description": "Read Richard Quest's weekly Profitable Moment.", "media": {"image": {"height": 576, "src": "https://external-lax3-1.xx.fbcdn.net/safe_image.php?d=AQHnKdMPfmOq_eX8&w=576&h=576&url=https%3A%2F%2Fbuffer-media-uploads.s3.amazonaws.com%2F5a09db3fc3453db006f7ed62%2Fca4b1726b3f4ec20ac3c56dfeff8c019b0ddd115_347768823602f22c936aa7451c8e3eea33ea14fa_facebook&cfs=1&sx=208&sy=0&sw=576&sh=576&_nc_cb=1&_nc_hash=AQGR_MWLq2en4rKd", "width": 576}}, "target": {"url": "http://l.facebook.com/l.php?u=http%3A%2F%2Fj.mp%2F2zAV4LG&h=AT0KV08q4fxspwzwUo5OhmK11o0w8M6uR2HiK6R0iREvHMm3V-kLYn8SyAxjE9sucrL0UivMIgqM-IdSa2gJR19FuY9bFZFzR7RrcWIXiQYwELSzF3LFKUYcjPuipfBr&s=1"}, "title": "Quest: Human trafficking must be stopped", "type": "share", "url": "http://l.facebook.com/l.php?u=http%3A%2F%2Fj.mp%2F2zAV4LG&h=AT0KV08q4fxspwzwUo5OhmK11o0w8M6uR2HiK6R0iREvHMm3V-kLYn8SyAxjE9sucrL0UivMIgqM-IdSa2gJR19FuY9bFZFzR7RrcWIXiQYwELSzF3LFKUYcjPuipfBr&s=1"}]}, "id": "1003344626383879_1664498950268440"}