{"created_time": "2017-11-10T22:37:44+0000", "message": "Human trafficking is a $100 billion business IKEA, H&M, Coca Cola and many of the world's largest companies are working to stop labor exploitation and human trafficking. CNNMoney's Richard Quest explains.", "permalink_url": "https://www.facebook.com/1003344626383879/posts/1658985897486412/", "attachments": {"data": [{"description": "IKEA, H&M, Coca Cola and many of the world's largest companies are working to stop labor exploitation and human trafficking. CNNMoney's Richard Quest explains.", "media": {"image": {"height": 619, "src": "https://external-lax3-1.xx.fbcdn.net/safe_image.php?d=AQFoQY6GqO2IkSEZ&w=619&h=619&url=https%3A%2F%2Fbuffer-media-uploads.s3.amazonaws.com%2F5a062077f8594c8b27eb38ab%2F318899c3fae94e1a8e6d31b03163c903a53337b1_beb03a5c1aee5c8866a069fdcbaf2d1e0beed4ae_facebook&cfs=1&sx=222&sy=0&sw=619&sh=619&_nc_cb=1&_nc_hash=AQEG4ANvGygWix4X", "width": 619}}, "target": {"url": "http://l.facebook.com/l.php?u=http%3A%2F%2Fj.mp%2F2yPRA8G&h=AT2ypBmmtYbPwN0tijX_wdLDlN25K0B24SIOEgbaIj7MiKpKAk4_whXd5vcJQSASs3Q8r8mOsRzXgD4Be3PJ3KJAwTRPQKqs_DcwVJHcQCmH38YZsiUv60rvUZ1bPwRd&s=1"}, "title": "Human trafficking is a $100 billion business - CNN Video", "type": "share", "url": "http://l.facebook.com/l.php?u=http%3A%2F%2Fj.mp%2F2yPRA8G&h=AT2ypBmmtYbPwN0tijX_wdLDlN25K0B24SIOEgbaIj7MiKpKAk4_whXd5vcJQSASs3Q8r8mOsRzXgD4Be3PJ3KJAwTRPQKqs_DcwVJHcQCmH38YZsiUv60rvUZ1bPwRd&s=1"}]}, "id": "1003344626383879_1658985897486412"}