{"created_time": "2017-09-25T14:14:07+0000", "message": "Human Trafficking is a Market-Driven Crime. No Demand = No Need For Supply \nStop The Demand! Human Trafficking is a crime that can be defeated. If we stopped the consumers/buyers aka rapist then there would not be a demand. Speak up in your community. Demand tougher sentencing on the buyers. #NotForSale", "message_tags": [{"id": "250927571710798", "name": "#NotForSale", "offset": 293, "length": 11}], "permalink_url": "https://www.facebook.com/helperase/photos/a.1029649477086727/1613914795326856/?type=3", "attachments": {"data": [{"description": "Human Trafficking is a Market-Driven Crime. No Demand = No Need For Supply \nStop The Demand! Human Trafficking is a crime that can be defeated. If we stopped the consumers/buyers aka rapist then there would not be a demand. Speak up in your community. Demand tougher sentencing on the buyers. #NotForSale", "media": {"image": {"height": 604, "src": "https://scontent-lax3-1.xx.fbcdn.net/v/t1.0-9/s720x720/22049878_1613914795326856_622935959726594116_n.jpg?_nc_cat=108&ccb=1-3&_nc_sid=da1649&_nc_ohc=aPaR1Bl-izoAX84vdZ0&_nc_ht=scontent-lax3-1.xx&tp=7&oh=2a6f3838a5267725692cd69139a33cda&oe=60710FB5", "width": 720}}, "target": {"id": "1613914795326856", "url": "https://www.facebook.com/helperase/photos/a.1029649477086727/1613914795326856/?type=3"}, "title": "Timeline Photos", "type": "photo", "url": "https://www.facebook.com/helperase/photos/a.1029649477086727/1613914795326856/?type=3"}]}, "id": "1003344626383879_1613914795326856"}