{"created_time": "2017-08-16T13:14:01+0000", "message": "...if someone needs a Safe Place, she or he can board a bus and make it known to the CAT driver that they need help.  Our drivers are trained to be the first step to make sure the child or person at risk is taken to safety.\u201d", "permalink_url": "https://www.facebook.com/1003344626383879/posts/1578674528850883/", "attachments": {"data": [{"description": "HARRISBURG -- Capital Area Transit is training all CAT Drivers how to respond to serious community issues like Human Trafficking, Domestic Violence and Runaway Youths as part of its \u201cBuses are Safe\u2026", "media": {"image": {"height": 450, "src": "https://external-lax3-1.xx.fbcdn.net/safe_image.php?d=AQFWBwy1Ja5B3NyT&w=450&h=450&url=https%3A%2F%2Fbuffer-media-uploads.s3.amazonaws.com%2F598e05eff0b827697d2df189%2F32982da8dbfaab7d6678814ab9af87299a3d7bb0_258cda9473e98e2fdbd20825522152d0a7383704_facebook&cfs=1&_nc_cb=1&_nc_hash=AQFmREtnthZdg-ZG", "width": 450}}, "target": {"url": "https://l.facebook.com/l.php?u=https%3A%2F%2Fbuff.ly%2F2vWARP5&h=AT2eSGAz6yVzWRfLBlF4Zn-CD1DVK2hS2xNfo4ihMV_QSJ75Rpzbi-84gkf4HU9J3c9DfYlb7gWGImwxHwwvRIInlr-mm1VIAoDY35TUYccarSSodJxqV9Y_RG43pjjz&s=1"}, "title": "Capital Area Transit bus drivers receive training on how to handle human trafficking, domestic abuse situations", "type": "share", "url": "https://l.facebook.com/l.php?u=https%3A%2F%2Fbuff.ly%2F2vWARP5&h=AT2eSGAz6yVzWRfLBlF4Zn-CD1DVK2hS2xNfo4ihMV_QSJ75Rpzbi-84gkf4HU9J3c9DfYlb7gWGImwxHwwvRIInlr-mm1VIAoDY35TUYccarSSodJxqV9Y_RG43pjjz&s=1"}]}, "id": "1003344626383879_1578674528850883"}