{"created_time": "2017-08-13T13:14:01+0000", "message": "\u201cThe Racine Dominican Sisters and associates support human rights by opposing the trafficking of women, children and men for sexual exploitation and international works of enslavement. We commit our prayer, study, resources and action to end this criminal activity against our sisters and brothers.\u201d", "permalink_url": "https://www.facebook.com/1003344626383879/posts/1575798155805187/", "attachments": {"data": [{"description": "RACINE COUNTY \u2014 Last month, the U.S. House of Representatives passed a series of bills in support of efforts to combat human trafficking.", "media": {"image": {"height": 720, "src": "https://external-lax3-1.xx.fbcdn.net/safe_image.php?d=AQF1NkhzcbIgj7le&w=720&h=720&url=https%3A%2F%2Fbuffer-media-uploads.s3.amazonaws.com%2F598b1425ef20025747887fe1%2F75a4abcb8eff3f3b741e7a22b3e4625d665018fa_7d1116423162fab6ce5c26eb94852df6e043991c_facebook&cfs=1&sx=28&sy=0&sw=983&sh=983&_nc_cb=1&_nc_hash=AQEwEeXw19mZz9AZ", "width": 720}}, "target": {"url": "https://l.facebook.com/l.php?u=https%3A%2F%2Fbuff.ly%2F2upg1YA&h=AT0ZsFPrRJjs4z_1jIXrowauIoPO1tlFs7e-GNKlI54tqRhVjI_K-RwrYrJA0fg4AiNQW3tecEjZSGXEWj0Rbk7gCGxh4AipNEJ1u3Svb6D68HuyggWHymeIyaEHLqOh&s=1"}, "title": "Racine Dominicans continue to fight human trafficking", "type": "share", "url": "https://l.facebook.com/l.php?u=https%3A%2F%2Fbuff.ly%2F2upg1YA&h=AT0ZsFPrRJjs4z_1jIXrowauIoPO1tlFs7e-GNKlI54tqRhVjI_K-RwrYrJA0fg4AiNQW3tecEjZSGXEWj0Rbk7gCGxh4AipNEJ1u3Svb6D68HuyggWHymeIyaEHLqOh&s=1"}]}, "id": "1003344626383879_1575798155805187"}