{"created_time": "2019-01-07T15:04:02+0000", "message": "\"When you are a child, you cannot consent to having sex with an adult, or with anyone else, for that matter,\u201d", "permalink_url": "https://www.facebook.com/1003344626383879/posts/2183200468398283/", "attachments": {"data": [{"description": "Jeanet Ingalls of Lenox is the founder of Shout Out Loud Productions, a nonprofit organization that raises global awareness of sex trafficking, socially sanctioned abuse and poverty through artistic expression, education, advocacy, and collaboration with like-minded individuals and organizations. Ph...", "media": {"image": {"height": 342, "src": "https://external-lax3-1.xx.fbcdn.net/safe_image.php?d=AQHx11y5ervtkaiP&w=342&h=342&url=https%3A%2F%2Ftheberkshireedge.com%2Fwp-content%2Fuploads%2F2019%2F01%2Fimage.png&cfs=1&sx=0&sy=32&sw=342&sh=342&_nc_cb=1&_nc_hash=AQEMUE6A773Ub72v", "width": 342}}, "target": {"url": "https://l.facebook.com/l.php?u=https%3A%2F%2Fbuff.ly%2F2R9gpFP&h=AT2odXWRoHzAlgH838EhjFI4rBHgh2R9iPd5xLFkQI4ja7W04z5rclkezQ0IIncC57txuUFvrEsIr01QujlDF-bQUHD5Y0CCmjKyqftn_ZIjbERx80HgrboGl7k1nxFk&s=1"}, "title": "Shout Out to Dine Out: Local artist sheds light on human trafficking |", "type": "share", "url": "https://l.facebook.com/l.php?u=https%3A%2F%2Fbuff.ly%2F2R9gpFP&h=AT2odXWRoHzAlgH838EhjFI4rBHgh2R9iPd5xLFkQI4ja7W04z5rclkezQ0IIncC57txuUFvrEsIr01QujlDF-bQUHD5Y0CCmjKyqftn_ZIjbERx80HgrboGl7k1nxFk&s=1"}]}, "id": "1003344626383879_2183200468398283"}