{"created_time": "2017-05-07T00:07:00+0000", "permalink_url": "https://www.facebook.com/1003344626383879/posts/1467784879939849/", "attachments": {"data": [{"description": "LOUISVILLE, Ky. (WHAS11) -- During Derby time, money changes hands at a furiously fast pace, and a lot of it has nothing to do with betting at the track.", "media": {"image": {"height": 339, "src": "https://external-lax3-1.xx.fbcdn.net/safe_image.php?d=AQGchNmPlInTQxwp&w=339&h=339&url=http%3A%2F%2Fcontent.whas11.com%2Fphoto%2F2017%2F05%2F04%2FThinkstockPhotos-464318863_1493930632721_9378563_ver1.0.jpg&cfs=1&_nc_cb=1&_nc_hash=AQFP6W9Fi7u6ejSH", "width": 339}}, "target": {"url": "http://l.facebook.com/l.php?u=http%3A%2F%2Fbuff.ly%2F2phdFnO&h=AT2WXXaMoPmo05DMHF1mlSLS4PSFhlonPy5oZ2OdmAM0hxB_584-xXvt0KEU73HKWhr2_44hkWD0FcaefUdyeq4w1ZFbQweDoh0c8spF10sn8AytOVkUFbIue8QRHwVC&s=1"}, "title": "Bad odds for human trafficking during Derbyweek", "type": "share", "url": "http://l.facebook.com/l.php?u=http%3A%2F%2Fbuff.ly%2F2phdFnO&h=AT2WXXaMoPmo05DMHF1mlSLS4PSFhlonPy5oZ2OdmAM0hxB_584-xXvt0KEU73HKWhr2_44hkWD0FcaefUdyeq4w1ZFbQweDoh0c8spF10sn8AytOVkUFbIue8QRHwVC&s=1"}]}, "id": "1003344626383879_1467784879939849"}