{"created_time": "2017-04-22T16:57:34+0000", "message": "\"We do not inherit the Earth from our Ancestors, we borrow it from our Children\" ~ Ancient Indian proverb\n#EarthDay2017", "message_tags": [{"id": "638224919592647", "name": "#earthday2017", "offset": 106, "length": 13}], "permalink_url": "https://www.facebook.com/helperase/photos/a.1029649477086727/1450591868325817/?type=3", "attachments": {"data": [{"description": "\"We do not inherit the Earth from our Ancestors, we borrow it from our Children\" ~ Ancient Indian proverb\n#EarthDay2017", "media": {"image": {"height": 604, "src": "https://scontent-lax3-1.xx.fbcdn.net/v/t1.0-9/s720x720/18056833_1450591868325817_7354486962440885941_n.jpg?_nc_cat=101&ccb=1-3&_nc_sid=2d5d41&_nc_ohc=4kaFN1nJN0IAX94r9IZ&_nc_ht=scontent-lax3-1.xx&tp=7&oh=9563a35f567ff59d526cacf005445c69&oe=607205A7", "width": 720}}, "target": {"id": "1450591868325817", "url": "https://www.facebook.com/helperase/photos/a.1029649477086727/1450591868325817/?type=3"}, "title": "Timeline Photos", "type": "photo", "url": "https://www.facebook.com/helperase/photos/a.1029649477086727/1450591868325817/?type=3"}]}, "id": "1003344626383879_1450591868325817"}