{"created_time": "2018-11-19T15:04:05+0000", "message": "\u201cMake sure your kids know who they\u2019re trusting and who they\u2019re around, because people sell you a dream.\u201d", "permalink_url": "https://www.facebook.com/1003344626383879/posts/2111310048920659/", "attachments": {"data": [{"description": "A Cincinnati mother is opening up for the first time after the man accused of trafficking her teenage daughter was convicted in federal court.", "media": {"image": {"height": 453, "src": "https://external-lax3-1.xx.fbcdn.net/safe_image.php?d=AQHPALpAvamaPB5L&w=453&h=453&url=https%3A%2F%2Fs3.amazonaws.com%2Fcordillera-network%2Fwp-content%2Fuploads%2Fsites%2F4%2F2018%2F11%2F17153505%2Fcincinnati-teen-sex-trafficked.jpg&cfs=1&_nc_cb=1&_nc_hash=AQGi7ga4lxmjPlyq", "width": 453}}, "target": {"url": "https://l.facebook.com/l.php?u=https%3A%2F%2Fbuff.ly%2F2DM1Ocf&h=AT2Kxu5-LnrMnuOw7ZCBGzznt7-Emakk-v3BU3piw12RWUjcCqCRJ64WnpzCQUsbzOS8VMyiQ8OWr75zaAD1tAP8yfD5Q3jYDEj96pV8vpp8TpH_JShgcGjlxEhI2QnR&s=1"}, "title": "Cincinnati Mother Of Child Sex Trafficking Victim Warns Parents Of Horror", "type": "share", "url": "https://l.facebook.com/l.php?u=https%3A%2F%2Fbuff.ly%2F2DM1Ocf&h=AT2Kxu5-LnrMnuOw7ZCBGzznt7-Emakk-v3BU3piw12RWUjcCqCRJ64WnpzCQUsbzOS8VMyiQ8OWr75zaAD1tAP8yfD5Q3jYDEj96pV8vpp8TpH_JShgcGjlxEhI2QnR&s=1"}]}, "id": "1003344626383879_2111310048920659"}