{"created_time": "2017-02-12T21:31:29+0000", "message": "Fact 25 ~ For Medical Professionals\nA U.S. study on sex trafficking found that more than 85 percent of survivors had contact with a health care professional while being trafficked. \n\nSpotting Signs of Sex Trafficking for Health Care Providers- Red flags in a patient\u2019s presentation and health care history that warrant further questions: poor eye contact; anxiety; a scripted or mechanically recited history; being a runaway or in the foster-care system; sexual promiscuity; recurrent STIs; multiple pregnancies; malnourishment; substance addiction; weather-inappropriate clothing; bruising, scars, or burns in hidden places; a tattoo of a pimp\u2019s name or a strange symbol; the inability to provide an address; and a companion who refuses to leave the examination room.\n\n30 Facts ~ Human Trafficking Prevention and Awareness. \n\n#HealthCare #EducateYourself #ProtectOurKids", "message_tags": [{"id": "617301491629916", "name": "#healthcare", "offset": 827, "length": 11}, {"id": "500888956642517", "name": "#educateyourself", "offset": 839, "length": 16}, {"id": "624940134189761", "name": "#protectourkids", "offset": 856, "length": 15}], "permalink_url": "https://www.facebook.com/helperase/photos/a.1381766311875040/1375026352549036/?type=3", "attachments": {"data": [{"description": "Fact 25 ~ For Medical Professionals\nA U.S. study on sex trafficking found that more than 85 percent of survivors had contact with a health care professional while being trafficked. \n\nSpotting Signs of Sex Trafficking for Health Care Providers- Red flags in a patient\u2019s presentation and health care history that warrant further questions: poor eye contact; anxiety; a scripted or mechanically recited history; being a runaway or in the foster-care system; sexual promiscuity; recurrent STIs; multiple pregnancies; malnourishment; substance addiction; weather-inappropriate clothing; bruising, scars, or burns in hidden places; a tattoo of a pimp\u2019s name or a strange symbol; the inability to provide an address; and a companion who refuses to leave the examination room.\n\n30 Facts ~ Human Trafficking Prevention and Awareness. \n\n#HealthCare #EducateYourself #ProtectOurKids", "media": {"image": {"height": 378, "src": "https://scontent-lax3-1.xx.fbcdn.net/v/t31.0-8/s720x720/16716064_1375026352549036_8237148047500448245_o.jpg?_nc_cat=109&ccb=1-3&_nc_sid=e007fa&_nc_ohc=PNKcXWQIOIoAX88dQiD&_nc_ht=scontent-lax3-1.xx&tp=7&oh=098746a8d6b5625fd98c4c212ad97df6&oe=607092A8", "width": 720}}, "target": {"id": "1375026352549036", "url": "https://www.facebook.com/helperase/photos/a.1381766311875040/1375026352549036/?type=3"}, "title": "30 Facts about Human Trafficking", "type": "photo", "url": "https://www.facebook.com/helperase/photos/a.1381766311875040/1375026352549036/?type=3"}]}, "id": "1003344626383879_1375026352549036"}