{"created_time": "2019-12-13T15:04:03+0000", "message": "Trafficking lawsuit sheds light on often-hidden abuse - She \u201crepeatedly checked into the hotel or checked in for long periods of time without any luggage, often with different varied visitors who were all male.\u201d #travel #redflags\n https://buff.ly/38v8QOV", "message_tags": [{"id": "418119348280767", "name": "#travel", "offset": 212, "length": 7}, {"id": "550017071686292", "name": "#redflags", "offset": 220, "length": 9}], "permalink_url": "https://www.facebook.com/helperase/photos/a.1029649477086727/2798279186890405/?type=3", "attachments": {"data": [{"description": "Trafficking lawsuit sheds light on often-hidden abuse - She \u201crepeatedly checked into the hotel or checked in for long periods of time without any luggage, often with different varied visitors who were all male.\u201d #travel #redflags\n https://buff.ly/38v8QOV", "media": {"image": {"height": 404, "src": "https://scontent-lax3-1.xx.fbcdn.net/v/t1.0-9/s720x720/79151774_2798279190223738_2775845399288610816_o.jpg?_nc_cat=105&ccb=1-3&_nc_sid=da1649&_nc_ohc=Yl5TaF2AjysAX8KdY7M&_nc_ht=scontent-lax3-1.xx&tp=7&oh=75042b5181f540e6a0e26f211915f483&oe=606FCCE6", "width": 720}}, "target": {"id": "2798279186890405", "url": "https://www.facebook.com/helperase/photos/a.1029649477086727/2798279186890405/?type=3"}, "title": "Timeline Photos", "type": "photo", "url": "https://www.facebook.com/helperase/photos/a.1029649477086727/2798279186890405/?type=3"}]}, "id": "1003344626383879_2798279186890405"}