{"created_time": "2019-07-11T12:06:35+0000", "message": "2 days away! For anyone in the area of #PalmyraPA or #HersheyPA, stop by to say hello.  Palmyra Fire is the place to be from 2-4pm on Saturday to pick up some tips on child and teen safety.", "message_tags": [{"id": "135023596661128", "name": "Palmyra Fire", "type": "page", "offset": 88, "length": 12}, {"id": "379044612204204", "name": "#palmyrapa", "offset": 39, "length": 10}, {"id": "479934732071892", "name": "#hersheypa", "offset": 53, "length": 10}], "permalink_url": "https://www.facebook.com/1003344626383879/posts/2487992954585698/", "attachments": {"data": [{"description": "Only 1-2% of victims are recovered from Human Trafficking. The best thing we can do is become educated and prevent our children from being lured into trafficking.", "media": {"image": {"height": 720, "src": "https://scontent-lax3-1.xx.fbcdn.net/v/t1.0-9/p720x720/66297935_2480924815292512_3853799490989326336_o.jpg?_nc_cat=103&ccb=1-3&_nc_sid=110474&_nc_ohc=U32yowfhjDUAX-v8SjT&_nc_ht=scontent-lax3-1.xx&tp=6&oh=fe7aa76fedee23143a0a77969b16b40b&oe=606F6C04", "width": 720}}, "target": {"id": "2480924805292513", "url": "https://www.facebook.com/helperase/photos/a.1066175113434163/2480924805292513/?type=3"}, "type": "photo", "url": "https://www.facebook.com/helperase/photos/a.1066175113434163/2480924805292513/?type=3"}]}, "id": "1003344626383879_2487992954585698"}