{"created_time": "2018-09-26T13:05:09+0000", "message": "\u201cMembers of the newly formed Suffolk County Police Department Human Trafficking Task Force will be coming to listen and learn from Jeri and other speakers and workshop presenters.\u201d", "permalink_url": "https://www.facebook.com/1003344626383879/posts/2038334799551518/", "attachments": {"data": [{"description": "Is human trafficking a major local issue? This heinous crime is serious enough locally that this Thursday and Friday, September 27 and 28, there will be a two-day symposium at the Stony Brook Southampton campus called \u201cHuman Trafficking on Long Island \u2014 Identify and Respond,\u201d where professiona...", "media": {"image": {"height": 720, "src": "https://external-lax3-1.xx.fbcdn.net/safe_image.php?d=AQHcAiC02CWoYHyW&w=720&h=720&url=https%3A%2F%2Findyeastend.com%2Fwp-content%2Fuploads%2F2018%2F09%2Fhuman-trafficking-cover-...0.jpg&cfs=1&_nc_cb=1&_nc_hash=AQGFxVRjM5WEJVn2", "width": 720}}, "target": {"url": "https://l.facebook.com/l.php?u=https%3A%2F%2Fbuff.ly%2F2Ijl4NA&h=AT3hpC9aZOf0y36mt7e5vKMK1r33YzCdG3ootqquuk9RWuQlytwDFxq2zubScIiPS9jfV7Dn023oODu8Y2ooRN2v5iowMMWmSEqXRnXwHHK6_ZZGX4o-FPBKn6jieUe3&s=1"}, "title": "Human Trafficking On The East End - The Independent", "type": "share", "url": "https://l.facebook.com/l.php?u=https%3A%2F%2Fbuff.ly%2F2Ijl4NA&h=AT3hpC9aZOf0y36mt7e5vKMK1r33YzCdG3ootqquuk9RWuQlytwDFxq2zubScIiPS9jfV7Dn023oODu8Y2ooRN2v5iowMMWmSEqXRnXwHHK6_ZZGX4o-FPBKn6jieUe3&s=1"}]}, "id": "1003344626383879_2038334799551518"}