{"created_time": "2018-08-08T01:18:24+0000", "permalink_url": "https://www.facebook.com/1003344626383879/posts/1969754079742924/", "attachments": {"data": [{"description": "LONG ISLAND -- In April, police arrested a brother and sister on suspicion of running a sex trafficking ring in Suffolk County. The duo allegedly used drugs to get their victims addicted before forcing them into prostitution. They allegedly operated out of hotels in Commack, East Farmingdale and Por...", "media": {"image": {"height": 675, "src": "https://external-lax3-1.xx.fbcdn.net/safe_image.php?d=AQEvgO2SIRSOhvd5&w=675&h=675&url=http%3A%2F%2Ftribwpix.files.wordpress.com%2F2018%2F07%2Fsuffolk-police.jpeg%3Fquality%3D85%26strip%3Dall%26w%3D1200&cfs=1&_nc_cb=1&_nc_hash=AQEEHYM1qvAdpgzZ", "width": 675}}, "target": {"url": "https://l.facebook.com/l.php?u=https%3A%2F%2Fbuff.ly%2F2vHdRkK&h=AT2qX11EiesYdsp0jiO9TP6MO3i4e0ZIq1lWW0ID5bYIFCFba5SHf3T4-GrXEPQaDfDcVxHqGb1Hev2cy-I9DOJ6A9UF3YrFR3ZA_V7mpIZKpuMlCO-hJaEDD_2n5Vxb&s=1"}, "title": "New unit aims to fight human trafficking on Long Island", "type": "share", "url": "https://l.facebook.com/l.php?u=https%3A%2F%2Fbuff.ly%2F2vHdRkK&h=AT2qX11EiesYdsp0jiO9TP6MO3i4e0ZIq1lWW0ID5bYIFCFba5SHf3T4-GrXEPQaDfDcVxHqGb1Hev2cy-I9DOJ6A9UF3YrFR3ZA_V7mpIZKpuMlCO-hJaEDD_2n5Vxb&s=1"}]}, "id": "1003344626383879_1969754079742924"}