{"created_time": "2018-08-06T20:10:05+0000", "message": "The most prevalent trafficker of children in South Carolina is a family member. Human Trafficking enslaves men, women, boys and girls. They do not have control of their lives. They are sold for sex or labor, to be exploited and abused.", "permalink_url": "https://www.facebook.com/1003344626383879/posts/1967689996615999/", "attachments": {"data": [{"description": "It sure took me by surprise. I thought I had lived long enough to see most everything. Here in South Carolina\u2019s Coastal Region, the most beautiful place in the world", "media": {"image": {"height": 256, "src": "https://external-lax3-1.xx.fbcdn.net/safe_image.php?d=AQHDpH_LcRELjwLD&w=256&h=256&url=https%3A%2F%2Fbloximages.newyork1.vip.townnews.com%2Fsouthstrandnews.com%2Fcontent%2Ftncms%2Fassets%2Fv3%2Feditorial%2Fd%2F45%2Fd458bbb8-95b6-11e8-9123-7b8d64bc08c5%2F5b61f942d5a63.image.jpg%3Fresize%3D256%252C285&cfs=1&sx=0&sy=16&sw=256&sh=256&_nc_cb=1&_nc_hash=AQE5ODEJ4X0CsjmA", "width": 256}}, "target": {"url": "https://l.facebook.com/l.php?u=https%3A%2F%2Fbuff.ly%2F2M5gN4M&h=AT0IW8D8SUiEnSn86y9hdq1hCgAHrZZWwzx9hmYpJSuzk8VfBe848RY1l-qT4gqm00fHyzzm-e1gHSWQol3OMJ9uwPMnmq9MwvkQO1TF9U1Pqf2QPTM7hu-p6M5Bl93F&s=1"}, "title": "Patty Jackson Op-Ed: Rise up and stand shoulder to shoulder", "type": "share", "url": "https://l.facebook.com/l.php?u=https%3A%2F%2Fbuff.ly%2F2M5gN4M&h=AT0IW8D8SUiEnSn86y9hdq1hCgAHrZZWwzx9hmYpJSuzk8VfBe848RY1l-qT4gqm00fHyzzm-e1gHSWQol3OMJ9uwPMnmq9MwvkQO1TF9U1Pqf2QPTM7hu-p6M5Bl93F&s=1"}]}, "id": "1003344626383879_1967689996615999"}