{"created_time": "2018-05-09T20:04:01+0000", "message": "A News Journal investigation found that despite legislation to address human trafficking, Delaware's Human Trafficking Coordinating Council is no longer meeting and the state lacks a comprehensive strategy to deal with the issue.", "permalink_url": "https://www.facebook.com/1003344626383879/posts/1846285492089784/", "attachments": {"data": [{"description": "Whether you realize it or not, human trafficking is going on around you in Delaware. The News Journal investigated efforts to fight it.", "media": {"image": {"height": 720, "src": "https://external-lax3-1.xx.fbcdn.net/safe_image.php?d=AQGnqgaedpXILxtc&w=720&h=720&url=https%3A%2F%2Fwww.gannett-cdn.com%2F-mm-%2F4dfad5bf3f56cf40845ef4b594f38d89876ba38d%2Fc%3D0-264-5165-3182%26r%3Dx1683%26c%3D3200x1680%2Flocal%2F-%2Fmedia%2F2018%2F02%2F20%2FWilmington%2FWilmington%2F636547154763443055-021618-WIL-TRAFFICKING-JC0263.jpg&cfs=1&_nc_cb=1&_nc_hash=AQGsHmIy0PgOk2Lh", "width": 720}}, "target": {"url": "https://l.facebook.com/l.php?u=https%3A%2F%2Fbuff.ly%2F2IqieZL&h=AT1UkgDuJB88g_HF80_IzlGirNJXA3_EbbIS6_dUvNqWgSrbLsvzTZADS7nIaoMw_DSG5K8Mhd9JBwy79P1tosbywixCv1JleEo4J0YxVGlGVJkEH6ueNc6WhAgjX6Ga&s=1"}, "title": "Human trafficking in Delaware: The News Journal investigates sex work slavery", "type": "share", "url": "https://l.facebook.com/l.php?u=https%3A%2F%2Fbuff.ly%2F2IqieZL&h=AT1UkgDuJB88g_HF80_IzlGirNJXA3_EbbIS6_dUvNqWgSrbLsvzTZADS7nIaoMw_DSG5K8Mhd9JBwy79P1tosbywixCv1JleEo4J0YxVGlGVJkEH6ueNc6WhAgjX6Ga&s=1"}]}, "id": "1003344626383879_1846285492089784"}