{"created_time": "2018-04-26T14:14:01+0000", "message": "\u201cIt wasn\u2019t being talked about. That bothered me,\u201d he said Saturday, while he took a break from walking to have dinner at Tipsy McSway\u2019s restaurant in downtown Brunswick. \u201cThe first thing I thought about was I remember back in the days when they had a \u2018war on drugs,\u2019 and you saw billboards and there were all types of campaigns going. And with this, it\u2019s such a battle to get it exposed.\u201d", "permalink_url": "https://www.facebook.com/1003344626383879/posts/1833092533409080/", "attachments": {"data": [{"description": "Certain tragic stories can elicit two kinds of responses \u2014 anger or motivation to create change.", "media": {"image": {"height": 630, "src": "https://scontent-lax3-1.xx.fbcdn.net/v/t45.1600-4/c71.0.630.630a/p640x640/31418787_6086762609545_3304430584935219200_n.png?_nc_cat=100&ccb=1-3&_nc_sid=eaa83b&_nc_ohc=RBlmRUmGE8oAX-rWkBp&_nc_ht=scontent-lax3-1.xx&_nc_tp=30&oh=ad22da0f0986f85fb96469b96a27e847&oe=606F6891", "width": 630}}, "target": {"url": "https://l.facebook.com/l.php?u=https%3A%2F%2Fbuff.ly%2F2K6zPnL&h=AT0Ym0GJmk3Qsy7Y5rir9_F-HIzngyMlulUJWxCuYOAgyI5IMzZIr5vmrwIMVoV_dEedGx6-9Ku9Mi1fo88FL7DDAswlUeDVJjlNnc-ulL-gj_Itjctd830_7tfBV-3a&s=1"}, "title": "Man walking from Florida to D.C. to raise awareness of human trafficking", "type": "share", "url": "https://l.facebook.com/l.php?u=https%3A%2F%2Fbuff.ly%2F2K6zPnL&h=AT0Ym0GJmk3Qsy7Y5rir9_F-HIzngyMlulUJWxCuYOAgyI5IMzZIr5vmrwIMVoV_dEedGx6-9Ku9Mi1fo88FL7DDAswlUeDVJjlNnc-ulL-gj_Itjctd830_7tfBV-3a&s=1"}]}, "id": "1003344626383879_1833092533409080"}