{"created_time": "2018-03-31T18:08:07+0000", "permalink_url": "https://www.facebook.com/1003344626383879/posts/1807031612681839/", "attachments": {"data": [{"description": "The inside story of Guatemalan teens forced to work against their will in Ohio.", "media": {"image": {"height": 720, "src": "https://external-lax3-1.xx.fbcdn.net/safe_image.php?d=AQEG17WNbEhLuIO5&w=720&h=720&url=https%3A%2F%2Fwww.facebook.com%2Fads%2Fimage%2F%3Fd%3DAQJUSCWkxtwSDz_NP8ALM6WoJdCuqGd4jRJPDIC3m9kKuJTpDiwQFEys46wQ4w02H2zOI7bVhAL-M6WERZvKalXKoXuhyi0ajIJfeM903PisCJNJgKBcG0UxJtGBGxPJTuUnLWEUOA-_XG1XnXs747K6&cfs=1&_nc_cb=1&_nc_hash=AQFZEJgSKBV9cs_Q", "width": 720}}, "target": {"url": "https://l.facebook.com/l.php?u=https%3A%2F%2Fwww.pbs.org%2Fvideo%2Ftrafficked-america-preview-aaiazl&h=AT0NoBCukb6SYPW0QoT3nPeLGtsjkvsYqDliQuRvne-PpaHvbkDgHro_iUukr8KnhqjEfkWZ4LvT8JCJftd6NUAY-oxAaOjWz6HRItyiJSg_E8iSYu3QH5B5H79ghHVo&s=1"}, "title": "\"Trafficked in America\" - Preview | FRONTLINE", "type": "share", "url": "https://l.facebook.com/l.php?u=https%3A%2F%2Fwww.pbs.org%2Fvideo%2Ftrafficked-america-preview-aaiazl&h=AT0NoBCukb6SYPW0QoT3nPeLGtsjkvsYqDliQuRvne-PpaHvbkDgHro_iUukr8KnhqjEfkWZ4LvT8JCJftd6NUAY-oxAaOjWz6HRItyiJSg_E8iSYu3QH5B5H79ghHVo&s=1"}]}, "id": "1003344626383879_1807031612681839"}