{"created_time": "2018-03-31T14:14:05+0000", "message": "The internet has given criminals an avenue to commit these crimes, and certain websites are knowingly facilitating their activities as part of an organized network. Compounding the issue, smart phones make it easier for traffickers to complete transactions.", "permalink_url": "https://www.facebook.com/1003344626383879/posts/1806797586038575/", "attachments": {"data": [{"description": "Human trafficking is one of the fastest growing criminal enterprises in the world. More than 20 million people in our nation, and around the globe, are subjected to this modern", "media": {"image": {"height": 450, "src": "https://scontent-lax3-1.xx.fbcdn.net/v/t45.1600-4/c184.0.450.450a/p450x450/29963760_6087446836998_1672062744364318720_n.png?_nc_cat=108&ccb=1-3&_nc_sid=eaa83b&_nc_ohc=tHTeBYe2r9oAX-ZCMUZ&_nc_ht=scontent-lax3-1.xx&_nc_tp=30&oh=5e026db838bd26358330f19a0db63945&oe=6072A839", "width": 450}}, "target": {"url": "https://l.facebook.com/l.php?u=https%3A%2F%2Fbuff.ly%2F2J0EzdQ&h=AT04T7UjCmryuloeXOthVV9GrLXQzuatD93zkDl-HsuiHsg9esrFhyVfYCWuSb0uwsivm_BXBz1RBCI8R3qPuvHHLln4IHHL-kQnfSaK-C4sWcRQDcCyISgSCY5tq2P7&s=1"}, "title": "Fischer on the Stop Enabling Online Sex Trafficking Act", "type": "share", "url": "https://l.facebook.com/l.php?u=https%3A%2F%2Fbuff.ly%2F2J0EzdQ&h=AT04T7UjCmryuloeXOthVV9GrLXQzuatD93zkDl-HsuiHsg9esrFhyVfYCWuSb0uwsivm_BXBz1RBCI8R3qPuvHHLln4IHHL-kQnfSaK-C4sWcRQDcCyISgSCY5tq2P7&s=1"}]}, "id": "1003344626383879_1806797586038575"}