{"created_time": "2018-03-13T14:14:01+0000", "message": "I blamed myself for what was happening. I would write to my family and say that everything was fine, that the city was beautiful. I never told my family about the situation, because I felt it was my fault.", "permalink_url": "https://www.facebook.com/1003344626383879/posts/1787706904614310/", "attachments": {"data": [{"description": "This is one of three first-person accounts written by survivors of human trafficking. The others, as well as background about the project, can be found here. My mother used to tell me, \u201cI want you to go to school for me.\u201d She herself had never had the chance. She came from a family of 10 childre...", "media": {"image": {"height": 569, "src": "https://external-lax3-1.xx.fbcdn.net/safe_image.php?d=AQGi4sm8Ol_LOPFN&w=569&h=569&url=https%3A%2F%2Fimg-s-msn-com.akamaized.net%2Ftenant%2Famp%2Fentityid%2FBBK7UfH.img%3Fh%3D630%26w%3D1200%26m%3D6%26q%3D60%26o%3Dt%26l%3Df%26f%3Djpg%26x%3D554%26y%3D275&cfs=1&sx=153&sy=0&sw=569&sh=569&_nc_cb=1&_nc_hash=AQFWnJqt_TyBh0Pu", "width": 569}}, "target": {"url": "https://l.facebook.com/l.php?u=https%3A%2F%2Fbuff.ly%2F2p8GsfC&h=AT2ySkKM96girMChSQCkQmdEeXSHa3ydIjgLCTRZzl7ANlagAI6NlegeynH1H1h20jYHHhBBrknU3T3P34B7HUi0L3UPcoqGPm_mu_i80nhQac2dJGvMSYsvBtKVx4KT&s=1"}, "title": "I Am a Survivor of Human Trafficking: Natalicia's Story", "type": "share", "url": "https://l.facebook.com/l.php?u=https%3A%2F%2Fbuff.ly%2F2p8GsfC&h=AT2ySkKM96girMChSQCkQmdEeXSHa3ydIjgLCTRZzl7ANlagAI6NlegeynH1H1h20jYHHhBBrknU3T3P34B7HUi0L3UPcoqGPm_mu_i80nhQac2dJGvMSYsvBtKVx4KT&s=1"}]}, "id": "1003344626383879_1787706904614310"}