{"created_time": "2018-03-06T15:14:10+0000", "message": "\u201cIt\u2019s our job as parents to protect our children,\u201d Krause said. \u201cKids are na\u00efve and new to engaging others online, they don\u2019t know what dangers are out there.\u201d Smith added military life can often be a source of danger when it comes to human trafficking and cyber threats.\n\u201cWe as military move around a lot which can make friends more rare and more coveted and those met online potentially more dangerous,\u201d Smith said. \u201cKrause added Schriever Airmen can be blackmail targets too.", "permalink_url": "https://www.facebook.com/1003344626383879/posts/1779606042091063/", "attachments": {"data": [{"description": "Human trafficking is defined as when someone is forced, coerced or tricked into working for the profit of someone else, primarily as a prostitute.In 2017, 4,460 human trafficking cases were reported", "media": {"image": {"height": 391, "src": "https://external-lax3-1.xx.fbcdn.net/safe_image.php?d=AQGFmewSTstiudRp&w=391&h=391&url=https%3A%2F%2Fmedia.defense.gov%2F2018%2FFeb%2F07%2F2001874574%2F780%2F780%2F0%2F180207-F-QZ963-0001.JPG&cfs=1&sx=0&sy=107&sw=391&sh=391&_nc_cb=1&_nc_hash=AQHUZKJG2UYSwZMA", "width": 391}}, "target": {"url": "https://l.facebook.com/l.php?u=https%3A%2F%2Fbuff.ly%2F2Fhg5i8&h=AT0aGLPyk--Ove5vdyA2tEevlbZJbtn8fMJNdRwwbPgi4qpNV5FkD_Sa-JxqEnorxoW4I2j0XasER4yhxJ_yLq443YZtuIkQY9lxFKZczopw8fVqEWN1Kh7H7B69urff&s=1"}, "title": "Human trafficking: Recognize signs, stay alert", "type": "share", "url": "https://l.facebook.com/l.php?u=https%3A%2F%2Fbuff.ly%2F2Fhg5i8&h=AT0aGLPyk--Ove5vdyA2tEevlbZJbtn8fMJNdRwwbPgi4qpNV5FkD_Sa-JxqEnorxoW4I2j0XasER4yhxJ_yLq443YZtuIkQY9lxFKZczopw8fVqEWN1Kh7H7B69urff&s=1"}]}, "id": "1003344626383879_1779606042091063"}