{"created_time": "2017-12-19T13:36:34+0000", "message": "\u201cToday\u2019s verdict should send a strong message that this Office, together with our law enforcement partners, will work tirelessly to identify those who would sexually exploit minors and prosecute those abusers to the fullest extent of the law.\u201d", "permalink_url": "https://www.facebook.com/1003344626383879/posts/1699979266720408/", "attachments": {"data": [{"description": "Sean Price, 39, met the Australian teen online and encouraged her to join him in New York. The superseding indictment charged him with interstate and foreign enticement to engage in sexual activity, interstate and foreign transportation of a minor to engage in sexual activity, a Mann Act violation,\ufffd...", "media": {"image": {"height": 390, "src": "https://external-lax3-1.xx.fbcdn.net/safe_image.php?d=AQFynUr-Hmch6tGp&w=390&h=390&url=https%3A%2F%2Fwww.ice.gov%2Fsites%2Fdefault%2Ffiles%2Fimages%2Fnews%2F2017%2F171218newyork1.JPG&cfs=1&_nc_cb=1&_nc_hash=AQGRVF5i58t1bImS", "width": 390}}, "target": {"url": "https://l.facebook.com/l.php?u=https%3A%2F%2Fwww.ice.gov%2Fnews%2Freleases%2Fice-new-york-trafficking-investigation-results-criminal-conviction-victim-rescued&h=AT2szaK_uAhPd-I3b1jWSUKM6Lzazb4TK4N52Glp3rjf3b7wGxTvoF0JaJrvSA8QWNRZQ5ieXBTlDI5hZ-b-LcgKnXICDXItcObUjuk4Ex1Z1ePKpbE00F3OX1q3BEqG&s=1"}, "title": "ICE New York trafficking investigation results in criminal conviction, victim rescued", "type": "share", "url": "https://l.facebook.com/l.php?u=https%3A%2F%2Fwww.ice.gov%2Fnews%2Freleases%2Fice-new-york-trafficking-investigation-results-criminal-conviction-victim-rescued&h=AT2szaK_uAhPd-I3b1jWSUKM6Lzazb4TK4N52Glp3rjf3b7wGxTvoF0JaJrvSA8QWNRZQ5ieXBTlDI5hZ-b-LcgKnXICDXItcObUjuk4Ex1Z1ePKpbE00F3OX1q3BEqG&s=1"}]}, "id": "1003344626383879_1699979266720408"}