{"created_time": "2017-12-15T21:04:04+0000", "message": "New Michigan shelter helps human trafficking survivors rebuild their lives\nif there's one thing that's true about most survivors of human trafficking, it's this: Escaping isn't as simple as walking away.", "permalink_url": "https://www.facebook.com/1003344626383879/posts/1696317250419943/", "attachments": {"data": [{"description": "They escaped brutal situations, and soon survivors of human trafficking will have Sanctum House, a place to go, to heal and to start new lives.", "media": {"image": {"height": 720, "src": "https://external-lax3-1.xx.fbcdn.net/safe_image.php?d=AQFbjFjtTYD31spo&w=720&h=720&url=https%3A%2F%2Fbuffer-media-uploads.s3.amazonaws.com%2F5a30737f09df6afd44977a59%2Fde3bd227ce818c352e9f87511568bceaea6ff4c4_151f9989d0bd02e335545d85fd302cfa6dd4aa08_facebook&cfs=1&sx=422&sy=0&sw=800&sh=800&_nc_cb=1&_nc_hash=AQHKhSqH9ZY9bY47", "width": 720}}, "target": {"url": "http://l.facebook.com/l.php?u=http%3A%2F%2Fj.mp%2F2z4GFGM&h=AT2_vRR5lpNwNIxAaadw6Q-qe5HYSFFB4Ly2jfp3nQ364vBcWMEkFIOTK6gT3sSG4Q62qIdO7qtTxYJJnGTVBztUaevUcL4pD5L3TDXIKjmdKuPT1R_ZXmIgXlzUkSOq&s=1"}, "title": "New Michigan shelter helps human trafficking survivors rebuild their lives", "type": "share", "url": "http://l.facebook.com/l.php?u=http%3A%2F%2Fj.mp%2F2z4GFGM&h=AT2_vRR5lpNwNIxAaadw6Q-qe5HYSFFB4Ly2jfp3nQ364vBcWMEkFIOTK6gT3sSG4Q62qIdO7qtTxYJJnGTVBztUaevUcL4pD5L3TDXIKjmdKuPT1R_ZXmIgXlzUkSOq&s=1"}]}, "id": "1003344626383879_1696317250419943"}