{"created_time": "2017-12-02T21:04:01+0000", "message": "Sex trafficking: The new American slavery. CNN reports\nUnder federal law, anyone under 18 years of age induced into commercial sex is a victim of sex trafficking -- regardless of whether the trafficker uses force, fraud, or coercion.", "permalink_url": "https://www.facebook.com/1003344626383879/posts/1682296045155397/", "attachments": {"data": [{"description": "Sex trafficking: The new American slavery By Leif Coorlim and Dana Ford, CNN Updated 1814 GMT (0214 HKT) March 14, 2017 The human traffickers...", "media": {"image": {"height": 438, "src": "https://external-lax3-1.xx.fbcdn.net/safe_image.php?d=AQEfcG9B7dNHSpse&w=438&h=438&url=https%3A%2F%2Fbuffer-media-uploads.s3.amazonaws.com%2F5a21b9ee09df6a6b574a6f50%2Fd78dbbba356f78692e2401a82cbb579887c8e9dc_97c054bd9e624fb37a18eff18cbd9db361a2a6e9_facebook&cfs=1&_nc_cb=1&_nc_hash=AQEgrJIjxyU4QNm-", "width": 438}}, "target": {"url": "http://l.facebook.com/l.php?u=http%3A%2F%2Fj.mp%2F2iA4uAF&h=AT02QrJyIZF-SATqIvlPG--a2XVMZYk8wZCYTOCU7lvmAKPwDv-i-n_vF-cTG5p0jfG7nikRmKIW7Xro0jCDLy2CLYN1IEKd63SkI-X4gnl8bYpQJWimOTT5PLJIq0Ta&s=1"}, "title": "Sex trafficking: The new American slavery. CNN reports", "type": "share", "url": "http://l.facebook.com/l.php?u=http%3A%2F%2Fj.mp%2F2iA4uAF&h=AT02QrJyIZF-SATqIvlPG--a2XVMZYk8wZCYTOCU7lvmAKPwDv-i-n_vF-cTG5p0jfG7nikRmKIW7Xro0jCDLy2CLYN1IEKd63SkI-X4gnl8bYpQJWimOTT5PLJIq0Ta&s=1"}]}, "id": "1003344626383879_1682296045155397"}