{"created_time": "2017-11-28T12:14:00+0000", "message": "Your donations make an impact! Funding provides direct services for human trafficking survivors and educates law enforcement to detect and deter human trafficking. \nTEXT ERASE to 91999 to Donate Now\n#GivingTuesday #CreatingChange", "message_tags": [{"id": "534209233290037", "name": "#GivingTuesday", "offset": 199, "length": 14}, {"id": "146366755540354", "name": "#creatingchange", "offset": 214, "length": 15}], "permalink_url": "https://www.facebook.com/1003344626383879/posts/1676910805693921/", "attachments": {"data": [{"description": "Your donations make an impact! Funding provides direct services for human trafficking survivors and educates law enforcement to detect and deter human trafficking. \nTEXT ERASE to 91999 to Donate Now\n#GivingTuesday #CreatingChange", "media": {"image": {"height": 604, "src": "https://scontent-lax3-2.xx.fbcdn.net/v/t1.0-9/s720x720/23916038_1676908509027484_2113757290761500201_n.jpg?_nc_cat=106&ccb=1-3&_nc_sid=8024bb&_nc_ohc=_rxBy8GRh6wAX_gRo_-&_nc_ht=scontent-lax3-2.xx&tp=7&oh=0e4e9305e5583a58c668b321d636bae4&oe=60713D5F", "width": 720}}, "target": {"id": "1676908509027484", "url": "https://www.facebook.com/helperase/photos/a.1029649477086727/1676908509027484/?type=3"}, "type": "photo", "url": "https://www.facebook.com/helperase/photos/a.1029649477086727/1676908509027484/?type=3"}]}, "id": "1003344626383879_1676910805693921"}