{"created_time": "2017-09-02T13:14:02+0000", "message": "The city in November sued the managers of a motel in the Sylmar neighborhood and G6 Hospitality Property LLC, which operates the Motel 6 chain, seeking to quell \"Unrelenting crime and nuisance activity.\" Los Angeles police had made more than 60 arrests at the location since 2013 for prostitution, battery, firearms possession and drug-related charges, authorities said.", "permalink_url": "https://www.facebook.com/1003344626383879/posts/1593820994002903/", "attachments": {"data": [{"description": "Police made more than 60 arrests at LA motel for prostitution, battery, firearms possession and drug-related charges.", "media": {"image": {"height": 399, "src": "https://external-lax3-1.xx.fbcdn.net/safe_image.php?d=AQEzb6Rikcu4ygMX&w=399&h=399&url=https%3A%2F%2Fbuffer-media-uploads.s3.amazonaws.com%2F59a992c53b3fb4522e968ece%2F5be85de9734346b8c4669f744384b0d2dfa5c5b2_e2f9ffefd7e64dbac84eff40c76faebfc994b8fc_facebook&cfs=1&_nc_cb=1&_nc_hash=AQEm31hc2tvgnbrn", "width": 399}}, "target": {"url": "http://l.facebook.com/l.php?u=http%3A%2F%2Fj.mp%2F2eM2cJL&h=AT2v7ac0ywmgk6BvtE6zglwNEyOBjF0prz2haaXj-iDwfBxa7OOlzok4EK3gqDPX1EFAiAdjYjVR8VhGQSLCmhZs-ACmsENYQw6VxIzcc64QaxYrTXZxyG4-9XWzzn7l&s=1"}, "title": "Motel 6 to pay $250,000 to settle human trafficking suit", "type": "share", "url": "http://l.facebook.com/l.php?u=http%3A%2F%2Fj.mp%2F2eM2cJL&h=AT2v7ac0ywmgk6BvtE6zglwNEyOBjF0prz2haaXj-iDwfBxa7OOlzok4EK3gqDPX1EFAiAdjYjVR8VhGQSLCmhZs-ACmsENYQw6VxIzcc64QaxYrTXZxyG4-9XWzzn7l&s=1"}]}, "id": "1003344626383879_1593820994002903"}