{"created_time": "2017-08-29T21:43:21+0000", "message": "Tonight Tuesday 8/29/17 8pm EST.Join us on #FacebookLive Child Empowerment Part 2\n#BacktoSchool", "message_tags": [{"id": "220092818132762", "name": "#FacebookLive", "offset": 43, "length": 13}, {"id": "147992285364184", "name": "#BacktoSchool", "offset": 82, "length": 13}], "permalink_url": "https://www.facebook.com/1003344626383879/posts/1590453681006301/", "attachments": {"data": [{"description": "Tonight Tuesday 8/29/17 8pm EST.Join us on #FacebookLive Child Empowerment Part 2\n#BacktoSchool", "media": {"image": {"height": 720, "src": "https://scontent-lax3-1.xx.fbcdn.net/v/t1.0-9/p720x720/21231048_1590453667672969_6216839553374033950_n.jpg?_nc_cat=110&ccb=1-3&_nc_sid=110474&_nc_ohc=PE1qwYr3vLkAX-nDwvq&_nc_ht=scontent-lax3-1.xx&tp=6&oh=7ac8449882d8221064ed72b992826e48&oe=6071A7D6", "width": 720}}, "target": {"id": "1590453667672969", "url": "https://www.facebook.com/helperase/photos/a.1066175113434163/1590453667672969/?type=3"}, "type": "photo", "url": "https://www.facebook.com/helperase/photos/a.1066175113434163/1590453667672969/?type=3"}]}, "id": "1003344626383879_1590453681006301"}