{"created_time": "2017-05-25T11:27:17+0000", "message": "Today is National Missing Children's Day. Simply sharing a missing child's poster can make a difference. \n#nationalmissingchildrensday \n\nhttp://buff.ly/2rCJ7kI", "message_tags": [{"id": "427679387328023", "name": "#NationalMissingChildrensDay", "offset": 106, "length": 28}], "permalink_url": "https://www.facebook.com/helperase/photos/a.1029649477086727/1488164857901851/?type=3", "attachments": {"data": [{"description": "Today is National Missing Children's Day. Simply sharing a missing child's poster can make a difference. \n#nationalmissingchildrensday \n\nhttp://buff.ly/2rCJ7kI", "media": {"image": {"height": 325, "src": "https://scontent-lax3-1.xx.fbcdn.net/v/t31.0-8/s720x720/18699329_1488164857901851_6275965765798295710_o.jpg?_nc_cat=101&ccb=1-3&_nc_sid=da1649&_nc_ohc=il9hwYCk8H8AX-T_dBR&_nc_ht=scontent-lax3-1.xx&tp=7&oh=7e8182a922d074ea411901b48fbffc68&oe=606F2C7E", "width": 720}}, "target": {"id": "1488164857901851", "url": "https://www.facebook.com/helperase/photos/a.1029649477086727/1488164857901851/?type=3"}, "title": "Timeline Photos", "type": "photo", "url": "https://www.facebook.com/helperase/photos/a.1029649477086727/1488164857901851/?type=3"}]}, "id": "1003344626383879_1488164857901851"}