{"created_time": "2017-05-20T15:43:54+0000", "message": "Community leaders and members in Fayetteville come together to fight against #HumanTrafficking. \nhttp://bit.ly/2pWmK9P", "message_tags": [{"id": "146391798860479", "name": "#humantrafficking", "offset": 77, "length": 17}], "permalink_url": "https://www.facebook.com/1003344626383879/posts/1482941491757521/", "attachments": {"data": [{"description": "The entire community needs to learn about human trafficking and recognize when someone they know might be drawn into the criminal activity, panelists at a", "media": {"image": {"height": 720, "src": "https://external-lax3-1.xx.fbcdn.net/safe_image.php?d=AQHMPp1MITx3pMgl&w=720&h=720&url=http%3A%2F%2Fwww.fayobserver.com%2Fstoryimage%2FNC%2F20170511%2FNEWS%2F170519241%2FAR%2F0%2FAR-170519241.jpg&cfs=1&sx=1749&sy=0&sw=1274&sh=1274&_nc_cb=1&_nc_hash=AQFWvKrJabx7tZT8", "width": 720}}, "target": {"url": "https://l.facebook.com/l.php?u=https%3A%2F%2Fbit.ly%2F2pWmK9P&h=AT2PqzHukBZnxG2cLTI5n5N2Lj48Z2OxcdhtwIFseoayX65kl3UUgiubn2pUAGTmJqIJbxE10zXOVVMN6-xczlApE3ZNMx33yrUtASqU6N1FRLn4U9wYYVmZs2dfbBGC&s=1"}, "title": "Human trafficking solutions include community awareness, relocation", "type": "share", "url": "https://l.facebook.com/l.php?u=https%3A%2F%2Fbit.ly%2F2pWmK9P&h=AT2PqzHukBZnxG2cLTI5n5N2Lj48Z2OxcdhtwIFseoayX65kl3UUgiubn2pUAGTmJqIJbxE10zXOVVMN6-xczlApE3ZNMx33yrUtASqU6N1FRLn4U9wYYVmZs2dfbBGC&s=1"}]}, "id": "1003344626383879_1482941491757521"}