{"created_time": "2017-05-10T11:14:00+0000", "message": "National Human Trafficking Hotline, Get Help, Report a Tip, Request Services. 1-888-373-7888 #HelpErase", "message_tags": [{"id": "600288956648476", "name": "#helpERASE", "offset": 93, "length": 10}], "permalink_url": "https://www.facebook.com/1003344626383879/posts/1471129376272066/", "attachments": {"data": [{"description": "If you or someone you know is a victim of human trafficking, call now.", "media": {"image": {"height": 720, "src": "https://external-lax3-1.xx.fbcdn.net/safe_image.php?d=AQH48VFWWfewtUcE&w=720&h=720&url=https%3A%2F%2Fbuffer-media-uploads.s3.amazonaws.com%2F57d747c612852da2218e461f%2F591209304d97ab9b3b758168%2F38f70ee6336f08a80dffc48bbe728300.original.png&cfs=1&_nc_cb=1&_nc_hash=AQGMlAtFtvnxgNn4", "width": 720}}, "target": {"url": "http://l.facebook.com/l.php?u=http%3A%2F%2Fbuff.ly%2F2qnYDAP&h=AT1p9Wt4Z7_UgslmZKJ4-4VG20r3I_YBf7fb3YHFOqQE9V6T4H_GP1MiNSm-tsbXuDabIrD7a-QfK0QmcDZxIr9ex0-Z6DDvn3Lt3UZGSoj4CHTCHqwFwhAKPMyYt67H&s=1"}, "title": "National Human Trafficking Hotline", "type": "share", "url": "http://l.facebook.com/l.php?u=http%3A%2F%2Fbuff.ly%2F2qnYDAP&h=AT1p9Wt4Z7_UgslmZKJ4-4VG20r3I_YBf7fb3YHFOqQE9V6T4H_GP1MiNSm-tsbXuDabIrD7a-QfK0QmcDZxIr9ex0-Z6DDvn3Lt3UZGSoj4CHTCHqwFwhAKPMyYt67H&s=1"}]}, "id": "1003344626383879_1471129376272066"}