{"created_time": "2020-01-29T13:06:48+0000", "message": "Love the messaging from San Bernardino County DA\u2019s Office. Head over to their page to see how they are raising awareness about Human Trafficking.  \n#Repost @sbcountyda\n\u30fb\u30fb\u30fb\nSo what\u2019s the community know about human trafficking? We\u2019ve got 5 simple tips from great people just like you!\u2063\n\u2063\nToday was the annual Coalition Against Sexual Exploitation (CASE) walk to bring awareness to human trafficking. \u2063\n\u2063\nThank you to all who came out to the walk. If you missed it, we\u2019ll see you next year!\u2063\n\u2063\n#endht #endhumantrafficking #endsextrafficking #humantrafficking #humantraffickingawareness #community #parents #whatparentsshouldknow #sexassault #dads #dadsofinstagram", "message_tags": [{"id": "141106619392182", "name": "#Repost", "offset": 148, "length": 7}, {"id": "117485221782644", "name": "#endHT", "offset": 491, "length": 6}, {"id": "593609360666840", "name": "#endhumantrafficking", "offset": 498, "length": 20}, {"id": "121847251331990", "name": "#endsextrafficking", "offset": 519, "length": 18}, {"id": "146391798860479", "name": "#humantrafficking", "offset": 538, "length": 17}, {"id": "505846406141479", "name": "#humantraffickingawareness", "offset": 556, "length": 26}, {"id": "128208354027016", "name": "#community", "offset": 583, "length": 10}, {"id": "267960656671381", "name": "#parents", "offset": 594, "length": 8}, {"id": "546983512005063", "name": "#whatparentsshouldknow", "offset": 603, "length": 22}, {"id": "566027190095604", "name": "#sexassault", "offset": 626, "length": 11}, {"id": "274368266029596", "name": "#dads", "offset": 638, "length": 5}, {"id": "150681765100186", "name": "#dadsofinstagram", "offset": 644, "length": 16}], "permalink_url": "https://www.facebook.com/helperase/photos/a.1029649477086727/2898102100241446/?type=3", "attachments": {"data": [{"description": "Love the messaging from San Bernardino County DA\u2019s Office. Head over to their page to see how they are raising awareness about Human Trafficking.  \n#Repost @sbcountyda\n\u30fb\u30fb\u30fb\nSo what\u2019s the community know about human trafficking? We\u2019ve got 5 simple tips from great people just like you!\u2063\n\u2063\nToday was the annual Coalition Against Sexual Exploitation (CASE) walk to bring awareness to human trafficking. \u2063\n\u2063\nThank you to all who came out to the walk. If you missed it, we\u2019ll see you next year!\u2063\n\u2063\n#endht #endhumantrafficking #endsextrafficking #humantrafficking #humantraffickingawareness #community #parents #whatparentsshouldknow #sexassault #dads #dadsofinstagram", "media": {"image": {"height": 720, "src": "https://scontent-lax3-2.xx.fbcdn.net/v/t1.0-9/p720x720/84115023_2898102103574779_560847511095345152_o.jpg?_nc_cat=111&ccb=1-3&_nc_sid=2d5d41&_nc_ohc=XTpx2flbusoAX9axYUr&_nc_ht=scontent-lax3-2.xx&tp=6&oh=e25890276f6d702c206f7743b59b1047&oe=606F0A1E", "width": 720}}, "target": {"id": "2898102100241446", "url": "https://www.facebook.com/helperase/photos/a.1029649477086727/2898102100241446/?type=3"}, "title": "Timeline Photos", "type": "photo", "url": "https://www.facebook.com/helperase/photos/a.1029649477086727/2898102100241446/?type=3"}]}, "id": "1003344626383879_2898102100241446"}