{"created_time": "2020-01-26T21:10:09+0000", "message": "\u201cIt is horrendous, terrible and unimaginable \u2014 yet it goes on all the time,\u201d said Cavitt of sex and labor trafficking.\"  \"Camp Pendleton Navy Corpsman and founder of Mosques Against Trafficking (MAT), a networking awareness team of mosques and musallas, now nationwide, collaborating against human trafficking.\"", "permalink_url": "https://www.facebook.com/1003344626383879/posts/2892797350771921/", "attachments": {"data": [{"description": "San Diegans battling human trafficking for sex and labor were recognized Nov. 27, at La Mesa Soroptimist\u2019s 62nd annual pre-Thanksgiving community breakfast at the Handlery Hotel.", "media": {"image": {"height": 407, "src": "https://external-lax3-1.xx.fbcdn.net/safe_image.php?d=AQHhdFoHMHFpyAOd&w=407&h=407&url=https%3A%2F%2Flamesacourier.com%2Fwp-content%2Fuploads%2F2020%2F01%2F2019.01.14-Muslim-of-the-Week-Yusef-Miller.jpg&cfs=1&_nc_cb=1&_nc_hash=AQHjqX_lpojO0ruc", "width": 407}}, "target": {"url": "https://l.facebook.com/l.php?u=https%3A%2F%2Fbuff.ly%2F2NRrfwz&h=AT2Gbt6kUPmAc5L5dDDbTAIQOLaY05_Qf4wmQwJWF9Cb2zjo0yTRPpXVm_CWOwJvrwro7v1BslmzrePfAzYQJB_oK1jurpDnvsD42-FmHHdx4JcbG4QWV-UPjUhsZhTH&s=1"}, "title": "Soroptimists honor fighters against human trafficking", "type": "share", "url": "https://l.facebook.com/l.php?u=https%3A%2F%2Fbuff.ly%2F2NRrfwz&h=AT2Gbt6kUPmAc5L5dDDbTAIQOLaY05_Qf4wmQwJWF9Cb2zjo0yTRPpXVm_CWOwJvrwro7v1BslmzrePfAzYQJB_oK1jurpDnvsD42-FmHHdx4JcbG4QWV-UPjUhsZhTH&s=1"}]}, "id": "1003344626383879_2892797350771921"}