{"created_time": "2019-08-16T16:00:07+0000", "message": "\"The price they paid for me had nothing to do with my true value or worth but everything to do with their distorted self worth.\"\u2800\n-Survivor of child trafficking\u2800\n#priceless #selfworth  #EndDemand #notforsale #helpERASE \u2800\n#survivor #leader #thrivor #community", "message_tags": [{"id": "298738610253621", "name": "#Priceless", "offset": 162, "length": 10}, {"id": "518569601532641", "name": "#SELFWORTH", "offset": 173, "length": 10}, {"id": "543625862337771", "name": "#EndDemand", "offset": 185, "length": 10}, {"id": "250927571710798", "name": "#NotForSale", "offset": 196, "length": 11}, {"id": "600288956648476", "name": "#helpERASE", "offset": 208, "length": 10}, {"id": "503455913045163", "name": "#survivor", "offset": 221, "length": 9}, {"id": "548622388501878", "name": "#Leader", "offset": 231, "length": 7}, {"id": "518228604901601", "name": "#thrivor", "offset": 239, "length": 8}, {"id": "128208354027016", "name": "#community", "offset": 248, "length": 10}], "permalink_url": "https://www.facebook.com/helperase/photos/a.1029649477086727/2553197031398623/?type=3", "attachments": {"data": [{"description": "\"The price they paid for me had nothing to do with my true value or worth but everything to do with their distorted self worth.\"\u2800\n-Survivor of child trafficking\u2800\n#priceless #selfworth  #EndDemand #notforsale #helpERASE \u2800\n#survivor #leader #thrivor #community", "media": {"image": {"height": 720, "src": "https://scontent-lax3-1.xx.fbcdn.net/v/t1.0-9/p720x720/68896369_2553197034731956_353386211148038144_o.jpg?_nc_cat=102&ccb=1-3&_nc_sid=2d5d41&_nc_ohc=qOW43DF1VvEAX-Bl0Wb&_nc_ht=scontent-lax3-1.xx&tp=6&oh=127133216e25e93032bf469a5deeff62&oe=606E59A8", "width": 720}}, "target": {"id": "2553197031398623", "url": "https://www.facebook.com/helperase/photos/a.1029649477086727/2553197031398623/?type=3"}, "title": "Timeline Photos", "type": "photo", "url": "https://www.facebook.com/helperase/photos/a.1029649477086727/2553197031398623/?type=3"}]}, "id": "1003344626383879_2553197031398623"}