{"created_time": "2019-09-08T19:52:27+0000", "message": "Recently we had the pleasure of working with a survivor-led NGO. It was not a new organization just new to us. It was great working with them because they understood some challenges we had without having to explain in detail. \n \n\u201cI love when people that have been through hell walk out of the flames carrying buckets of water for those still consumed by the fire.\u201d \u2013 Stephanie Sparkles\u2800\n#SurvivorLeaders #CommunityLeaders #CreatingChange #LeadingByExample #SupportingOthers #HelpingWithoutExpectations", "message_tags": [{"id": "156501954525239", "name": "#survivorleaders", "offset": 387, "length": 16}, {"id": "447845518637104", "name": "#communityleaders", "offset": 404, "length": 17}, {"id": "146366755540354", "name": "#creatingchange", "offset": 422, "length": 15}, {"id": "128895957291953", "name": "#leadingbyexample", "offset": 438, "length": 17}, {"id": "513905141985225", "name": "#supportingothers", "offset": 456, "length": 17}, {"id": "781330785316686", "name": "#helpingwithoutexpectations", "offset": 474, "length": 27}], "permalink_url": "https://www.facebook.com/helperase/photos/a.1029649477086727/2595211073863885/?type=3", "attachments": {"data": [{"description": "Recently we had the pleasure of working with a survivor-led NGO. It was not a new organization just new to us. It was great working with them because they understood some challenges we had without having to explain in detail. \n \n\u201cI love when people that have been through hell walk out of the flames carrying buckets of water for those still consumed by the fire.\u201d \u2013 Stephanie Sparkles\u2800\n#SurvivorLeaders #CommunityLeaders #CreatingChange #LeadingByExample #SupportingOthers #HelpingWithoutExpectations", "media": {"image": {"height": 720, "src": "https://scontent-lax3-1.xx.fbcdn.net/v/t1.0-9/p720x720/69869266_2595211080530551_3038827913270001664_o.jpg?_nc_cat=110&ccb=1-3&_nc_sid=2d5d41&_nc_ohc=A-gRVSHs4rUAX-TuehW&_nc_ht=scontent-lax3-1.xx&tp=6&oh=ce24cd21dbb862fc1840b7e64cf6c3da&oe=607090A3", "width": 720}}, "target": {"id": "2595211073863885", "url": "https://www.facebook.com/helperase/photos/a.1029649477086727/2595211073863885/?type=3"}, "title": "Timeline Photos", "type": "photo", "url": "https://www.facebook.com/helperase/photos/a.1029649477086727/2595211073863885/?type=3"}]}, "id": "1003344626383879_2595211073863885"}