{"created_time": "2019-08-28T14:04:01+0000", "message": "Forced labor in agriculture, factories, and construction can be easily missed just like sex trafficking if law enforcement are not educated on the crimes. \n\n\u201cThe new staff members will be a part of a team of people who will focus on securing justice for victims of forced labor.\u201d #helperase #labortrafficking\nhttps://buff.ly/2HuvoDc", "message_tags": [{"id": "600288956648476", "name": "#helpERASE", "offset": 280, "length": 10}, {"id": "345897022198654", "name": "#labortrafficking", "offset": 291, "length": 17}], "permalink_url": "https://www.facebook.com/helperase/photos/a.1029649477086727/2574652445919748/?type=3", "attachments": {"data": [{"description": "Forced labor in agriculture, factories, and construction can be easily missed just like sex trafficking if law enforcement are not educated on the crimes. \n\n\u201cThe new staff members will be a part of a team of people who will focus on securing justice for victims of forced labor.\u201d #helperase #labortrafficking\nhttps://buff.ly/2HuvoDc", "media": {"image": {"height": 485, "src": "https://scontent-lax3-1.xx.fbcdn.net/v/t1.0-9/s720x720/69440831_2574652452586414_2524115794112020480_o.jpg?_nc_cat=101&ccb=1-3&_nc_sid=da1649&_nc_ohc=aXyFtILAVXQAX8nAzO1&_nc_ht=scontent-lax3-1.xx&tp=7&oh=300531a65dbea2fb93faae922f450361&oe=606F0A7F", "width": 720}}, "target": {"id": "2574652445919748", "url": "https://www.facebook.com/helperase/photos/a.1029649477086727/2574652445919748/?type=3"}, "title": "Timeline Photos", "type": "photo", "url": "https://www.facebook.com/helperase/photos/a.1029649477086727/2574652445919748/?type=3"}]}, "id": "1003344626383879_2574652445919748"}