{"created_time": "2018-06-27T20:04:03+0000", "message": "\"A lot of us kids, we've been through a lot and we want to go to a place where we feel safe,\"", "permalink_url": "https://www.facebook.com/1003344626383879/posts/1902890306429302/", "attachments": {"data": [{"description": "Santa Barbara County has a new resource in the battle against human sex trafficking and it is coming from a group previously devoted to improving literacy in our community.\u00a0", "media": {"image": {"height": 720, "src": "https://external-lax3-1.xx.fbcdn.net/safe_image.php?d=AQFPZ0vqDGD-FedA&w=720&h=720&url=https%3A%2F%2Fmedia.keyt.com%2Fnpg-keyt-media-us-east-1%2Fphoto%2F2018%2F06%2F26%2FSAFE%2520house%2520santa%2520barbara%2520county_1530049551977.JPG_12106318_ver1.0_1280_720.jpg&cfs=1&_nc_cb=1&_nc_hash=AQFBlQBpBSUjAsBj", "width": 720}}, "target": {"url": "https://l.facebook.com/l.php?u=https%3A%2F%2Fbuff.ly%2F2ItfWoQ&h=AT2-if_cN8OiMkaG_c9aYXWNMFn1uRdd_yOK4szjo5KLZq3QeskWIGah7g9haUgpAz0yu2R9FhEqjoSvJ0n4Ii2KrZIYQHHaW_42LSTJpNzWLnoi0H8awneKhxbEayJK&s=1"}, "title": "Junior League of Santa Barbara helps empower human sex trafficking victims", "type": "share", "url": "https://l.facebook.com/l.php?u=https%3A%2F%2Fbuff.ly%2F2ItfWoQ&h=AT2-if_cN8OiMkaG_c9aYXWNMFn1uRdd_yOK4szjo5KLZq3QeskWIGah7g9haUgpAz0yu2R9FhEqjoSvJ0n4Ii2KrZIYQHHaW_42LSTJpNzWLnoi0H8awneKhxbEayJK&s=1"}]}, "id": "1003344626383879_1902890306429302"}