{"created_time": "2018-06-08T14:14:16+0000", "message": "Forced Labor is also a form of human trafficking. Anyone one with a vulnerability is at greater risk of being trafficked. In South Carolina a victim with intellectual disabilities was subjected to  \"violence, threats, isolation and intimidation to work for over 100 hours a week without pay.\"\nhttps://buff.ly/2LqyWG7", "message_tags": [], "permalink_url": "https://www.facebook.com/1003344626383879/posts/1875607352490931/", "attachments": {"data": [{"description": "Forced Labor is also a form of human trafficking. Anyone one with a vulnerability is at greater risk of being trafficked. In South Carolina a victim with intellectual disabilities was subjected to  \"violence, threats, isolation and intimidation to work for over 100 hours a week without pay.\"\nhttps://buff.ly/2LqyWG7", "media": {"image": {"height": 442, "src": "https://scontent-lax3-1.xx.fbcdn.net/v/t1.0-9/s720x720/34601712_1875607289157604_3430259056395157504_n.jpg?_nc_cat=108&ccb=1-3&_nc_sid=8024bb&_nc_ohc=Nsyzlz4sdesAX843SLo&_nc_ht=scontent-lax3-1.xx&tp=7&oh=63c7eefcbb91b5a4adf1ff46d043cf75&oe=606E1E25", "width": 720}}, "target": {"id": "1875607282490938", "url": "https://www.facebook.com/helperase/photos/a.1029649477086727/1875607282490938/?type=3"}, "type": "photo", "url": "https://www.facebook.com/helperase/photos/a.1029649477086727/1875607282490938/?type=3"}]}, "id": "1003344626383879_1875607352490931"}