{"created_time": "2018-06-01T04:05:02+0000", "permalink_url": "https://www.facebook.com/1003344626383879/posts/1868040569914276/", "attachments": {"data": [{"description": "Advocates say the health care sector should do more to recognize and help the thousands of people who have been bought and sold in the U.S.", "media": {"image": {"height": 647, "src": "https://external-lax3-1.xx.fbcdn.net/safe_image.php?d=AQFUxqUZRGXtpqyK&w=647&h=647&url=https%3A%2F%2Fwww.usnews.com%2Fdims4%2FUSNEWS%2F0f629c2%2F2147483647%2Fcrop%2F1500x1001%252B0%252B0%2Fresize%2F970x647%2Fquality%2F85%2F%3Furl%3Dhttp%253A%252F%252Fmedia.beam.usnews.com%252F4b%252Ff6%252F2e31b5484a94befddd98b98791aa%252Fresizes%252F1500%252F180524hctrafficking-editorial.trafficking.jpg&cfs=1&_nc_cb=1&_nc_hash=AQHAyLnEqDq6pszV", "width": 647}}, "target": {"url": "https://l.facebook.com/l.php?u=https%3A%2F%2Fwww.usnews.com%2Fnews%2Fhealthiest-communities%2Farticles%2F2018-05-30%2Fhealth-care-providers-fight-human-trafficking-on-the-front-lines%3Fsrc%3Dusn_fb&h=AT1ezYO304firzoTukds2daqFSlMD1qKSQSDvV23epjlH09lG0StMjYc9S38BCQVcKqVdhznMGEejRWrEnMJp_3s9zh4XPR9of5WZwUGsoKSSvZ5R1v1vtM0Kno-Pkz_&s=1"}, "title": "Doctors Need to Get Better at Diagnosing Human Trafficking. Here's Why.", "type": "share", "url": "https://l.facebook.com/l.php?u=https%3A%2F%2Fwww.usnews.com%2Fnews%2Fhealthiest-communities%2Farticles%2F2018-05-30%2Fhealth-care-providers-fight-human-trafficking-on-the-front-lines%3Fsrc%3Dusn_fb&h=AT1ezYO304firzoTukds2daqFSlMD1qKSQSDvV23epjlH09lG0StMjYc9S38BCQVcKqVdhznMGEejRWrEnMJp_3s9zh4XPR9of5WZwUGsoKSSvZ5R1v1vtM0Kno-Pkz_&s=1"}]}, "id": "1003344626383879_1868040569914276"}