{"created_time": "2018-03-09T15:14:06+0000", "message": "These bills will create civil causes of action on behalf of victims of sexual trafficking against hotels and motels, holding those that turn a blind eye accountable when traffickers use their rooms as havens for sexual trafficking.", "permalink_url": "https://www.facebook.com/1003344626383879/posts/1783071488411185/", "attachments": {"data": [{"description": "Letter to the editor: Anti-human trafficking legislation deserves to be heard", "media": {"image": {"height": 720, "src": "https://external-lax3-1.xx.fbcdn.net/safe_image.php?d=AQF7_GDdCkn6XOzn&w=720&h=720&url=http%3A%2F%2Fwww.trbimg.com%2Fimg-5aa02d77%2Fturbine%2Ffl-letter-human-trafficking-legislation-florida-20180307&cfs=1&_nc_cb=1&_nc_hash=AQFXlzBdWKhYddWi", "width": 720}}, "target": {"url": "https://l.facebook.com/l.php?u=https%3A%2F%2Fbuff.ly%2F2G8hIMx&h=AT1vyWmBozZgtwPKgcnUaZT-7lvD9fGETUI9vSR0kbtDhNGiSTTQScoO8aalNub09J4minGnbuqlqm5DMETDpd0SOT3-B4oxOyHXrYgY32eFVmhwecxVS_vh7rUKEktT&s=1"}, "title": "Anti-human trafficking legislation deserves to be heard | Letters", "type": "share", "url": "https://l.facebook.com/l.php?u=https%3A%2F%2Fbuff.ly%2F2G8hIMx&h=AT1vyWmBozZgtwPKgcnUaZT-7lvD9fGETUI9vSR0kbtDhNGiSTTQScoO8aalNub09J4minGnbuqlqm5DMETDpd0SOT3-B4oxOyHXrYgY32eFVmhwecxVS_vh7rUKEktT&s=1"}]}, "id": "1003344626383879_1783071488411185"}