{"created_time": "2018-03-01T21:04:02+0000", "message": "Predators are coming into the community because people think it is safe, it doesn\u2019t happen here, it only happens in the big hubs, like Chicago, Kansas City and Houston", "permalink_url": "https://www.facebook.com/1003344626383879/posts/1774428609275473/", "attachments": {"data": [{"description": "Two percent \u2014 when Kristina Glackin walked up to the altar of Newton Church of the Way Saturday afternoon, this number kept running through her head.", "media": {"image": {"height": 683, "src": "https://external-lax3-1.xx.fbcdn.net/safe_image.php?d=AQE9-dI4FklEhsID&w=683&h=683&url=http%3A%2F%2Fwww.newtondailynews.com%2Farticles%2F2018%2F02%2F25%2Fa41f652b347d49899cc717f07a34526d%2F320856c1-ffae-4027-81be-c37560e596ca%2Fimage-pv_web.jpg&cfs=1&sx=341&sy=0&sw=683&sh=683&_nc_cb=1&_nc_hash=AQEbCR2iwpn0qdr5", "width": 683}}, "target": {"url": "http://l.facebook.com/l.php?u=http%3A%2F%2Fj.mp%2F2EZlaHQ&h=AT2LEH2bedAXSZ3KRqWCu0xFcLmQTOAzyzWY6hXhvsaFVdX2Yqe8gJvpZOIWWizuZFnqKmAe6vhTVlr4k9EASVHjFEJD6zsrK_8FlsbtwhKdZz0uWwyYE6pRIGvk0gNp&s=1"}, "title": "The Two Percent: Victims, activists localize human trafficking issue", "type": "share", "url": "http://l.facebook.com/l.php?u=http%3A%2F%2Fj.mp%2F2EZlaHQ&h=AT2LEH2bedAXSZ3KRqWCu0xFcLmQTOAzyzWY6hXhvsaFVdX2Yqe8gJvpZOIWWizuZFnqKmAe6vhTVlr4k9EASVHjFEJD6zsrK_8FlsbtwhKdZz0uWwyYE6pRIGvk0gNp&s=1"}]}, "id": "1003344626383879_1774428609275473"}