{"created_time": "2017-11-18T15:14:04+0000", "message": "How Taking a Picture of Your Hotel Room Can Save a Child from Sex Trafficking.\nThe Internet is making it easier for criminals to capture victims, but thanks to new technologies, it\u2019s also making it easier for us to stop them.", "permalink_url": "https://www.facebook.com/1003344626383879/posts/1666526830065652/", "attachments": {"data": [{"description": "An app called Traffick Cam is now equipping travelers to join the fight to end human trafficking.", "media": {"image": {"height": 398, "src": "https://external-lax3-1.xx.fbcdn.net/safe_image.php?d=AQHqFq2iMUqAVCg8&w=398&h=398&url=https%3A%2F%2Fbuffer-media-uploads.s3.amazonaws.com%2F5a09dcee7bcaa49256f7ed67%2F96bdb8014f319333fa064e9c3b633a882cf0eb8b_dc8ad6cc00cf15260f864d08d858a9f0b02c4a3a_facebook&cfs=1&_nc_cb=1&_nc_hash=AQER7Y5tzCffulLs", "width": 398}}, "target": {"url": "http://l.facebook.com/l.php?u=http%3A%2F%2Fj.mp%2F2zF2fjD&h=AT3_vXgPZ2gujjw9cnS-2dDyFBIc2TlzvmkXLLgAyCprjz15LHwRMjZvd_Uc3ailKxYtq2xB09NGXjPm7LKcbbRV-Sucbcaui_atl3HAvrzWyctJ5fr68f4hAyja5koP&s=1"}, "title": "How Taking a Picture of Your Hotel Room Can Save a Child from Sex Trafficking", "type": "share", "url": "http://l.facebook.com/l.php?u=http%3A%2F%2Fj.mp%2F2zF2fjD&h=AT3_vXgPZ2gujjw9cnS-2dDyFBIc2TlzvmkXLLgAyCprjz15LHwRMjZvd_Uc3ailKxYtq2xB09NGXjPm7LKcbbRV-Sucbcaui_atl3HAvrzWyctJ5fr68f4hAyja5koP&s=1"}]}, "id": "1003344626383879_1666526830065652"}