{"created_time": "2018-01-18T20:30:05+0000", "message": "Do you know who your children are talking to online?", "permalink_url": "https://www.facebook.com/1003344626383879/posts/1730785306973137/", "attachments": {"data": [{"media": {"image": {"height": 720, "src": "https://scontent-lax3-1.xx.fbcdn.net/v/t1.0-9/s720x720/26166180_1007769782707974_2516574006930503670_n.jpg?_nc_cat=105&ccb=1-3&_nc_sid=8024bb&_nc_ohc=x8IiIi8fB-cAX-4uUD-&_nc_ht=scontent-lax3-1.xx&tp=7&oh=e22feccc8cd6f892e8c3e93dcc981539&oe=6071A552", "width": 584}}, "target": {"id": "1007769782707974", "url": "https://www.facebook.com/906657332819220/photos/a.1010408542444098/1007769782707974/?type=3"}, "type": "photo", "url": "https://www.facebook.com/906657332819220/photos/a.1010408542444098/1007769782707974/?type=3"}]}, "id": "1003344626383879_1730785306973137"}