{"created_time": "2017-12-30T19:16:52+0000", "message": "*****Update*****\nFound Safe\n\nStill #Missing #QueensNY", "message_tags": [{"id": "126682420847427", "name": "#missing", "offset": 35, "length": 8}, {"id": "480232542044078", "name": "#queensny", "offset": 44, "length": 9}], "permalink_url": "https://www.facebook.com/1003344626383879/posts/1711136795604655/", "attachments": {"data": [{"description": "Dec. 29, 2017 By Tara Law A Jackson Heights father has taken to social media to find his 14-year-old daughter who went missing from 81st Street yesterday.", "media": {"image": {"height": 450, "src": "https://external-lax3-1.xx.fbcdn.net/safe_image.php?d=AQGS7t6pICZlP_ut&w=450&h=450&url=https%3A%2F%2Fjacksonheightspost.com%2Fwp-content%2Fuploads%2Fsites%2F21%2F2017%2F12%2FSolis-e1514574779401.jpg&cfs=1&_nc_cb=1&_nc_hash=AQECcClZef2V9Hlp", "width": 450}}, "target": {"url": "https://l.facebook.com/l.php?u=https%3A%2F%2Fjacksonheightspost.com%2Fjackson-heights-teenage-girl-goes-missing-father-turns-facebook-find&h=AT3ct8abs_qBl0SascOnRwriA6hv5vbkKgvi5fFSmR_oHFD4XUjtneMcl6Hg0LU7f7bsn-jyRb9eZuUDBJSP-npHLt81I-8Mtq-T_Yi6FjllHSKslfvDNgj6fCjE-sUa&s=1"}, "title": "Jackson Heights Teenage Girl Goes Missing, Father Turns to Facebook to Find Her | Jackson Heights Post", "type": "share", "url": "https://l.facebook.com/l.php?u=https%3A%2F%2Fjacksonheightspost.com%2Fjackson-heights-teenage-girl-goes-missing-father-turns-facebook-find&h=AT3ct8abs_qBl0SascOnRwriA6hv5vbkKgvi5fFSmR_oHFD4XUjtneMcl6Hg0LU7f7bsn-jyRb9eZuUDBJSP-npHLt81I-8Mtq-T_Yi6FjllHSKslfvDNgj6fCjE-sUa&s=1"}]}, "id": "1003344626383879_1711136795604655"}