{"created_time": "2019-09-03T16:47:00+0000", "message": "Great job by the Genesee County Sheriff's Office's GHOST team!", "permalink_url": "https://www.facebook.com/1003344626383879/posts/2585751988143127/", "attachments": {"data": [{"description": "(FOX 2) - Two men have been arrested for allegedly coaxing a 21-year-old woman into having sex for money using heroin and crack.", "media": {"image": {"height": 360, "src": "https://external-lax3-1.xx.fbcdn.net/safe_image.php?d=AQE-N4G9jtF9sU2D&w=360&h=360&url=https%3A%2F%2Fmedia.fox2detroit.com%2Fmedia.fox2detroit.com%2Fphoto%2F2019%2F09%2F03%2FSex_1567526795479_7634922_ver1.0_640_360.jpg&cfs=1&sx=152&sy=0&sw=360&sh=360&_nc_cb=1&_nc_hash=AQE6GiJxhtdyofWw", "width": 360}}, "target": {"url": "https://l.facebook.com/l.php?u=https%3A%2F%2Fbuff.ly%2F2zNAruA&h=AT28QcwxS4VO2Bv41TzgddMrke_gg9BLVZz6S8qHw4aOycVSVFycWvAjro2CQVoPuqwOI8_1iy5ZBXkrT7LsUE385rYiglsESidD0Hht6ubScLqmlGvz9xjesmXewiVj&s=1"}, "title": "Two arrested for coaxing woman into sex trafficking with heroin, crack", "type": "share", "url": "https://l.facebook.com/l.php?u=https%3A%2F%2Fbuff.ly%2F2zNAruA&h=AT28QcwxS4VO2Bv41TzgddMrke_gg9BLVZz6S8qHw4aOycVSVFycWvAjro2CQVoPuqwOI8_1iy5ZBXkrT7LsUE385rYiglsESidD0Hht6ubScLqmlGvz9xjesmXewiVj&s=1"}]}, "id": "1003344626383879_2585751988143127"}