{"created_time": "2017-11-08T01:02:49+0000", "message": "Celebrating the power to Speak Out! Part 3 of 4.  #Knowledge #Understanding #HelpErase", "message_tags": [{"id": "567744476577795", "name": "#knowledge", "offset": 50, "length": 10}, {"id": "309674972492151", "name": "#understanding", "offset": 61, "length": 14}, {"id": "600288956648476", "name": "#helpERASE", "offset": 76, "length": 10}], "permalink_url": "https://www.facebook.com/helperase/videos/1656224617762540/", "attachments": {"data": [{"media": {"image": {"height": 360, "src": "https://scontent-lax3-1.xx.fbcdn.net/v/t15.5256-10/23430989_1656236661094669_7400265046560866304_n.jpg?_nc_cat=101&ccb=1-3&_nc_sid=ad6a45&_nc_ohc=Y3AXV6PT4cUAX9G9qDU&_nc_oc=AQliuvbBpsv52rYYPTU5NSahPcFdkVosdF4yTKV9FPlD34xMWicStgJdKXfa5m_ELQ0&_nc_ht=scontent-lax3-1.xx&oh=2b9d204e7a4896633e9514939db5cedd&oe=60722AD4", "width": 640}}, "target": {"id": "1656224617762540", "url": "https://www.facebook.com/helperase/videos/1656224617762540/"}, "title": "Celebrating the power to Speak Out! Part 3 of 4.", "type": "video_inline", "url": "https://www.facebook.com/helperase/videos/1656224617762540/"}]}, "id": "1003344626383879_1656224617762540"}