{"created_time": "2017-10-24T14:14:05+0000", "message": "One of the main tasks of a victim specialist, Darr said, is trying to understand the logic of the bond victims often have with their captors. Similar to Stockholm Syndrome, where kidnappers develop an affinity for their captors", "permalink_url": "https://www.facebook.com/1003344626383879/posts/1641675552550780/", "attachments": {"data": [{"description": "The FBI uses a little known weapon in the battle against human trafficking \u2014 153 victim specialists help survivors navigate the often difficult path back to a normal life.", "media": {"image": {"height": 630, "src": "https://external-lax3-1.xx.fbcdn.net/safe_image.php?d=AQHdEJBWxyIncZng&w=630&h=630&url=https%3A%2F%2Fbuffer-media-uploads.s3.amazonaws.com%2F59ec8a81c3453dbf74893f5f%2F235ec32ff23a2a8b1205c0c31520b93b104dfbbe_8aeb15e43758e5e740ef52574d8a5e6700a265b1_facebook&cfs=1&sx=98&sy=0&sw=630&sh=630&_nc_cb=1&_nc_hash=AQEak22rG0keA-eM", "width": 630}}, "target": {"url": "http://l.facebook.com/l.php?u=http%3A%2F%2Fj.mp%2F2xXewxv&h=AT3VwA7eBNQT9it--O6JfnfqvMSTerjZWcwdSpuX3Geh_KshrnxL0piTWxsApjjCnWGSeUAGQmHEfxZ_2ew2jXKc5-NJzqeY-ylV4ZNh4uR7qPbCvmRS-CPqVx5ZGdJd&s=1"}, "title": "FBI victim specialists fill a unique roll, helping victims figure out what\u2019s next", "type": "share", "url": "http://l.facebook.com/l.php?u=http%3A%2F%2Fj.mp%2F2xXewxv&h=AT3VwA7eBNQT9it--O6JfnfqvMSTerjZWcwdSpuX3Geh_KshrnxL0piTWxsApjjCnWGSeUAGQmHEfxZ_2ew2jXKc5-NJzqeY-ylV4ZNh4uR7qPbCvmRS-CPqVx5ZGdJd&s=1"}]}, "id": "1003344626383879_1641675552550780"}