{"created_time": "2017-10-12T20:04:07+0000", "message": "Human trafficking is on the rise in the U.S. In 2016, the number of cases jumped 35.6 percent from the year prior, according to the National Human Trafficking Hotline. These are cases that involve victims who are forced to engage in physical labor or sexual exploitation against their will. High poverty levels and the country\u2019s growing drug epidemic are two factors that make victims more susceptible to being trafficked.", "permalink_url": "https://www.facebook.com/1003344626383879/posts/1630035200381482/", "attachments": {"data": [{"description": "Milwaukee is a hub for sex trafficking and was dubbed the \"Harvard of pimp school.\"", "media": {"image": {"height": 720, "src": "https://external-lax3-1.xx.fbcdn.net/safe_image.php?d=AQE4RuJxzn_s-4eZ&w=720&h=720&url=https%3A%2F%2Fbuffer-media-uploads.s3.amazonaws.com%2F59db996befda0cb75070d5d2%2F1c8b2f743c3f319ca6bf08072a500c85d3a16dc5_717518655d328fc98576fca6ce8b1970e854c91a_facebook&cfs=1&sx=808&sy=0&sw=1000&sh=1000&_nc_cb=1&_nc_hash=AQFLBwlINGarhHYr", "width": 720}}, "target": {"url": "http://l.facebook.com/l.php?u=http%3A%2F%2Fj.mp%2F2y3POzH&h=AT1WYIZg79QGFc_Im7wTcjHFwDicrlSsmzv8u868sYPIoAPDRd4xOtYa95cLREp5vqR5Tpb--u00W07Nil4MMDbUPLt55k4X0wasatuFb4UdvnwrA0jC1qNqPjAv5v8f&s=1"}, "title": "This Sex Trafficking Survivor Protects Girls From 'Hell' She Endured", "type": "share", "url": "http://l.facebook.com/l.php?u=http%3A%2F%2Fj.mp%2F2y3POzH&h=AT1WYIZg79QGFc_Im7wTcjHFwDicrlSsmzv8u868sYPIoAPDRd4xOtYa95cLREp5vqR5Tpb--u00W07Nil4MMDbUPLt55k4X0wasatuFb4UdvnwrA0jC1qNqPjAv5v8f&s=1"}]}, "id": "1003344626383879_1630035200381482"}