{"created_time": "2017-09-29T18:59:00+0000", "message": "Stopping Traffic: The Documentary is released today in several major cities across the US. Check their website to find a location near you. \nhttp://stoppingtrafficfilm.com", "message_tags": [{"id": "498086970349585", "name": "Stopping Traffic", "type": "page", "offset": 0, "length": 33}], "permalink_url": "https://www.facebook.com/1003344626383879/posts/1617524481632554/", "attachments": {"data": [{"media": {"image": {"height": 405, "src": "https://scontent-lax3-1.xx.fbcdn.net/v/t15.5256-10/s720x720/20767640_828422323982713_2987824704183599104_n.jpg?_nc_cat=105&ccb=1-3&_nc_sid=ad6a45&_nc_ohc=m1xISxAy7hEAX9FFKhh&_nc_ht=scontent-lax3-1.xx&tp=7&oh=b03d4fc03fac3dac56c8cd3e562c0479&oe=606F1546", "width": 720}}, "target": {"id": "828415220650090", "url": "https://www.facebook.com/StoppingTrafficFilm/videos/828415220650090/"}, "title": "STOPPING TRAFFIC (Trailer) - Available ON DEMAND 1/9/18", "type": "video_direct_response", "url": "https://www.facebook.com/StoppingTrafficFilm/videos/828415220650090/"}]}, "id": "1003344626383879_1617524481632554"}