{"created_time": "2017-09-02T23:04:00+0000", "message": "The letter asks representatives to amend the Communications Decency Act to clarify that states, localities and territories retain authority to investigate and prosecute facilitators of child sex trafficking wherever they operate, including online, Laxalt's Office said in a statement.", "permalink_url": "https://www.facebook.com/1003344626383879/posts/1594230517295284/", "attachments": {"data": [{"description": "Nevada Attorney General Adam Paul Laxalt and a bi-partisan coalition of 49 other state and territorial attorneys general sent a letter urging Congress to affirm that all law-enforcement agencies\u2026", "media": {"image": {"height": 427, "src": "https://scontent-lax3-1.xx.fbcdn.net/v/t45.1600-4/c76.0.427.427a/p450x450/21141753_6105898120520_6825704263235141632_n.png?_nc_cat=108&ccb=1-3&_nc_sid=eaa83b&_nc_ohc=IDhusyOWYIgAX8g7G8D&_nc_ht=scontent-lax3-1.xx&_nc_tp=30&oh=0c03de460ccf5fd5847b4fab139007d7&oe=6071DCC1", "width": 427}}, "target": {"url": "http://l.facebook.com/l.php?u=http%3A%2F%2Fj.mp%2F2vQLOxk&h=AT2HMs045QsQxCjLgBGPstNZoYcbBt6k0VoQD1lEgT_tjNB8hExO-Eo9lxgcOegkml8zWJrb5cxrRJj-N_CSmLwPHRU4FjYZchcjSAvFYjd5xrVG5xDdT1zz85ZNTHId&s=1"}, "title": "Nevada attorney general, 49 states seek sex trafficking law", "type": "share", "url": "http://l.facebook.com/l.php?u=http%3A%2F%2Fj.mp%2F2vQLOxk&h=AT2HMs045QsQxCjLgBGPstNZoYcbBt6k0VoQD1lEgT_tjNB8hExO-Eo9lxgcOegkml8zWJrb5cxrRJj-N_CSmLwPHRU4FjYZchcjSAvFYjd5xrVG5xDdT1zz85ZNTHId&s=1"}]}, "id": "1003344626383879_1594230517295284"}