{"created_time": "2017-08-30T23:04:00+0000", "message": "\u201cHuman trafficking is a major issue that happens here,\u201d Talbot said. \u201cIt happens in cities; it happens in suburbs; it happens in rural area and it affects our youth.\u201d", "permalink_url": "https://www.facebook.com/1003344626383879/posts/1591512464233756/", "attachments": {"data": [{"description": "Educators in more than 100 middle schools and high schools in six counties in Miami Valley got human trafficking training last year as part of", "media": {"image": {"height": 720, "src": "https://external-lax3-1.xx.fbcdn.net/safe_image.php?d=AQFxvA2SWe-NiVUW&w=720&h=720&url=https%3A%2F%2Fbuffer-media-uploads.s3.amazonaws.com%2F59a5bbff90f1ee607c81e68f%2F86445520a59430d8daaf967240cf8918d82624b0_826b1316b15751a3f8113e7044178a5073c3b473_facebook&cfs=1&sx=235&sy=0&sw=1617&sh=1617&_nc_cb=1&_nc_hash=AQG-KToTFUiXgw_L", "width": 720}}, "target": {"url": "http://l.facebook.com/l.php?u=http%3A%2F%2Fj.mp%2F2vBXh4C&h=AT3ai4h9CP6CtKmTR2z1hMBKOiGRysBIzgs98b9zYSrpMN6chaRHRGsZFS4-iSJdayr4gT3R2xUP0LvB3NwmVhyBl8tT-1bOzZvN118fUk9JOFnu2-GaDrwO9M3vvmlH&s=1"}, "title": "Schools get human trafficking training", "type": "share", "url": "http://l.facebook.com/l.php?u=http%3A%2F%2Fj.mp%2F2vBXh4C&h=AT3ai4h9CP6CtKmTR2z1hMBKOiGRysBIzgs98b9zYSrpMN6chaRHRGsZFS4-iSJdayr4gT3R2xUP0LvB3NwmVhyBl8tT-1bOzZvN118fUk9JOFnu2-GaDrwO9M3vvmlH&s=1"}]}, "id": "1003344626383879_1591512464233756"}