{"created_time": "2017-07-23T23:04:08+0000", "message": "\"According to a 2015 Pew Research Center study, 73 percent of teens have access to a smart phone. Many of those phones have apps like Facebook, Instagram and Snapchat.\"", "permalink_url": "https://www.facebook.com/1003344626383879/posts/1555569751161361/", "attachments": {"data": [{"description": "With the simple swipe of a finger, your child could unlock the darker side of social media.", "media": {"image": {"height": 360, "src": "https://external-lax3-1.xx.fbcdn.net/safe_image.php?d=AQFx9nKXneucwAhW&w=360&h=360&url=https%3A%2F%2Fbuffer-media-uploads.s3.amazonaws.com%2F596f7152b6b0cdc4212295b6%2F7aea4a94ac38ef5d2fc4b64d88c5ab655629b5d0_fd2805edd0c20915efb637e75600ec4f81e21da4_facebook&cfs=1&_nc_cb=1&_nc_hash=AQGFGOEBeKfnL-dB", "width": 360}}, "target": {"url": "http://l.facebook.com/l.php?u=http%3A%2F%2Fbuff.ly%2F2ualsIR&h=AT04VWVsy6OEuhnYCJosivz93kP2Omv4AhlBY4b5hXsGgSRWFUH2u4hD-aHvL5WpSvWvr266sgvp8w3JnUyFMQDAhe0EMZghM7AT7acA-8UsYFgqUw3zftyMl9srl4V4&s=1"}, "title": "Social Media Safety Requires Responsibility", "type": "share", "url": "http://l.facebook.com/l.php?u=http%3A%2F%2Fbuff.ly%2F2ualsIR&h=AT04VWVsy6OEuhnYCJosivz93kP2Omv4AhlBY4b5hXsGgSRWFUH2u4hD-aHvL5WpSvWvr266sgvp8w3JnUyFMQDAhe0EMZghM7AT7acA-8UsYFgqUw3zftyMl9srl4V4&s=1"}]}, "id": "1003344626383879_1555569751161361"}