{"created_time": "2017-07-21T00:04:23+0000", "message": "26 Child Predators arrested in Washington State.\n \u201cChildren are becoming increasingly vulnerable to sexual predators due to the growth of the internet.\u201d\nhttp://bit.ly/2uEEatt", "message_tags": [], "permalink_url": "https://www.facebook.com/1003344626383879/posts/1552071928177810/", "attachments": {"data": [{"description": "The operation, which took place July 5-10, was the result of a probe by the Washington State Patrol\u2019s (WSP) Missing and Exploited Children Task Force (MECTF) including U.S. Immigration and Customs Enforcement (ICE) Homeland Security Investigations (HSI).", "media": {"image": {"height": 232, "src": "https://external-lax3-1.xx.fbcdn.net/safe_image.php?d=AQFLLywy1eGLvaHJ&w=232&h=232&url=fbstaging%3A%2F%2Fgraph.facebook.com%2Fstaging_resources%2FMDExNTUyMDcwNTI0ODQ0NjE3OjU3MDk1NzM4Ng%3D%3D&cfs=1&_nc_cb=1&_nc_hash=AQEthWMfWl0XYG2j", "width": 232}}, "target": {"url": "https://l.facebook.com/l.php?u=https%3A%2F%2Fbit.ly%2F2uEEatt&h=AT0BAjj3HzTcHDi6zxGYS120kTiungfxFxU6sEUdl1mvKv4RMwTt7X5NJbpbQy7eR5zZArPcLHeotbbMY31DCPkspf5ZJXYsWMjAhP3q0BIvp9lu5SESFkCResGiL3p2&s=1"}, "title": "26 arrested in southeastern Washington child predator sting", "type": "share", "url": "https://l.facebook.com/l.php?u=https%3A%2F%2Fbit.ly%2F2uEEatt&h=AT0BAjj3HzTcHDi6zxGYS120kTiungfxFxU6sEUdl1mvKv4RMwTt7X5NJbpbQy7eR5zZArPcLHeotbbMY31DCPkspf5ZJXYsWMjAhP3q0BIvp9lu5SESFkCResGiL3p2&s=1"}]}, "id": "1003344626383879_1552071928177810"}