{"created_time": "2017-07-06T22:07:14+0000", "permalink_url": "https://www.facebook.com/1003344626383879/posts/1535915636460106/", "attachments": {"data": [{"description": "Barry Jurgensen spend most of the month of June away from his family, walking across Nebraska.The word \"slavery\" conjures depictions of African-Americans in chains or working in fields more than", "media": {"image": {"height": 630, "src": "https://scontent-lax3-1.xx.fbcdn.net/v/t45.1600-4/c0.0.630.630a/p640x640/19897393_6067305856345_588461878770925568_n.png?_nc_cat=110&ccb=1-3&_nc_sid=eaa83b&_nc_ohc=Rt5gjggy0lMAX9eBYYz&_nc_ht=scontent-lax3-1.xx&_nc_tp=30&oh=fd22b6c6dad719d0cbb54cca4a6ca9a5&oe=606EF04A", "width": 630}}, "target": {"url": "http://l.facebook.com/l.php?u=http%3A%2F%2Fbuff.ly%2F2tIPUuO&h=AT3JLsNl7432Lnqi1jJblYz4rIXNLIiNnBBgnsmZEMT1HE9QFs5zh3vvDnMQUlnuLJiF3_F3LgIbBNNjA7-yFjfhR4GPums6RLJ-1u2D9LCARLnpfpT1Fc1LgmVDbgMr&s=1"}, "title": "Nebraska man walks to bring awareness to human trafficking", "type": "share", "url": "http://l.facebook.com/l.php?u=http%3A%2F%2Fbuff.ly%2F2tIPUuO&h=AT3JLsNl7432Lnqi1jJblYz4rIXNLIiNnBBgnsmZEMT1HE9QFs5zh3vvDnMQUlnuLJiF3_F3LgIbBNNjA7-yFjfhR4GPums6RLJ-1u2D9LCARLnpfpT1Fc1LgmVDbgMr&s=1"}]}, "id": "1003344626383879_1535915636460106"}