{"created_time": "2017-07-04T15:00:51+0000", "message": "Through your donations, we can offer Law Enforcement Advanced Human Trafficking Training. Taking traffickers off the street and #GivingFreedom back to Human Trafficking Victims.", "message_tags": [{"id": "186474224853477", "name": "#givingfreedom", "offset": 128, "length": 14}], "permalink_url": "https://www.facebook.com/1003344626383879/posts/1533394070045596/", "attachments": {"data": [{"description": "Through your donations, we can offer Law Enforcement Advanced Human Trafficking Training. Taking traffickers off the street and #GivingFreedom back to Human Trafficking Victims.", "media": {"image": {"height": 604, "src": "https://scontent-lax3-2.xx.fbcdn.net/v/t1.0-9/s720x720/19748760_1533392743379062_6311049194756613198_n.jpg?_nc_cat=106&ccb=1-3&_nc_sid=8024bb&_nc_ohc=gPTdwzhW7MEAX8H85jU&_nc_ht=scontent-lax3-2.xx&tp=7&oh=5f9df54d106d3a7f5fd0b5fd7d17195d&oe=6071AAB2", "width": 720}}, "target": {"id": "1533392743379062", "url": "https://www.facebook.com/helperase/photos/a.1029649477086727/1533392743379062/?type=3"}, "type": "photo", "url": "https://www.facebook.com/helperase/photos/a.1029649477086727/1533392743379062/?type=3"}]}, "id": "1003344626383879_1533394070045596"}