{"created_time": "2017-06-21T01:05:35+0000", "permalink_url": "https://www.facebook.com/1003344626383879/posts/1516575655060771/", "attachments": {"data": [{"description": "Boynton Beach\u2019s Marco Orrego, 31, faces sex trafficking and child pornography charges in U.S. District Court after a 16-year-old says he helped her run away from home, raped her (twice), coerced her into prostitution and threatened to kill her.", "media": {"image": {"height": 712, "src": "https://external-lax3-1.xx.fbcdn.net/safe_image.php?d=AQHj2et6WiwWGSyh&w=712&h=712&url=http%3A%2F%2Fwww.miamiherald.com%2Fnews%2Fstate%2Fflorida%2Frco81t%2Fpicture156946334%2Falternates%2FLANDSCAPE_1140%2FMarco%2520orrego&cfs=1&sx=129&sy=0&sw=712&sh=712&_nc_cb=1&_nc_hash=AQG3_aYVu2_WvUTu", "width": 712}}, "target": {"url": "http://l.facebook.com/l.php?u=http%3A%2F%2Fwww.miamiherald.com%2Fnews%2Fstate%2Fflorida%2Farticle156946339.html&h=AT3R8LvLvf6RYoio_LPEpFBRU17ReHFUVSOkPazskVlz6a53g6YelQEet2CL6LjRDSGznlUacmZ1cjcpgM1jJJOQQBVuJ0DtIZjJYt5oDX1nSy6yQvMKMSlz8evFDxKx&s=1"}, "title": "A teen who wanted to run away was raped and kept as sex slave, cops say", "type": "share", "url": "http://l.facebook.com/l.php?u=http%3A%2F%2Fwww.miamiherald.com%2Fnews%2Fstate%2Fflorida%2Farticle156946339.html&h=AT3R8LvLvf6RYoio_LPEpFBRU17ReHFUVSOkPazskVlz6a53g6YelQEet2CL6LjRDSGznlUacmZ1cjcpgM1jJJOQQBVuJ0DtIZjJYt5oDX1nSy6yQvMKMSlz8evFDxKx&s=1"}]}, "id": "1003344626383879_1516575655060771"}