{"created_time": "2017-06-14T11:14:02+0000", "message": "\"As parents, there are plenty of ways we can encourage them to make better decisions online, not to mention, IRL (in real life).\"", "permalink_url": "https://www.facebook.com/1003344626383879/posts/1509016135816723/", "attachments": {"data": [{"description": "For many of today's teens, their online world is simply an extension of their real life.", "media": {"image": {"height": 720, "src": "https://external-lax3-1.xx.fbcdn.net/safe_image.php?d=AQES76fSigs1JFKV&w=720&h=720&url=http%3A%2F%2Fmedia1.s-nbcnews.com%2Fi%2Fnewscms%2F2017_23%2F1220252%2Fparents-teens-social-media-today-tease-002-170609_009fd065a5c458c32300a131d6876254.jpg&cfs=1&_nc_cb=1&_nc_hash=AQG8CCiN3QJPhHC_", "width": 720}}, "target": {"url": "http://l.facebook.com/l.php?u=http%3A%2F%2Fbuff.ly%2F2rsD2mI&h=AT3U-nNInNBAOVrJolkdiwR6HEMTsl871m-EC4we33TovU0BvyKQqsXovx6W9HCECnlHjk40zIqM_SIu0L5NxCGWc6foT7_HEKgseX237n1tpERcaV-O7C5Z2g3Ojr72&s=1"}, "title": "9 ways to help teens manage their social media footprint", "type": "share", "url": "http://l.facebook.com/l.php?u=http%3A%2F%2Fbuff.ly%2F2rsD2mI&h=AT3U-nNInNBAOVrJolkdiwR6HEMTsl871m-EC4we33TovU0BvyKQqsXovx6W9HCECnlHjk40zIqM_SIu0L5NxCGWc6foT7_HEKgseX237n1tpERcaV-O7C5Z2g3Ojr72&s=1"}]}, "id": "1003344626383879_1509016135816723"}