{"created_time": "2017-02-25T16:28:31+0000", "message": "Summit Live Panel on Child Trafficking. Q&A", "place": {"name": "Millennium Biltmore Los Angeles", "location": {"city": "Los Angeles", "country": "United States", "latitude": 34.049291378442, "longitude": -118.25355426493, "state": "CA", "street": "506 S Grand Ave", "zip": "90071-2602"}, "id": "375542712479750"}, "permalink_url": "https://www.facebook.com/helperase/photos/a.1066175113434163/1388198867898451/?type=3", "attachments": {"data": [{"description": "Summit Live Panel on Child Trafficking. Q&A", "media": {"image": {"height": 540, "src": "https://scontent-lax3-2.xx.fbcdn.net/v/t1.0-0/p180x540/16999043_1388198867898451_1173500775404155668_n.jpg?_nc_cat=107&ccb=1-3&_nc_sid=110474&_nc_ohc=jP86yOAoKUsAX_sHfi0&_nc_ht=scontent-lax3-2.xx&tp=6&oh=f83446e2545f2b0d984baba5491cc52b&oe=607023B1", "width": 720}}, "target": {"id": "1388198867898451", "url": "https://www.facebook.com/helperase/photos/a.1066175113434163/1388198867898451/?type=3"}, "title": "Mobile Uploads", "type": "photo", "url": "https://www.facebook.com/helperase/photos/a.1066175113434163/1388198867898451/?type=3"}]}, "id": "1003344626383879_1388198867898451"}