{"created_time": "2017-01-04T13:26:00+0000", "message": "Day #3 - 50% of Trafficking Victims are under the age of 16. \n30 facts for National Slavery and Human Trafficking Prevention Month. \n#NoSuchThingAsAChildProstitute\n#Educateyourself #HelpERASE\n#Thiscouldbeyourdaughter", "message_tags": [{"id": "791662547559019", "name": "#nosuchthingasachildprostitute", "offset": 133, "length": 30}, {"id": "500888956642517", "name": "#educateyourself", "offset": 164, "length": 16}, {"id": "600288956648476", "name": "#helpERASE", "offset": 181, "length": 10}, {"id": "189742604524224", "name": "#ThisCouldBeYourDaughter", "offset": 192, "length": 24}], "permalink_url": "https://www.facebook.com/helperase/photos/a.1381766311875040/1336597456391926/?type=3", "attachments": {"data": [{"description": "Day #3 - 50% of Trafficking Victims are under the age of 16. \n30 facts for National Slavery and Human Trafficking Prevention Month. \n#NoSuchThingAsAChildProstitute\n#Educateyourself #HelpERASE\n#Thiscouldbeyourdaughter", "media": {"image": {"height": 378, "src": "https://scontent-lax3-1.xx.fbcdn.net/v/t31.0-8/s720x720/15800818_1336597456391926_2718300575787464074_o.jpg?_nc_cat=102&ccb=1-3&_nc_sid=e007fa&_nc_ohc=1R6CjFSIH5EAX-HyTl2&_nc_ht=scontent-lax3-1.xx&tp=7&oh=4ae3770135127b992318a8ac37387be5&oe=6072CEC5", "width": 720}}, "target": {"id": "1336597456391926", "url": "https://www.facebook.com/helperase/photos/a.1381766311875040/1336597456391926/?type=3"}, "title": "30 Facts about Human Trafficking", "type": "photo", "url": "https://www.facebook.com/helperase/photos/a.1381766311875040/1336597456391926/?type=3"}]}, "id": "1003344626383879_1336597456391926"}