{"created_time": "2019-06-05T23:04:25+0000", "message": "The revolving roof syndrome & it\u2019s cure.\n#TheLife #HelpERASE", "message_tags": [{"id": "316137955176121", "name": "#thelife", "offset": 41, "length": 8}, {"id": "600288956648476", "name": "#helpERASE", "offset": 50, "length": 10}], "permalink_url": "https://www.facebook.com/helperase/videos/614202972410570/", "attachments": {"data": [{"media": {"image": {"height": 640, "src": "https://scontent-lax3-1.xx.fbcdn.net/v/t15.5256-10/60637746_614209245743276_2256583664223649792_n.jpg?_nc_cat=109&ccb=1-3&_nc_sid=ad6a45&_nc_ohc=cC2odcvxU-YAX8iPl8T&_nc_ht=scontent-lax3-1.xx&oh=85b62d405154b5bcc8f916bc546035f3&oe=607286D0", "width": 360}}, "target": {"id": "614202972410570", "url": "https://www.facebook.com/helperase/videos/614202972410570/"}, "type": "video_inline", "url": "https://www.facebook.com/helperase/videos/614202972410570/"}]}, "id": "1003344626383879_614202972410570"}