{"created_time": "2018-08-23T20:10:03+0000", "message": "\u201cThe chilling reality is that Maryland\u2019s central location, and access to major highways and airports, make our state a hotbed for human trafficking, including both sex trafficking and labor trafficking.\"", "permalink_url": "https://www.facebook.com/1003344626383879/posts/1997185636999768/", "attachments": {"data": [{"description": "SAFE Center director joins Governor Hogan\u2019s press conference on human trafficking", "media": {"image": {"height": 400, "src": "https://external-lax3-1.xx.fbcdn.net/safe_image.php?d=AQHC2PJ9WA0t68Oa&w=400&h=400&url=https%3A%2F%2Fwww.umaryland.edu%2Fmedia%2Fumb%2Fnews%2F062016-june-2016%2Fesserman-gov-inset.jpg&cfs=1&sx=23&sy=0&sw=400&sh=400&_nc_cb=1&_nc_hash=AQFqIO5qXsoK-nXx", "width": 400}}, "target": {"url": "https://l.facebook.com/l.php?u=https%3A%2F%2Fbuff.ly%2F2Lk9ySb&h=AT1B3CDpN_c95-r6UHBQf2ObRsWBLxQKb2W-RnSFw3Ewli0X8v_DJBiti8c9pSzV3BuerXEO3oCthUsr7gEcxcfZqi_XmGVR9lUd4wsA0aodPp6eZYdNljdxAp0qptqM&s=1"}, "title": "New Support in Fight Against Human Trafficking", "type": "share", "url": "https://l.facebook.com/l.php?u=https%3A%2F%2Fbuff.ly%2F2Lk9ySb&h=AT1B3CDpN_c95-r6UHBQf2ObRsWBLxQKb2W-RnSFw3Ewli0X8v_DJBiti8c9pSzV3BuerXEO3oCthUsr7gEcxcfZqi_XmGVR9lUd4wsA0aodPp6eZYdNljdxAp0qptqM&s=1"}]}, "id": "1003344626383879_1997185636999768"}