{"created_time": "2018-07-30T20:18:24+0000", "message": "#WDATIP", "message_tags": [{"id": "770654659643985", "name": "#WDATiP", "offset": 0, "length": 7}], "permalink_url": "https://www.facebook.com/1003344626383879/posts/1956011991117133/", "attachments": {"data": [{"description": "Today is World Day Against Trafficking in Persons. We\u2019d like to remind you to \u201cRecognize and Report\u201d any suspicious behavior - because everyone deserves freedom. \ud83d\udc99\ud83d\udc9a\n\nSee link below (via Polaris) to learn how to recognize and report human trafficking. \n\n#loveruns #freedomrunners #1440minutes #endhumantrafficking #enditnow #dosomething\n\nhttps://polarisproject.org/human-trafficking/recognize-signs", "description_tags": [{"id": "38882699096", "length": 7, "name": "Polaris", "offset": 186, "type": "page"}], "media": {"image": {"height": 720, "src": "https://scontent-lax3-1.xx.fbcdn.net/v/t1.0-9/p720x720/38072308_976083712574345_8912966770323619840_n.jpg?_nc_cat=101&ccb=1-3&_nc_sid=110474&_nc_ohc=Iht4b8aQBOMAX9GVbS-&_nc_ht=scontent-lax3-1.xx&tp=6&oh=bc7c9d1c68a55ac0cd86c70a50810530&oe=606E6720", "width": 720}}, "target": {"id": "976083709241012", "url": "https://www.facebook.com/LoveRunsDetroit/photos/a.612086768974043/976083709241012/?type=3"}, "type": "photo", "url": "https://www.facebook.com/LoveRunsDetroit/photos/a.612086768974043/976083709241012/?type=3"}]}, "id": "1003344626383879_1956011991117133"}