{"created_time": "2018-07-15T16:55:24+0000", "message": "With families trafficking children, community efforts are needed to protect our children. \n\nThere are many great organizations, coalitions, and task forces that are working together. If you want to get involeved in your area let us know and we will help you find events. If we can't find something we can work together and plan something. \ninfo@erasechildtrafficking.org", "permalink_url": "https://www.facebook.com/1003344626383879/posts/1931150523603280/", "attachments": {"data": [{"description": "A Charlotte man and his wife both appeared in federal court and entered a guilty plea Tuesday, admitting to forcing children into prostitution in Myrtle Beach.\u00a0", "media": {"image": {"height": 360, "src": "https://external-lax3-1.xx.fbcdn.net/safe_image.php?d=AQEW-uEuvJGXW19Z&w=360&h=360&url=https%3A%2F%2Fmedia.fox46charlotte.com%2Fmedia.fox46charlotte.com%2Fphoto%2F2018%2F07%2F11%2FSEX%2520TRAFFICKING%2520CASE_1531308701018.jpg_5781689_ver1.0_640_360.jpg&cfs=1&sx=242&sy=0&sw=360&sh=360&_nc_cb=1&_nc_hash=AQFSBDhpOKRys4l9", "width": 360}}, "target": {"url": "https://l.facebook.com/l.php?u=https%3A%2F%2Fbuff.ly%2F2m7nxAB&h=AT2S7Hvpu4n8_h1_3PciONDUAynIh3tYAgrEPoSqNTy-njHi_l-jM1xPaEday_VefY_Z7hSm7E8hb09uOBWkpSgCZYJHuuzThPjtF3nG7FdrlotfVd-nmmNTPNmpYnwn&s=1"}, "title": "Charlotte couple pleads guilty in child sex trafficking case", "type": "share", "url": "https://l.facebook.com/l.php?u=https%3A%2F%2Fbuff.ly%2F2m7nxAB&h=AT2S7Hvpu4n8_h1_3PciONDUAynIh3tYAgrEPoSqNTy-njHi_l-jM1xPaEday_VefY_Z7hSm7E8hb09uOBWkpSgCZYJHuuzThPjtF3nG7FdrlotfVd-nmmNTPNmpYnwn&s=1"}]}, "id": "1003344626383879_1931150523603280"}