{"created_time": "2018-06-07T00:02:57+0000", "message": "#MeToo #HerToo and the power of a hashtag.", "message_tags": [{"id": "316752141780651", "name": "#metoo", "offset": 0, "length": 6}, {"id": "569509496395607", "name": "#hertoo", "offset": 7, "length": 7}], "permalink_url": "https://www.facebook.com/helperase/videos/1874026872648979/", "attachments": {"data": [{"media": {"image": {"height": 360, "src": "https://scontent-lax3-1.xx.fbcdn.net/v/t15.5256-10/29785955_1874037462647920_755327895160750080_n.jpg?_nc_cat=105&ccb=1-3&_nc_sid=ad6a45&_nc_ohc=7SN9HiHjeSgAX-CT4fC&_nc_ht=scontent-lax3-1.xx&oh=7c74d08792b92b4823a38d99eeb5ccf3&oe=606F8F71", "width": 640}}, "target": {"id": "1874026872648979", "url": "https://www.facebook.com/helperase/videos/1874026872648979/"}, "type": "video_inline", "url": "https://www.facebook.com/helperase/videos/1874026872648979/"}]}, "id": "1003344626383879_1874026872648979"}