{"created_time": "2018-05-14T14:14:02+0000", "message": "\"What I always thought was like this was not going to last forever,\" said a sex trafficking survivor who did not want to be identified. \"I always felt like there was going to be a way out.\"", "permalink_url": "https://www.facebook.com/1003344626383879/posts/1850896918295308/", "attachments": {"data": [{"description": "It's painful stories from survivors that push Shalane Rosales and Jana Pfeiffer to act.", "media": {"image": {"height": 450, "src": "https://external-lax3-1.xx.fbcdn.net/safe_image.php?d=AQGZu6JlGigy2DNb&w=450&h=450&url=http%3A%2F%2Fwww.kob.com%2Fkobtvimages%2Frepository%2F2018-05%2FAdvocates_AG_fight_to_end_sex_trafficking-syndImport-111924.jpg&cfs=1&_nc_cb=1&_nc_hash=AQHy2xbc4bpNJewv", "width": 450}}, "target": {"url": "https://l.facebook.com/l.php?u=https%3A%2F%2Fbuff.ly%2F2rBo0NH&h=AT1G3FYpTorrEKMxSU5tFqKZ3lE499NTsfIsQgIx6qOtbwIl2QvGdQ-i4kJjXMpkLbGEcuXPtFqzQTwVxjSiNCMSq_1wIymg69ZlXDq8Er3_p9495f29AefqZPpL2geJ&s=1"}, "title": "Advocates, AG fight to end sex trafficking", "type": "share", "url": "https://l.facebook.com/l.php?u=https%3A%2F%2Fbuff.ly%2F2rBo0NH&h=AT1G3FYpTorrEKMxSU5tFqKZ3lE499NTsfIsQgIx6qOtbwIl2QvGdQ-i4kJjXMpkLbGEcuXPtFqzQTwVxjSiNCMSq_1wIymg69ZlXDq8Er3_p9495f29AefqZPpL2geJ&s=1"}]}, "id": "1003344626383879_1850896918295308"}