{"created_time": "2018-03-02T21:04:01+0000", "message": "New research shows that underage victims are increasingly likely to first meet their trafficker online, and the majority of underage victims have been advertised or sold online. How is it that America\u2019s children can be sold online like a t-shirt or take-out?", "permalink_url": "https://www.facebook.com/1003344626383879/posts/1775472952504372/", "attachments": {"data": [{"description": "Section 230 of the Communications Decency Act of 1996 has been interpreted so broadly that courts have ruled in favor of websites like Backpage.com, despite clear criminal conduct.", "media": {"image": {"height": 632, "src": "https://external-lax3-1.xx.fbcdn.net/safe_image.php?d=AQEe8lp3b7VdvUwX&w=632&h=632&url=https%3A%2F%2Fmedia.townhall.com%2Ftownhall%2Freu%2Fs1280x720%2F2014%2F294%2F70e12f13-6a67-477c-b39f-1e411ba937d4.jpg&cfs=1&sx=20&sy=0&sw=632&sh=632&_nc_cb=1&_nc_hash=AQG4GamPKxXIGbaK", "width": 632}}, "target": {"url": "http://l.facebook.com/l.php?u=http%3A%2F%2Fj.mp%2F2GQIfwZ&h=AT32K4ykAHR0d4-H_U5wqNq9skNTOGo9p02N4m3OCTx6o6RJNAxNHEfiD5CWnKelZlDG-UjC1M33RW1RgoHqNvpW01XQASm0EBjWIn_gy4wMORQSrx_Udv9QYKOnWyrL&s=1"}, "title": "Congresswoman Ann Wagner - Congress Never Intended to Enable Sex Trafficking Crime Online-This Bill Will Change That", "type": "share", "url": "http://l.facebook.com/l.php?u=http%3A%2F%2Fj.mp%2F2GQIfwZ&h=AT32K4ykAHR0d4-H_U5wqNq9skNTOGo9p02N4m3OCTx6o6RJNAxNHEfiD5CWnKelZlDG-UjC1M33RW1RgoHqNvpW01XQASm0EBjWIn_gy4wMORQSrx_Udv9QYKOnWyrL&s=1"}]}, "id": "1003344626383879_1775472952504372"}