{"created_time": "2018-02-20T21:04:01+0000", "message": "SESTA was introduced on August 1 2017 and seeks to address this by amending Section 230 of the CDA, using narrowly crafted language, so that website operators that knowingly assist, support or facilitate child sex trafficking can be held accountable. The bill is intended to help prosecutors target online ad services for their role in enabling the sexual exploitation of children online and help survivors find justice.", "permalink_url": "https://www.facebook.com/1003344626383879/posts/1765086533543014/", "attachments": {"data": [{"description": "Stop Enabling Sex Traffickers Act (SESTA) is a step toward building a safer internet, writes the president of UNICEF USA.", "media": {"image": {"height": 619, "src": "https://external-lax3-1.xx.fbcdn.net/safe_image.php?d=AQFBwEtZ_qCiih3l&w=619&h=619&url=https%3A%2F%2Fcdn.cnn.com%2Fcnnnext%2Fdam%2Fassets%2F180206101535-computer-keyboard-super-tease.jpg&cfs=1&sx=0&sy=0&sw=619&sh=619&_nc_cb=1&_nc_hash=AQF5FUQ320Dj_H7c", "width": 619}}, "target": {"url": "http://l.facebook.com/l.php?u=http%3A%2F%2Fj.mp%2F2FYAzrS&h=AT0wJa93XM4THzDmiwOkIZAl8Tz8f56NcdB876hqi1bu7mpBbxyVz8U3nQLFtvdfLcuDWn4OIJzF9SRFA5BLLlzLRMQTjHOEA_QeekUaTaCCC4SG4wCBFjTticbz-s3z&s=1"}, "title": "'Passing SESTA will help protect children against online sex trafficking'", "type": "share", "url": "http://l.facebook.com/l.php?u=http%3A%2F%2Fj.mp%2F2FYAzrS&h=AT0wJa93XM4THzDmiwOkIZAl8Tz8f56NcdB876hqi1bu7mpBbxyVz8U3nQLFtvdfLcuDWn4OIJzF9SRFA5BLLlzLRMQTjHOEA_QeekUaTaCCC4SG4wCBFjTticbz-s3z&s=1"}]}, "id": "1003344626383879_1765086533543014"}