{"created_time": "2018-02-08T01:03:49+0000", "message": "FORCE, Fraud & Coercion #Back2TheBasics #HELPErase", "message_tags": [{"id": "466392916764875", "name": "#Back2TheBasics", "offset": 24, "length": 15}, {"id": "600288956648476", "name": "#helpERASE", "offset": 40, "length": 10}], "permalink_url": "https://www.facebook.com/helperase/videos/1751521804899487/", "attachments": {"data": [{"media": {"image": {"height": 360, "src": "https://scontent-lax3-1.xx.fbcdn.net/v/t15.5256-10/27414209_1751535014898166_5813214441017180160_n.jpg?_nc_cat=103&ccb=1-3&_nc_sid=ad6a45&_nc_ohc=_2EVsFlgx70AX-Izpuc&_nc_ht=scontent-lax3-1.xx&oh=26baa6a009f42188b2de607eac0a1caf&oe=606F7718", "width": 640}}, "target": {"id": "1751521804899487", "url": "https://www.facebook.com/helperase/videos/1751521804899487/"}, "type": "video_inline", "url": "https://www.facebook.com/helperase/videos/1751521804899487/"}]}, "id": "1003344626383879_1751521804899487"}