{"created_time": "2018-02-01T21:04:05+0000", "message": "The legislative bill looks to up charges for those who obstruct or interfere with enforcing the second-degree human trafficking law from a Class A misdemeanor to a Class B felony, which could result in a 20-year prison term.", "permalink_url": "https://www.facebook.com/1003344626383879/posts/1745184875533180/", "attachments": {"data": [{"description": "The Alabama Legislature is considering a locally sponsored bill to bring harsher punishments against those found guilty of aiding with human trafficking or interfering with the enforcement of the state\u2019s human trafficking laws, closing what one local senator called a \u201cloophole\u201d in the law.", "media": {"image": {"height": 450, "src": "https://external-lax3-1.xx.fbcdn.net/safe_image.php?d=AQF8kkw4xNMDqOU9&w=450&h=450&url=http%3A%2F%2Fwww.shelbycountyreporter.com%2Fwp-content%2Fuploads%2F2018%2F01%2Ftrafficking-law-crop.jpg&cfs=1&_nc_cb=1&_nc_hash=AQFYuRCM3rwVKZYL", "width": 450}}, "target": {"url": "http://l.facebook.com/l.php?u=http%3A%2F%2Fj.mp%2F2EmRW6a&h=AT2nmr_6iRoHUOVb13a9LSHwgyUnnqe1ub3XUiQ92XtDuwj_X9camMzUsfkVff2BckCeVwhlQ9qcKrhNnE6318U2FZRxjT4AImpIBBDYKChdoAbxUQ2lvxyHspnUBrAr&s=1"}, "title": "Locally sponsored bill would eliminate human trafficking \u2018loophole\u2019 | Shelby County Reporter", "type": "share", "url": "http://l.facebook.com/l.php?u=http%3A%2F%2Fj.mp%2F2EmRW6a&h=AT2nmr_6iRoHUOVb13a9LSHwgyUnnqe1ub3XUiQ92XtDuwj_X9camMzUsfkVff2BckCeVwhlQ9qcKrhNnE6318U2FZRxjT4AImpIBBDYKChdoAbxUQ2lvxyHspnUBrAr&s=1"}]}, "id": "1003344626383879_1745184875533180"}