{"created_time": "2017-09-17T20:04:08+0000", "message": "Twenty percent of all human trafficking comes through Texas at some point, and the state has the second-highest rate of calls to national human trafficking hotlines in the country, according to the National Human Trafficking Resource Center.", "permalink_url": "https://www.facebook.com/1003344626383879/posts/1606858396032496/", "attachments": {"data": [{"description": "Newly appointed Dallas police Chief U. Renee Hall spoke about human trafficking Thursday afternoon during a lecture titled \u201cProtecting Our Daughters and Sons\u201d through Southern Methodist University\u2019s\u2026", "media": {"image": {"height": 720, "src": "https://external-lax3-1.xx.fbcdn.net/safe_image.php?d=AQFg-S-JNxIMKntt&w=720&h=720&url=https%3A%2F%2Fbuffer-media-uploads.s3.amazonaws.com%2F59bd62ca21ea6c061cb2a6af%2F02cac3ec93000c40800dc21242bd7c6834879faf_90b5b21e06bcecdcd78e1ed3759dbe01835cff2b_facebook&cfs=1&sx=0&sy=0&sw=3024&sh=3024&_nc_cb=1&_nc_hash=AQHgVxcJWaujLFWR", "width": 720}}, "target": {"url": "http://l.facebook.com/l.php?u=http%3A%2F%2Fj.mp%2F2x4D5vV&h=AT3P7_crK126cRleNaMO71cPf-mz5h3l0kXtLcCmjKN36UvyJYZDL6Z_wtO_dgtC3CBGlqIIX4_ZLLVTbIF-xKVYTrkSu9WCeaZw2LxL6p0WRMDkUSZm37vD3jv3y5gr&s=1"}, "title": "Dallas' New Police Chief Speaks About Human Trafficking", "type": "share", "url": "http://l.facebook.com/l.php?u=http%3A%2F%2Fj.mp%2F2x4D5vV&h=AT3P7_crK126cRleNaMO71cPf-mz5h3l0kXtLcCmjKN36UvyJYZDL6Z_wtO_dgtC3CBGlqIIX4_ZLLVTbIF-xKVYTrkSu9WCeaZw2LxL6p0WRMDkUSZm37vD3jv3y5gr&s=1"}]}, "id": "1003344626383879_1606858396032496"}