{"created_time": "2017-09-03T18:50:19+0000", "message": "\"Here\u2019s the situation: I need to know what you\u2019re doing, and you need your freedom.\"", "permalink_url": "https://www.facebook.com/1003344626383879/posts/1594982177220118/", "attachments": {"data": [{"description": "New tools help parents track their children\u2019s internet activity, but it\u2019s bad to install them without their knowledge.", "media": {"image": {"height": 471, "src": "https://external-lax3-1.xx.fbcdn.net/safe_image.php?d=AQEfTfX5GsjVSdwT&w=471&h=471&url=https%3A%2F%2Fbuffer-media-uploads.s3.amazonaws.com%2F59ac4ee6024549cc1d1429ed%2Fee40bc3dded82a0d1fc465f146a255b17f9b9be7_0cd087a8cac635c12386eddd32edbd73793157d8_facebook&cfs=1&sx=227&sy=0&sw=471&sh=471&_nc_cb=1&_nc_hash=AQE-K7QmjTK14wcp", "width": 471}}, "target": {"url": "http://l.facebook.com/l.php?u=http%3A%2F%2Fj.mp%2F2eSXFoQ&h=AT3S2zgehEQfKipMQ87B1h6r9IZFNGCrqRxj-4hfYIcSeBFG1Uy2jTMr5hB9c_deQrm0Hy0x0BcXxKjJj3BYUkDQacn71pFBUTMsF4jjUAZQ0z0M_49ODT29X3nqzRIU&s=1"}, "title": "Want to Spy on Your Children? Call It Monitoring\u2026and Get Their Blessing", "type": "share", "url": "http://l.facebook.com/l.php?u=http%3A%2F%2Fj.mp%2F2eSXFoQ&h=AT3S2zgehEQfKipMQ87B1h6r9IZFNGCrqRxj-4hfYIcSeBFG1Uy2jTMr5hB9c_deQrm0Hy0x0BcXxKjJj3BYUkDQacn71pFBUTMsF4jjUAZQ0z0M_49ODT29X3nqzRIU&s=1"}]}, "id": "1003344626383879_1594982177220118"}