{"created_time": "2017-07-12T00:04:35+0000", "message": "FundRaiseAwareness - Top 10 \n#GiveFreedom #HelpERASE\nText \"Free\" to 91999 to Donate.", "message_tags": [{"id": "136724616510939", "name": "#GiveFreedom", "offset": 29, "length": 12}, {"id": "600288956648476", "name": "#helpERASE", "offset": 42, "length": 10}], "permalink_url": "https://www.facebook.com/helperase/videos/1541636169221386/", "attachments": {"data": [{"media": {"image": {"height": 720, "src": "https://scontent-lax3-1.xx.fbcdn.net/v/t15.5256-10/p720x720/20033943_1541660389218964_5425266035332743168_n.jpg?_nc_cat=105&ccb=1-3&_nc_sid=ad6a45&_nc_ohc=49e-v050tL4AX_x3_kr&_nc_ht=scontent-lax3-1.xx&tp=6&oh=d2373e5937540ce45031a615ec28ec11&oe=60706DD3", "width": 720}}, "target": {"id": "1541636169221386", "url": "https://www.facebook.com/helperase/videos/1541636169221386/"}, "title": "FundRaiseAwareness - Top 10", "type": "video_inline", "url": "https://www.facebook.com/helperase/videos/1541636169221386/"}]}, "id": "1003344626383879_1541636169221386"}