{"created_time": "2017-07-09T22:52:02+0000", "message": "When you #StartWithaSmile on #PrimeDay, Amazon donates to Erase Child Trafficking. Shop for great deals at smile.amazon.com/ch/47-5046227 \nPrime Day starts tomorrow 9pm est.", "message_tags": [{"id": "261321414005042", "name": "#StartWithaSmile", "offset": 9, "length": 16}, {"id": "546709885360932", "name": "#PrimeDay", "offset": 29, "length": 9}], "permalink_url": "https://www.facebook.com/1003344626383879/posts/1539238962794440/", "attachments": {"data": [{"description": "When you shop at AmazonSmile, Amazon will donate to Erase Child Trafficking. Support us every time you shop.", "media": {"image": {"height": 300, "src": "https://external-lax3-1.xx.fbcdn.net/safe_image.php?d=AQEzi2hfiqV3vhqx&w=300&h=300&url=http%3A%2F%2Fg-ecx.images-amazon.com%2Fimages%2FG%2F01%2Fx-locale%2Fpaladin%2Fsmile_fb_logo_300x300._CB318340200_.png&cfs=1&_nc_cb=1&_nc_hash=AQEWaXl1atUhcF2R", "width": 300}}, "target": {"url": "http://l.facebook.com/l.php?u=http%3A%2F%2Fsmile.amazon.com%2Fch%2F47-5046227&h=AT1uaYN79MtXiEpDPRwEaxITh3eNTVtCpsjGaPDHJqo5HTpPZ6ZL69MR8PQxcGgWyj-h6i_5mJiOL7qUByVnjEOEouPzJUWmYi-Px8TAqmrOC1yoLKQgr7rQ11NwH93n&s=1"}, "title": "Support Erase Child Trafficking by shopping at AmazonSmile.", "type": "share", "url": "http://l.facebook.com/l.php?u=http%3A%2F%2Fsmile.amazon.com%2Fch%2F47-5046227&h=AT1uaYN79MtXiEpDPRwEaxITh3eNTVtCpsjGaPDHJqo5HTpPZ6ZL69MR8PQxcGgWyj-h6i_5mJiOL7qUByVnjEOEouPzJUWmYi-Px8TAqmrOC1yoLKQgr7rQ11NwH93n&s=1"}]}, "id": "1003344626383879_1539238962794440"}