{"created_time": "2017-06-18T00:07:00+0000", "message": "Human trafficking: recognize the signs @TeamEglin  #HelpErase #HumanTrafficking #CreatingChange", "message_tags": [{"id": "600288956648476", "name": "#helpERASE", "offset": 51, "length": 10}, {"id": "146391798860479", "name": "#humantrafficking", "offset": 62, "length": 17}, {"id": "146366755540354", "name": "#creatingchange", "offset": 80, "length": 15}], "permalink_url": "https://www.facebook.com/1003344626383879/posts/1513383948713275/", "attachments": {"data": [{"description": "By Cindy Ybanez, Sexual Assault Response Coordinator / Published June 16, 2017", "media": {"image": {"height": 394, "src": "https://external-lax3-1.xx.fbcdn.net/safe_image.php?d=AQF9C5u7eI-7QHDL&w=394&h=394&url=https%3A%2F%2Fbuffer-media-uploads.s3.amazonaws.com%2F594595d88dcc952b0d0c5e71%2Fd3c3c3cea9a2e70ba380f751053729fc7acf65a5_fdfc9001b9749f40f88c864db7fc3b2718e3ff37_facebook&cfs=1&sx=165&sy=0&sw=394&sh=394&_nc_cb=1&_nc_hash=AQGFVJHa_Ido5t-g", "width": 394}}, "target": {"url": "http://l.facebook.com/l.php?u=http%3A%2F%2Fbuff.ly%2F2rCBETK&h=AT3BoeVNujWvQVOuBhI1MEyRIhFvdhX4jTWZg4NXqlgn1dDV8mGVSxYT1w3OWmu_gtTkshncFOXpbptoERCiNXkJAyVFwr8A_I_tZ7pYE496iVpEEA5DrpHtJwf_eTQk&s=1"}, "title": "Human trafficking: recognize the signs > Eglin Air Force Base > Display", "type": "share", "url": "http://l.facebook.com/l.php?u=http%3A%2F%2Fbuff.ly%2F2rCBETK&h=AT3BoeVNujWvQVOuBhI1MEyRIhFvdhX4jTWZg4NXqlgn1dDV8mGVSxYT1w3OWmu_gtTkshncFOXpbptoERCiNXkJAyVFwr8A_I_tZ7pYE496iVpEEA5DrpHtJwf_eTQk&s=1"}]}, "id": "1003344626383879_1513383948713275"}