{"created_time": "2017-06-04T11:14:01+0000", "message": "#HelpErase #humantrafficking #CreatingChange", "message_tags": [{"id": "600288956648476", "name": "#helpERASE", "offset": 0, "length": 10}, {"id": "146391798860479", "name": "#humantrafficking", "offset": 11, "length": 17}, {"id": "146366755540354", "name": "#creatingchange", "offset": 29, "length": 15}], "permalink_url": "https://www.facebook.com/1003344626383879/posts/1498034573581546/", "attachments": {"data": [{"description": "It's a crime that is often hidden in plain sight, lurking in all corners of society -- in our neighborhoods, businesses and even parks. According to Homeland Security Investigations, every year\u2026", "media": {"image": {"height": 720, "src": "https://external-lax3-1.xx.fbcdn.net/safe_image.php?d=AQGgWCtYEtRXfDwj&w=720&h=720&url=https%3A%2F%2Fbuffer-previews.s3.amazonaws.com%2Fpreview.247026d7f406f9415c0ce1d890055e93.jpg&cfs=1&_nc_cb=1&_nc_hash=AQGdoqoriqJpiUXM", "width": 720}}, "target": {"url": "http://l.facebook.com/l.php?u=http%3A%2F%2Fbuff.ly%2F2qKQh6R&h=AT0d-onAlv0DIAIhQZuY56Gb-R_GK8yJgh4PjlPN9suMgYyApS-1bBm8k6OCQTo-W5fGCcy2bO-wS0iYbquocNcWyFt0IARs7J0SlUkIGe5gsTRTx2zPfNjLBP4rgB9L&s=1"}, "title": "Officials stress importance of reporting possible human trafficking", "type": "share", "url": "http://l.facebook.com/l.php?u=http%3A%2F%2Fbuff.ly%2F2qKQh6R&h=AT0d-onAlv0DIAIhQZuY56Gb-R_GK8yJgh4PjlPN9suMgYyApS-1bBm8k6OCQTo-W5fGCcy2bO-wS0iYbquocNcWyFt0IARs7J0SlUkIGe5gsTRTx2zPfNjLBP4rgB9L&s=1"}]}, "id": "1003344626383879_1498034573581546"}