{"created_time": "2021-02-11T02:14:12+0000", "message": "We couldn\u2019t resist. \ud83d\ude3b\ud83d\ude39\n#catlawyer #zoommeeting  #funnyvideos #catsofinstagram #texas #imnotacat #court", "message_tags": [{"id": "169050243260273", "name": "#CatLawyer", "offset": 23, "length": 10}, {"id": "213653795425535", "name": "#zoommeeting", "offset": 34, "length": 12}, {"id": "544965928859254", "name": "#funnyvideos", "offset": 48, "length": 12}, {"id": "567463819945233", "name": "#catsofinstagram", "offset": 61, "length": 16}, {"id": "454165764663101", "name": "#Texas", "offset": 78, "length": 6}, {"id": "494177033964753", "name": "#imnotacat", "offset": 85, "length": 10}, {"id": "341460989292853", "name": "#court", "offset": 96, "length": 6}], "place": {"name": "Texas", "location": {"latitude": 31, "longitude": -100}, "id": "108337852519784"}, "permalink_url": "https://www.facebook.com/1003344626383879/posts/3893193884065591/", "attachments": {"data": [{"media": {"image": {"height": 720, "src": "https://scontent-lax3-2.xx.fbcdn.net/v/t15.5256-10/136807940_3893194550732191_681360566496902498_n.jpg?_nc_cat=106&ccb=1-3&_nc_sid=1055be&_nc_ohc=Sz1qhZHmiJQAX_RUDMp&_nc_ht=scontent-lax3-2.xx&oh=65783a4bab06d5ca11ffd3395a7d96cb&oe=60703405", "width": 720}}, "target": {"id": "3893193807398932", "url": "https://www.facebook.com/helperase/videos/3893193807398932/"}, "type": "video_inline", "url": "https://www.facebook.com/helperase/videos/3893193807398932/"}]}, "id": "1003344626383879_3893193884065591"}