{"created_time": "2019-04-10T20:10:05+0000", "message": "Lauri and Brown were arrested Jan. 19 after a 38-year-old woman reported to police that she\u2019d been held against her will and victimized.", "permalink_url": "https://www.facebook.com/1003344626383879/posts/2326766724041656/", "attachments": {"data": [{"description": "Two Lawrence men charged in a human trafficking, rape and kidnapping case are trying to work out plea deals with prosecutors, their attorneys said in court Tuesday. BJ Lauri, 44, and John W. Brown, 51, had been scheduled to have preliminary hearings in Douglas County District Court, where their alle...", "media": {"image": {"height": 598, "src": "https://external-lax3-1.xx.fbcdn.net/safe_image.php?d=AQEOUFi7FKoPzn1q&w=598&h=598&url=https%3A%2F%2Fs3.amazonaws.com%2Fogden_images%2Fwww.ljworld.com%2Fimages%2F2019%2F01%2F24130538%2Flauri-brown-1100x598.jpg&cfs=1&sx=233&sy=0&sw=598&sh=598&_nc_cb=1&_nc_hash=AQGMMyYRG0b0ZOq_", "width": 598}}, "target": {"url": "https://l.facebook.com/l.php?u=https%3A%2F%2Fbuff.ly%2F2P1z6a1&h=AT30gloMpCP0Jy9zadndHqkLj_SrPpDJeJLBzkdrwcPJIRUVl313yq569Fgj7mp8_aFKOY1C5L4e5Xk6itcaXDGILIFI78klSvkGfb6Em0_k9fugSc7q_xLCL-Zkk5hO&s=1"}, "title": "Lawrence men seek plea deals in human trafficking, kidnapping case", "type": "share", "url": "https://l.facebook.com/l.php?u=https%3A%2F%2Fbuff.ly%2F2P1z6a1&h=AT30gloMpCP0Jy9zadndHqkLj_SrPpDJeJLBzkdrwcPJIRUVl313yq569Fgj7mp8_aFKOY1C5L4e5Xk6itcaXDGILIFI78klSvkGfb6Em0_k9fugSc7q_xLCL-Zkk5hO&s=1"}]}, "id": "1003344626383879_2326766724041656"}