{"created_time": "2018-07-12T16:38:01+0000", "permalink_url": "https://www.facebook.com/1003344626383879/posts/1926442990740700/", "attachments": {"data": [{"media": {"image": {"height": 480, "src": "https://scontent-lax3-1.xx.fbcdn.net/v/t1.0-0/p480x480/36957647_10155208076912757_3554579148225642496_o.jpg?_nc_cat=102&ccb=1-3&_nc_sid=dd9801&_nc_ohc=v6kcR5az-x4AX9lkHCb&_nc_ht=scontent-lax3-1.xx&tp=6&oh=c5a0c099081fffd981b5325707c06a3e&oe=60709F68", "width": 720}}, "target": {"id": "157399182756", "url": "https://www.facebook.com/157399182756"}, "title": "The Salvation Army National Capital Area Command's cover photo", "type": "cover_photo", "url": "https://www.facebook.com/157399182756"}]}, "id": "1003344626383879_1926442990740700"}