{"created_time": "2018-07-04T20:10:06+0000", "message": "In later messages, he also asked her to \"get together\" so he could \"train\" her. Barkley went on to talk about having sex with the girl and asked her sexual questions, according to the complaint.\"", "permalink_url": "https://www.facebook.com/1003344626383879/posts/1914343475283985/", "attachments": {"data": [{"description": "Christopher Jason Barkley Jr. faces five felony counts in connection with sex trafficking charges involving a teenage girl and a woman", "media": {"image": {"height": 720, "src": "https://external-lax3-1.xx.fbcdn.net/safe_image.php?d=AQEkx2IfVmzbPFOH&w=720&h=720&url=https%3A%2F%2Fwww.gannett-cdn.com%2F-mm-%2Ff093455ab25f714a402ec25f3c72c9908e71b3f0%2Fc%3D25-204-479-461%2Flocal%2F-%2Fmedia%2F2018%2F07%2F02%2FSaintCloud%2FSaintCloud%2F636661341085311768-Christopher-James-Barkley.jpg%3Fwidth%3D3200%26height%3D1680%26fit%3Dcrop&cfs=1&sx=858&sy=0&sw=1680&sh=1680&_nc_cb=1&_nc_hash=AQFxtpKzBYLg07xW", "width": 720}}, "target": {"url": "https://l.facebook.com/l.php?u=https%3A%2F%2Fbuff.ly%2F2u4tIJf&h=AT3aK9bZ_A0IC05-SBmSv81seJU3KzRwMGTUmbgWXOvDJoQpGSHwYw4tF3IYUykyTtCSoCaJUDbq6uU-dPTxfa1xHsK5O3gH1nmOydY65Wpe5nQz7pqv9JyrZ0L_Qeg6&s=1"}, "title": "Brooten man accused of soliciting, engaging in sex trafficking of a woman and teen girl", "type": "share", "url": "https://l.facebook.com/l.php?u=https%3A%2F%2Fbuff.ly%2F2u4tIJf&h=AT3aK9bZ_A0IC05-SBmSv81seJU3KzRwMGTUmbgWXOvDJoQpGSHwYw4tF3IYUykyTtCSoCaJUDbq6uU-dPTxfa1xHsK5O3gH1nmOydY65Wpe5nQz7pqv9JyrZ0L_Qeg6&s=1"}]}, "id": "1003344626383879_1914343475283985"}