{"created_time": "2018-06-01T14:14:01+0000", "message": "\"The feds seized and closed Backpage because it was being used by sex traffickers, often to sell underage victims \u2014 but experts say the criminals have just moved on.\"\nTraffickers are always changing their tactics which is why educating police officers is so important in the fight against human trafficking.", "permalink_url": "https://www.facebook.com/1003344626383879/posts/1868486819869651/", "attachments": {"data": [{"description": "The FBI\u2019s closure of the sleazy classified-ad site Backpage.com hasn\u2019t made it any harder to buy and sell sex online \u2014 it has just given rise to other flesh-peddling web marketplaces, according to \u2026", "media": {"image": {"height": 720, "src": "https://external-lax3-1.xx.fbcdn.net/safe_image.php?d=AQFhwsxrBqRCI9sQ&w=720&h=720&url=http%3A%2F%2Fthenypost.files.wordpress.com%2F2018%2F05%2Fistock-615834610.jpg%3Fquality%3D90%26strip%3Dall%26w%3D1200&cfs=1&_nc_cb=1&_nc_hash=AQHe632nE8zLPw01", "width": 720}}, "target": {"url": "https://l.facebook.com/l.php?u=https%3A%2F%2Fbuff.ly%2F2LMmX70&h=AT1muAqLWMSi6H4VyKe9OK92ieKj-2x__iDT79tn_ovVR6ASIVWosOSX7YfMaQs3Vk_cTn1PHmPEhZhpeO_5reXjyynKdLH4wNDTB-FglMDxIxE-TgQEBYNaRVYv10ng&s=1"}, "title": "Backpage closure hasn\u2019t made it any harder for sex traffickers", "type": "share", "url": "https://l.facebook.com/l.php?u=https%3A%2F%2Fbuff.ly%2F2LMmX70&h=AT1muAqLWMSi6H4VyKe9OK92ieKj-2x__iDT79tn_ovVR6ASIVWosOSX7YfMaQs3Vk_cTn1PHmPEhZhpeO_5reXjyynKdLH4wNDTB-FglMDxIxE-TgQEBYNaRVYv10ng&s=1"}]}, "id": "1003344626383879_1868486819869651"}