{"created_time": "2018-05-21T14:14:14+0000", "message": "Michigan State Police discussing #humantrafficking.", "message_tags": [{"id": "114238542215", "name": "Michigan State Police", "type": "page", "offset": 0, "length": 21}, {"id": "146391798860479", "name": "#humantrafficking", "offset": 33, "length": 17}], "permalink_url": "https://www.facebook.com/1003344626383879/posts/1857515157633484/", "attachments": {"data": [{"media": {"image": {"height": 640, "src": "https://scontent-lax3-1.xx.fbcdn.net/v/t15.5256-10/29784200_10156646735182216_2566380144910401536_n.jpg?_nc_cat=109&ccb=1-3&_nc_sid=ad6a45&_nc_ohc=Qjo6tchAF94AX_yh5AQ&_nc_ht=scontent-lax3-1.xx&oh=8079eeb75541bcf6865f772136e3a214&oe=606F04FE", "width": 360}}, "target": {"id": "10156646670087216", "url": "https://www.facebook.com/MichiganStatePolice/videos/10156646670087216/"}, "type": "video_inline", "url": "https://www.facebook.com/MichiganStatePolice/videos/10156646670087216/"}]}, "id": "1003344626383879_1857515157633484"}