{"created_time": "2018-04-01T14:14:01+0000", "message": "I\u2019m Not For Sale is an organization dedicated to raising awareness for sex trafficking in the state of Nebraska. These students want to shine light on a dark issue by advocating for those who are trapped in modern-day slavery.", "permalink_url": "https://www.facebook.com/1003344626383879/posts/1807882852596715/", "attachments": {"data": [{"description": "As human trafficking becomes more prevalent around the world and Nebraska, a group of four University of Nebraska\u2013Lincoln students felt the need to take a stand and help spread awareness", "media": {"image": {"height": 630, "src": "https://scontent-lax3-1.xx.fbcdn.net/v/t45.1600-4/c124.0.630.630a/p640x640/30754666_6087446836598_8996558799682666496_n.png?_nc_cat=101&ccb=1-3&_nc_sid=eaa83b&_nc_ohc=CdG72THhwtUAX9llgAF&_nc_ht=scontent-lax3-1.xx&_nc_tp=30&oh=8b5e0de57101aa39e9015e9bb99e2abf&oe=606F35A7", "width": 630}}, "target": {"url": "https://l.facebook.com/l.php?u=https%3A%2F%2Fbuff.ly%2F2J0dFmB&h=AT1U9WhGYAD2tV8wc5BRmMG44dxKHKucmhhUy9YYRmHxRbB1nl9yD7Xng9mHZEBhOItxWEY_qgCk9Wd6Abjsf6ZgfF691b20QhdaW3DdymzDfPWnEVcCx1Ix4_zcEHb6&s=1"}, "title": "Four UNL students raise awareness for sex trafficking in Nebraska", "type": "share", "url": "https://l.facebook.com/l.php?u=https%3A%2F%2Fbuff.ly%2F2J0dFmB&h=AT1U9WhGYAD2tV8wc5BRmMG44dxKHKucmhhUy9YYRmHxRbB1nl9yD7Xng9mHZEBhOItxWEY_qgCk9Wd6Abjsf6ZgfF691b20QhdaW3DdymzDfPWnEVcCx1Ix4_zcEHb6&s=1"}]}, "id": "1003344626383879_1807882852596715"}