{"created_time": "2018-03-29T17:26:57+0000", "message": "Looking forward to watching this. A greater awareness is needed when it comes to child sex trafficking. Digital Reasoning\u2019s software made for Thorn has given law enforcement crucial tools in the fights against sex trafficking.", "message_tags": [{"id": "372007624109", "name": "Digital Reasoning", "type": "page", "offset": 104, "length": 17}, {"id": "466164103423147", "name": "Thorn", "type": "page", "offset": 142, "length": 5}], "permalink_url": "https://www.facebook.com/1003344626383879/posts/1804901049561562/", "attachments": {"data": [{"description": "\"48 Hours\" Live to Tell: A 15-year-old runs away in search of love only to be held captive by a sex trafficker & Ashton Kutcher opens up about what he\u2019s doing to stop kids from being exploited. CBS News' Michelle Miller reports Saturday, March 31 at 10 p.m. ET/PT on CBS.", "media": {"image": {"height": 630, "src": "https://scontent-lax3-1.xx.fbcdn.net/v/t45.1600-4/c294.0.630.630a/p640x640/29962760_6092738210440_5050112268503613440_n.png?_nc_cat=104&ccb=1-3&_nc_sid=eaa83b&_nc_ohc=ElSP9kyyqT4AX98Vzin&_nc_ht=scontent-lax3-1.xx&_nc_tp=30&oh=8f474b6b2173dcd84db7eba0f1b9583d&oe=60709497", "width": 630}}, "target": {"url": "https://l.facebook.com/l.php?u=https%3A%2F%2Fcbsn.ws%2F2Gt7rNF&h=AT0E-A__icFDHglw1KqoXCLr939Ixtbiw0OjEOQY3ggSFyohTVyD6DXbogaZ7xB_m7WNWPZ0TU_92mO2CoUgXOQHzbChOUDMkx5p1v-ly4Esw86x-w1cv8C54uOn7sf4&s=1"}, "title": "Sneak peek: \"48 Hours\" Live to Tell: Trafficked", "type": "share", "url": "https://l.facebook.com/l.php?u=https%3A%2F%2Fcbsn.ws%2F2Gt7rNF&h=AT0E-A__icFDHglw1KqoXCLr939Ixtbiw0OjEOQY3ggSFyohTVyD6DXbogaZ7xB_m7WNWPZ0TU_92mO2CoUgXOQHzbChOUDMkx5p1v-ly4Esw86x-w1cv8C54uOn7sf4&s=1"}]}, "id": "1003344626383879_1804901049561562"}