{"created_time": "2018-03-13T20:04:03+0000", "message": "What are our parents and schools doing to educate our kids about the real threat of human trafficking? Is it realized that more than half of human trafficking victims in the United States are minors?", "permalink_url": "https://www.facebook.com/1003344626383879/posts/1788054181246249/", "attachments": {"data": [{"description": "Our Sin City is known for being one of the worst cities in the nation for sex trafficking to thrive.", "media": {"image": {"height": 720, "src": "https://external-lax3-1.xx.fbcdn.net/safe_image.php?d=AQFJlO6yL6XN_A5h&w=720&h=720&url=https%3A%2F%2Fwww.reviewjournal.com%2Fwp-content%2Fuploads%2F2018%2F03%2F10231087_web1_10041084-59e6cd3f3b654bf3b48fde2f1ef823c0.jpg&cfs=1&_nc_cb=1&_nc_hash=AQG39B-RC63ctGEh", "width": 720}}, "target": {"url": "https://l.facebook.com/l.php?u=https%3A%2F%2Fbuff.ly%2F2Il2Bjv&h=AT0ULlml-I8uY8NPdW-p_3-yc-YpLpaiHs8A7fkiZtkaMljptesGmJH3x16vHQyJBWXSBYfjPliMjG8wMOjT0lYQQEB49udsebg2Xsu054jlT186A6sFlw4hVvg2LW8j&s=1"}, "title": "Clark County schools should teach kids about human trafficking", "type": "share", "url": "https://l.facebook.com/l.php?u=https%3A%2F%2Fbuff.ly%2F2Il2Bjv&h=AT0ULlml-I8uY8NPdW-p_3-yc-YpLpaiHs8A7fkiZtkaMljptesGmJH3x16vHQyJBWXSBYfjPliMjG8wMOjT0lYQQEB49udsebg2Xsu054jlT186A6sFlw4hVvg2LW8j&s=1"}]}, "id": "1003344626383879_1788054181246249"}