{"created_time": "2019-05-15T20:10:04+0000", "message": "With their eyes on the Super Bowl and WrestleMania, officials are looking for new ways to ensure victims are not trafficked for sex or labor.", "permalink_url": "https://www.facebook.com/1003344626383879/posts/2387320117986316/", "attachments": {"data": [{"description": "With their eyes on the Super Bowl and WrestleMania, officials are looking for new ways to ensure victims are not trafficked for sex or labor.", "media": {"image": {"height": 640, "src": "https://external-lax3-1.xx.fbcdn.net/safe_image.php?d=AQHjyEGaLu9Cvnrp&w=640&h=640&url=https%3A%2F%2Fcdn.cltampa.com%2Ffiles%2Fbase%2Fscomm%2Fcltampa%2Fimage%2F2019%2F05%2F960w%2FAdobeStock_138264793.5cdb130607fa4.jpg&cfs=1&_nc_cb=1&_nc_hash=AQELYjTPEdyEVi67", "width": 640}}, "target": {"url": "https://l.facebook.com/l.php?u=https%3A%2F%2Fbuff.ly%2F30d5vQa&h=AT2Wqb37LKBvoE1-37_44C3LuHuKIKfT7qYP182PszXAH9RZikfuV_Rhs5QRT6T0chcF5x4F3wu2Xv9r2VXjBYk-HAkxcxL2b60GTO7Fu_mcJPbFcMAfs_45r_rM5-1r&s=1"}, "title": "Florida may soon have a prostitution registry for pimps and johns", "type": "share", "url": "https://l.facebook.com/l.php?u=https%3A%2F%2Fbuff.ly%2F30d5vQa&h=AT2Wqb37LKBvoE1-37_44C3LuHuKIKfT7qYP182PszXAH9RZikfuV_Rhs5QRT6T0chcF5x4F3wu2Xv9r2VXjBYk-HAkxcxL2b60GTO7Fu_mcJPbFcMAfs_45r_rM5-1r&s=1"}]}, "id": "1003344626383879_2387320117986316"}