{"created_time": "2017-11-30T21:04:01+0000", "permalink_url": "https://www.facebook.com/1003344626383879/posts/1680137315371270/", "attachments": {"data": [{"description": "The Montana Department of Justice says the number of child trafficking victims rescued in our state increased by 400 percent between 2015 and 2016. That's why Montana is joining nine other states in\u2026", "media": {"image": {"height": 720, "src": "https://external-lax3-1.xx.fbcdn.net/safe_image.php?d=AQEhQOJpwAyplt02&w=720&h=720&url=https%3A%2F%2Fbuffer-media-uploads.s3.amazonaws.com%2F5a1a2f8309df6a3b0e755dd1%2Fa5dfc157da97acb6b8262c2882250292f46d77dd_390c662cbb5679493d9e5407a18c579b8ce07f30_facebook&cfs=1&_nc_cb=1&_nc_hash=AQG4DX49E_-BnoXg", "width": 720}}, "target": {"url": "http://l.facebook.com/l.php?u=http%3A%2F%2Fj.mp%2F2BaPo8E&h=AT2d0YN8dEBKIn_K62ah4aNyv1eJulgJH4hemwfYbvNkcJm_SbV2D8Hr1E9LZIvXOHD6qiawtLlQVEt1LG96Hy6Ovqb0oA_r3SkjHSk9a5sWKCxIXKmT3cW6gctodDY0&s=1"}, "title": "Statewide campaign fights child sex trafficking", "type": "share", "url": "http://l.facebook.com/l.php?u=http%3A%2F%2Fj.mp%2F2BaPo8E&h=AT2d0YN8dEBKIn_K62ah4aNyv1eJulgJH4hemwfYbvNkcJm_SbV2D8Hr1E9LZIvXOHD6qiawtLlQVEt1LG96Hy6Ovqb0oA_r3SkjHSk9a5sWKCxIXKmT3cW6gctodDY0&s=1"}]}, "id": "1003344626383879_1680137315371270"}