{"created_time": "2017-11-25T15:14:07+0000", "message": "Walk held against human sex trafficking in Allerton\n\"These girls are being coerced, they're being snatched, they're being tricked, & they are being sold into slavery. So, we are dealing with modern-day slavery\"", "permalink_url": "https://www.facebook.com/1003344626383879/posts/1673873039331031/", "attachments": {"data": [{"description": "Girls in the Bronx took the lead in a walk against human sex trafficking Saturday.", "media": {"image": {"height": 360, "src": "https://external-lax3-1.xx.fbcdn.net/safe_image.php?d=AQHGkRJLlXWZk1ln&w=360&h=360&url=https%3A%2F%2Fbuffer-media-uploads.s3.amazonaws.com%2F5a13a56109df6aa1508c078d%2Fb153a0834a3b00fce4d29e21ffe32ac30e898460_c4880363d80b79084fd88d92233b51b2ea104278_facebook&cfs=1&_nc_cb=1&_nc_hash=AQHoENDD1Kw9Dftw", "width": 360}}, "target": {"url": "http://l.facebook.com/l.php?u=http%3A%2F%2Fj.mp%2F2iC0som&h=AT2FDiwB486WhWSx73hYD6BZchW4EcLGgWnelyG6xqWqNqciEXu74vvWYjYCLf1XxY8M0tk0dRefZ_gNwfI08u2-6Ir3-yVPq1KAkfTkSeYteVLDpkIfkTGZSnERWJXB&s=1"}, "title": "Walk held against human sex trafficking in Allerton", "type": "share", "url": "http://l.facebook.com/l.php?u=http%3A%2F%2Fj.mp%2F2iC0som&h=AT2FDiwB486WhWSx73hYD6BZchW4EcLGgWnelyG6xqWqNqciEXu74vvWYjYCLf1XxY8M0tk0dRefZ_gNwfI08u2-6Ir3-yVPq1KAkfTkSeYteVLDpkIfkTGZSnERWJXB&s=1"}]}, "id": "1003344626383879_1673873039331031"}