{"created_time": "2017-11-15T15:14:01+0000", "message": "Church Hosts Anti-Human Trafficking Class.\nA Middle Tennessee church teamed up with the Tennessee Bureau of Investigation on Sunday to inform people about how to spot victims of the growing issue", "permalink_url": "https://www.facebook.com/1003344626383879/posts/1663535130364822/", "attachments": {"data": [{"description": "Human sex trafficking has been a crime that often goes unnoticed and unreported. A Middle Tennessee church teamed up with the Tennessee Bureau of Investigation on Sunday to inform people about how to\u2026", "media": {"image": {"height": 360, "src": "https://external-lax3-1.xx.fbcdn.net/safe_image.php?d=AQFoMGy2tDrQCUlW&w=360&h=360&url=https%3A%2F%2Fbuffer-media-uploads.s3.amazonaws.com%2F5a09d9e27bcaa40142f7ed64%2F5df6851d4da3848ed18bdbfd1a2519f481084318_72c734bd4abeb743823144d7bcf23de6e170fa0f_facebook&cfs=1&_nc_cb=1&_nc_hash=AQF5HHQHt8iNRXYz", "width": 360}}, "target": {"url": "http://l.facebook.com/l.php?u=http%3A%2F%2Fj.mp%2F2yxgbuN&h=AT2fvECIfNf6KOJDCEfbymsc1tlOT9FfkskBanacZ1Bw-Rqt_SM4du2h13f8JaSXI_tv081v3A6uMt3_gcWxUq5P-f_4VtdrYig_bVKqWrVuBF8hrTB2YAtsZDWowggc&s=1"}, "title": "Church Hosts Anti-Human Trafficking Class", "type": "share", "url": "http://l.facebook.com/l.php?u=http%3A%2F%2Fj.mp%2F2yxgbuN&h=AT2fvECIfNf6KOJDCEfbymsc1tlOT9FfkskBanacZ1Bw-Rqt_SM4du2h13f8JaSXI_tv081v3A6uMt3_gcWxUq5P-f_4VtdrYig_bVKqWrVuBF8hrTB2YAtsZDWowggc&s=1"}]}, "id": "1003344626383879_1663535130364822"}