{"created_time": "2017-11-10T21:04:13+0000", "message": "One national survey found hotels and motels to be the single-most common venue for sex trafficking in Florida during the first half of 2017, with 1 out of every 6 cases taking place there. The ability to rent rooms for short periods of time and to have a degree of anonymity can make hotels attractive to human traffickers, victims advocates say.", "permalink_url": "https://www.facebook.com/1003344626383879/posts/1658923467492655/", "attachments": {"data": [{"description": "To the rest of the world, it looked like a hotel off Interstate 95. To Robert Atlee Miner V, authorities allege, it was a classroom \u2014 one where he taught a", "media": {"image": {"height": 683, "src": "https://external-lax3-1.xx.fbcdn.net/safe_image.php?d=AQG8A0jHQCf2RukF&w=683&h=683&url=https%3A%2F%2Fbuffer-media-uploads.s3.amazonaws.com%2F5a01ea6bf8594cd12644d911%2F12608af4f350dcc0ebe1fb3d3fa2815efc64dcfb_4db4cf9261dc1a45263a9678f05cde50124eb222_facebook&cfs=1&_nc_cb=1&_nc_hash=AQFVlXyAbz3GthtE", "width": 683}}, "target": {"url": "http://l.facebook.com/l.php?u=http%3A%2F%2Fj.mp%2F2m113Eh&h=AT3pkXOiTuBUEiPa_gLSDhKzR_bz8IleLzVjhS0ExAJmi12L22_FM35cxGib4IRfj0RKbQOhtGlK3cEHqZqwBd0M-FaAtgHRe1dEi9np0demiGhBX0wy16EandyE-hgi&s=1"}, "title": "Hotel and Motel Employees Can Be a Force in Spotting Human-Trafficking", "type": "share", "url": "http://l.facebook.com/l.php?u=http%3A%2F%2Fj.mp%2F2m113Eh&h=AT3pkXOiTuBUEiPa_gLSDhKzR_bz8IleLzVjhS0ExAJmi12L22_FM35cxGib4IRfj0RKbQOhtGlK3cEHqZqwBd0M-FaAtgHRe1dEi9np0demiGhBX0wy16EandyE-hgi&s=1"}]}, "id": "1003344626383879_1658923467492655"}