{"created_time": "2019-03-12T14:04:02+0000", "message": "\"At the motel, a woman told her she would have to prostitute herself to earn the money she\u2019d need to get home. She refused and was beaten and \u201cdragged on the floor of the hotel,\u201d", "permalink_url": "https://www.facebook.com/1003344626383879/posts/2279124445472551/", "attachments": {"data": [{"description": "A California woman was forced into prostitution after she accepted an offer from a man on Instagram to visit Orlando, officials said.", "media": {"image": {"height": 675, "src": "https://external-lax3-1.xx.fbcdn.net/safe_image.php?d=AQFYgq3zch1ok6Pf&w=675&h=675&url=https%3A%2F%2Fkubrick.htvapps.com%2Fhtv-prod-media.s3.amazonaws.com%2Fimages%2Fposter-2019-03-11t165032-578-1552337942.jpg%3Fcrop%3D1.00xw%3A1.00xh%3B0%2C0%26resize%3D1200%3A%2A&cfs=1&sx=284&sy=0&sw=675&sh=675&_nc_cb=1&_nc_hash=AQGVO61EclBwRfRr", "width": 675}}, "target": {"url": "https://l.facebook.com/l.php?u=https%3A%2F%2Fbuff.ly%2F2O1NX44&h=AT0ySyAnrEwfz952kafLoydmGLQI4vQ40V1KaZW5LQ6w40411Hegb-pZlLRhpUh5SruPHl92qb13nEGj5qTbjQoEbxq-HUFRVSFveQN2N4zwDh5BKchVPJGqFnS0ELEf&s=1"}, "title": "Woman forced into prostitution after accepting free trip to Orlando, officials say", "type": "share", "url": "https://l.facebook.com/l.php?u=https%3A%2F%2Fbuff.ly%2F2O1NX44&h=AT0ySyAnrEwfz952kafLoydmGLQI4vQ40V1KaZW5LQ6w40411Hegb-pZlLRhpUh5SruPHl92qb13nEGj5qTbjQoEbxq-HUFRVSFveQN2N4zwDh5BKchVPJGqFnS0ELEf&s=1"}]}, "id": "1003344626383879_2279124445472551"}