{"created_time": "2017-11-06T21:04:14+0000", "message": "\u201cWhat we do is we empower them to make decision for themselves and to build the life that they want to build,\u201d White said. \u201cSome of them are in jail, some of them are in rehab, some are living in group homes, some are living on couches all over town, we have women living out of their cars.\u201d", "permalink_url": "https://www.facebook.com/1003344626383879/posts/1655111977873804/", "attachments": {"data": [{"description": "Rachel White, the founder of Her Song wanted to give them a safe place to get back on their feet.", "media": {"image": {"height": 720, "src": "https://external-lax3-1.xx.fbcdn.net/safe_image.php?d=AQEINPV8LEQ_cXjr&w=720&h=720&url=https%3A%2F%2Fbuffer-media-uploads.s3.amazonaws.com%2F59fc79bef8594cf46cfbb7ee%2F3b0edb5e9f15f4a764094539f1a755518ae2ff3d_da17f713c053694818ffb35d693b9314670e042d_facebook&cfs=1&_nc_cb=1&_nc_hash=AQEA8vklhsCi-D9q", "width": 720}}, "target": {"url": "http://l.facebook.com/l.php?u=http%3A%2F%2Fj.mp%2F2yrdhvF&h=AT28QYb5fW4w2edr8rLm-9QvMuB1VredhvkgDXiECH4U4RaYoZ6SvqWKrIUOPM9r0wKuCa85Pz7Dp6-DRR5yK03emR3uYdbBvUhPDOTWW_LV4OuZJ_Fnme0PrHKqWC1o&s=1"}, "title": "First home for human trafficking victims created in Northeast Florida", "type": "share", "url": "http://l.facebook.com/l.php?u=http%3A%2F%2Fj.mp%2F2yrdhvF&h=AT28QYb5fW4w2edr8rLm-9QvMuB1VredhvkgDXiECH4U4RaYoZ6SvqWKrIUOPM9r0wKuCa85Pz7Dp6-DRR5yK03emR3uYdbBvUhPDOTWW_LV4OuZJ_Fnme0PrHKqWC1o&s=1"}]}, "id": "1003344626383879_1655111977873804"}