{"created_time": "2017-11-03T14:14:00+0000", "message": "At the conference, members of law enforcement, social workers, and educators learned more about how to spot the issue and how to take action against it. A metro licensed child and adolescent therapist says she's taking what she learned at the conference and applying it at work right away.", "permalink_url": "https://www.facebook.com/1003344626383879/posts/1651817468203255/", "attachments": {"data": [{"description": "AMES, Iowa  --  Later this week, the Iowa Department of Public Safety plans to release its annual report on crime in the state. Among the statistics will be the latest number of reported human\u2026", "media": {"image": {"height": 675, "src": "https://external-lax3-1.xx.fbcdn.net/safe_image.php?d=AQELJO982qtx3kjC&w=675&h=675&url=https%3A%2F%2Fbuffer-media-uploads.s3.amazonaws.com%2F59f9d117004df9292ab46797%2F8de91381cb88ef9649f4be0bd600c1aa6aa83103_493c8ddd3fef0189ae959a234bd91757401d384a_facebook&cfs=1&sx=379&sy=0&sw=675&sh=675&_nc_cb=1&_nc_hash=AQGvc8lpv8hP6EU9", "width": 675}}, "target": {"url": "http://l.facebook.com/l.php?u=http%3A%2F%2Fj.mp%2F2yjRRAx&h=AT1KQUVQhXBo4rZs560hlA0KXO91jBS6vHAdwQ1sLbAAo0wTL_OAeLvPJGx6GT0MR-Qq1zR7rYXbBhcVEhUlHBl53ncqEba-D6YxoztvnCw0utf-J3VUFMFLe-NWch21&s=1"}, "title": "Human Trafficking Summit Raises Awareness, Inspires People to Take Action", "type": "share", "url": "http://l.facebook.com/l.php?u=http%3A%2F%2Fj.mp%2F2yjRRAx&h=AT1KQUVQhXBo4rZs560hlA0KXO91jBS6vHAdwQ1sLbAAo0wTL_OAeLvPJGx6GT0MR-Qq1zR7rYXbBhcVEhUlHBl53ncqEba-D6YxoztvnCw0utf-J3VUFMFLe-NWch21&s=1"}]}, "id": "1003344626383879_1651817468203255"}