{"created_time": "2019-07-12T14:20:25+0000", "message": "R. Kelly Arrested on \u202cFederal Sex Trafficking Charges. -13 counts including sex crimes, child pornography and obstruction of justice. \u202c\n\u202d-Federal Prosecutors have a conviction rate above 95%. \u202c\n\u202d#HelpERASE #ChildTrafficking\u202c\n#rkelly #chicago #crime \ud83d\udeab#abovethelaw #timesup", "message_tags": [{"id": "600288956648476", "name": "#helpERASE", "offset": 195, "length": 10}, {"id": "303379326455737", "name": "#childtrafficking", "offset": 206, "length": 17}, {"id": "420308714726395", "name": "#rkelly", "offset": 225, "length": 7}, {"id": "231258370332508", "name": "#Chicago", "offset": 233, "length": 8}, {"id": "137286696447276", "name": "#Crime", "offset": 242, "length": 6}, {"id": "136286109877082", "name": "#abovethelaw", "offset": 250, "length": 12}, {"id": "528464250526100", "name": "#TimesUp", "offset": 263, "length": 8}], "permalink_url": "https://www.facebook.com/helperase/photos/a.1029649477086727/2490020854382908/?type=3", "attachments": {"data": [{"description": "R. Kelly Arrested on \u202cFederal Sex Trafficking Charges. -13 counts including sex crimes, child pornography and obstruction of justice. \u202c\n\u202d-Federal Prosecutors have a conviction rate above 95%. \u202c\n\u202d#HelpERASE #ChildTrafficking\u202c\n#rkelly #chicago #crime \ud83d\udeab#abovethelaw #timesup", "media": {"image": {"height": 720, "src": "https://scontent-lax3-1.xx.fbcdn.net/v/t1.0-9/p720x720/66687166_2490020861049574_534850645283307520_o.jpg?_nc_cat=102&ccb=1-3&_nc_sid=2d5d41&_nc_ohc=qi0GaEt3fcAAX_LxQac&_nc_ht=scontent-lax3-1.xx&tp=6&oh=aade85f511c2a9e067a2078e10d169a4&oe=6070785C", "width": 720}}, "target": {"id": "2490020854382908", "url": "https://www.facebook.com/helperase/photos/a.1029649477086727/2490020854382908/?type=3"}, "title": "Timeline Photos", "type": "photo", "url": "https://www.facebook.com/helperase/photos/a.1029649477086727/2490020854382908/?type=3"}]}, "id": "1003344626383879_2490020854382908"}