{"created_time": "2017-09-21T00:42:19+0000", "message": "This is a great video on conflict resolution for you and your child. The more knowledge children have about handling difficult situations the more empowered they become.", "permalink_url": "https://www.facebook.com/1003344626383879/posts/1609693922415610/", "attachments": {"data": [{"media": {"image": {"height": 405, "src": "https://scontent-lax3-1.xx.fbcdn.net/v/t15.5256-10/s720x720/21876414_759168017602023_5732242350298628096_n.jpg?_nc_cat=108&ccb=1-3&_nc_sid=ad6a45&_nc_ohc=sItR6khVmTMAX8_XV70&_nc_ht=scontent-lax3-1.xx&tp=7&oh=460770bce0e3672236aefeffe677e74d&oe=606F8769", "width": 720}}, "target": {"id": "759167467602078", "url": "https://www.facebook.com/nationalconflictresolutioncenter/videos/759167467602078/"}, "title": "Teaching Kids How to Resolve Conflict", "type": "video", "url": "https://www.facebook.com/nationalconflictresolutioncenter/videos/759167467602078/"}]}, "id": "1003344626383879_1609693922415610"}