{"created_time": "2017-07-29T13:14:00+0000", "message": "\"I don\u2019t think we want to be sneaking around. Instead, we want to be upfront about our intentions and keeping tabs on what\u2019s going on online because that\u2019s part of our job as parents.\u201d", "permalink_url": "https://www.facebook.com/1003344626383879/posts/1561363143915355/", "attachments": {"data": [{"description": "In an age where nearly one in five young Canadians (ages 15 to 29) report having experienced cyberbullying acc...", "media": {"image": {"height": 333, "src": "https://external-lax3-1.xx.fbcdn.net/safe_image.php?d=AQEw0GDi6TevN5UU&w=333&h=333&url=https%3A%2F%2Fbuffer-media-uploads.s3.amazonaws.com%2F597b553614bfa122226f56e4%2Fb530c2ff95ac789dcbf7101688b1a4d6567c2d30_9553053744954777278a9156b3de3057cba619e6_facebook&cfs=1&_nc_cb=1&_nc_hash=AQEWCTxXs1-sCExi", "width": 333}}, "target": {"url": "http://l.facebook.com/l.php?u=http%3A%2F%2Fbuff.ly%2F2v6qUh4&h=AT2j_LoqChhEfm8yGNYhAifmN0dnPo31-BX-6yNnrUTy32-LjpM2uiZzlGU0IzEXzsFlKAwXFzLj-kU916daVxwM_9zf0L11XcJDbJiroC3BLsURl_HzJQsgcgNEnF0b&s=1"}, "title": "Is it ever OK to snoop on your child's social media? It depends", "type": "share", "url": "http://l.facebook.com/l.php?u=http%3A%2F%2Fbuff.ly%2F2v6qUh4&h=AT2j_LoqChhEfm8yGNYhAifmN0dnPo31-BX-6yNnrUTy32-LjpM2uiZzlGU0IzEXzsFlKAwXFzLj-kU916daVxwM_9zf0L11XcJDbJiroC3BLsURl_HzJQsgcgNEnF0b&s=1"}]}, "id": "1003344626383879_1561363143915355"}