{"created_time": "2017-07-25T23:04:07+0000", "message": "Here's the difference between human trafficking and human smuggling", "permalink_url": "https://www.facebook.com/1003344626383879/posts/1557714347613568/", "attachments": {"data": [{"description": "Nine people died in Texas after being driven in the back of a broiling hot 18-wheeler. Officials have called it both trafficking and smuggling. So who's right?", "media": {"image": {"height": 720, "src": "https://external-lax3-1.xx.fbcdn.net/safe_image.php?d=AQHMxrFr2Z33dsS9&w=720&h=720&url=https%3A%2F%2Fbuffer-media-uploads.s3.amazonaws.com%2F59776dd838a2379b111a14e3%2F209daf2e7d14c4b33702edd093502d6f8ba069bb_bc9a1c2b4e34e0061ca4a27ef2aac9b259719708_facebook&cfs=1&_nc_cb=1&_nc_hash=AQHXpL8RWZoxAJQL", "width": 720}}, "target": {"url": "http://l.facebook.com/l.php?u=http%3A%2F%2Fbuff.ly%2F2uxqXjj&h=AT2L5AAcaeEOpEaw9789Y3_q9DB3ZWySV30CgDtJweQDo24-iPhHcOWdv4PbRSmgKptek9TdEfEXvHcYnpoqacx3MRrAJvp7yttdK-e1_taZwYr0ej9g7uT0FepFEqKH&s=1"}, "title": "Here's the difference between human trafficking and human smuggling", "type": "share", "url": "http://l.facebook.com/l.php?u=http%3A%2F%2Fbuff.ly%2F2uxqXjj&h=AT2L5AAcaeEOpEaw9789Y3_q9DB3ZWySV30CgDtJweQDo24-iPhHcOWdv4PbRSmgKptek9TdEfEXvHcYnpoqacx3MRrAJvp7yttdK-e1_taZwYr0ej9g7uT0FepFEqKH&s=1"}]}, "id": "1003344626383879_1557714347613568"}