{"created_time": "2017-06-21T21:16:25+0000", "message": "Sex Traffickers will use social media to lure teens. Parents, it's important to know who your children are talking to online. Luckily, in this case, the trafficker was talking to an undercover detective and was arrested. \n#EducateYourself #Protect\nhttp://bit.ly/2sC0dxc", "message_tags": [{"id": "500888956642517", "name": "#educateyourself", "offset": 222, "length": 16}, {"id": "442454609165046", "name": "#Protect", "offset": 239, "length": 8}], "permalink_url": "https://www.facebook.com/1003344626383879/posts/1517538148297855/", "attachments": {"data": [{"description": "Martin County Sheriff William Snyder announced on Wednesday, the arrest of 31-year old Christopher Koeper on one count of human trafficking.Later in the day, a judge ordered the Port St. Lucie man held without bond.We feel it's extraordinarily dangerous, b", "target": {"url": "https://l.facebook.com/l.php?u=https%3A%2F%2Fbit.ly%2F2sC0dxc&h=AT1M-J7eT48_KvzEEEC6bPv0ztU8Srw_4XViUMnCOMo0oNlul4M09g2-89TJA_k3QJd6VPNaDzqiXP7-594IYVNS5PNFyc6YyGpzg8szYe0iLJpZapWyXpdB4g2U-3-i&s=1"}, "title": "Sheriff says human trafficking case 'is bigger than it looks.'", "type": "share", "url": "https://l.facebook.com/l.php?u=https%3A%2F%2Fbit.ly%2F2sC0dxc&h=AT1M-J7eT48_KvzEEEC6bPv0ztU8Srw_4XViUMnCOMo0oNlul4M09g2-89TJA_k3QJd6VPNaDzqiXP7-594IYVNS5PNFyc6YyGpzg8szYe0iLJpZapWyXpdB4g2U-3-i&s=1"}]}, "id": "1003344626383879_1517538148297855"}