{"created_time": "2019-02-05T15:04:01+0000", "message": "\"As sad as it is, human trafficking is all too real of a concern. It can happen at any age, in any state and in any town. Iowa is helping lead the charge against trafficking by being the first state to require all school bus drivers to learn the signs of human trafficking.\"", "permalink_url": "https://www.facebook.com/1003344626383879/posts/2226096967441966/", "attachments": {"data": [{"description": "ANKENY, Iowa -- School might be out for the weekend, but school bus drivers are in the classroom learning the signs of human trafficking. \u201cIt's sad our society has went this way, yes it is,\u201d said instructor Joe Sullivan. As sad as it is, human trafficking is all too real of a concern. It can hap...", "media": {"image": {"height": 675, "src": "https://external-lax3-1.xx.fbcdn.net/safe_image.php?d=AQFC1c-1H-dqpuuA&w=675&h=675&url=http%3A%2F%2Flocaltvwhotv.files.wordpress.com%2F2019%2F02%2Fpromo373421494.jpg%3Fquality%3D85%26strip%3Dall%26w%3D1200&cfs=1&_nc_cb=1&_nc_hash=AQFyZpg9hl0jJyue", "width": 675}}, "target": {"url": "https://l.facebook.com/l.php?u=https%3A%2F%2Fbuff.ly%2F2WDMGno&h=AT3hLoewHo_eQDYaj-WQbj135lE_iH8rdEjFzU-YoJ33zo62NRT9z4VgtedTG00tDO5cjCcjkAtS5OIqktw4uhQJ_j9Lm0ixAx7NpvjQUpG9vfr0EZZlwUp_TXxaSHEA&s=1"}, "title": "Iowa Bus Drivers Getting Schooled on Human Trafficking Warning Signs", "type": "share", "url": "https://l.facebook.com/l.php?u=https%3A%2F%2Fbuff.ly%2F2WDMGno&h=AT3hLoewHo_eQDYaj-WQbj135lE_iH8rdEjFzU-YoJ33zo62NRT9z4VgtedTG00tDO5cjCcjkAtS5OIqktw4uhQJ_j9Lm0ixAx7NpvjQUpG9vfr0EZZlwUp_TXxaSHEA&s=1"}]}, "id": "1003344626383879_2226096967441966"}