{"created_time": "2017-06-03T11:14:01+0000", "message": "Human trafficking still a top priority #HelpErase #humantrafficking #CreatingChange", "message_tags": [{"id": "600288956648476", "name": "#helpERASE", "offset": 39, "length": 10}, {"id": "146391798860479", "name": "#humantrafficking", "offset": 50, "length": 17}, {"id": "146366755540354", "name": "#creatingchange", "offset": 68, "length": 15}], "permalink_url": "https://www.facebook.com/1003344626383879/posts/1496986773686326/", "attachments": {"data": [{"description": "There are certain issues where no matter how many times you read about them, hear about them, or talk to folks who have lived through them, you just don\u2019t understand", "media": {"image": {"height": 419, "src": "https://external-lax3-1.xx.fbcdn.net/safe_image.php?d=AQFWwN7rg47XOEla&w=419&h=419&url=https%3A%2F%2Fbloximages.chicago2.vip.townnews.com%2Frapidcityjournal.com%2Fcontent%2Ftncms%2Fassets%2Fv3%2Feditorial%2Fa%2F00%2Fa00bce83-1c0a-5fd7-809b-206814a49d10%2F57565434d6ac8.image.jpg%3Fresize%3D419%252C630&cfs=1&sx=0&sy=28&sw=419&sh=419&_nc_cb=1&_nc_hash=AQGGv7apLwb18p62", "width": 419}}, "target": {"url": "http://l.facebook.com/l.php?u=http%3A%2F%2Fbuff.ly%2F2syzb8T&h=AT1qGL6Bnz-t2B027msMug2d7ylZIAidfJz2hPfJwXXAvxt8pJSq4MpmK8ZkATZ40IUBqNVStuMqXKwQc9JogOcMhOoKA8gxQ0ARprwX3u3F09egKgaAtlftHPBd1FiK&s=1"}, "title": "NOEM: Human trafficking still a top priority", "type": "share", "url": "http://l.facebook.com/l.php?u=http%3A%2F%2Fbuff.ly%2F2syzb8T&h=AT1qGL6Bnz-t2B027msMug2d7ylZIAidfJz2hPfJwXXAvxt8pJSq4MpmK8ZkATZ40IUBqNVStuMqXKwQc9JogOcMhOoKA8gxQ0ARprwX3u3F09egKgaAtlftHPBd1FiK&s=1"}]}, "id": "1003344626383879_1496986773686326"}