{"created_time": "2017-05-20T00:07:06+0000", "permalink_url": "https://www.facebook.com/1003344626383879/posts/1482040535180950/", "attachments": {"data": [{"description": "Hon Beatrice Nyamupinga", "media": {"image": {"height": 400, "src": "https://external-lax3-1.xx.fbcdn.net/safe_image.php?d=AQH0fwz5knM3msN5&w=400&h=400&url=http%3A%2F%2Fwww.herald.co.zw%2Fwp-content%2Fuploads%2F2017%2F05%2FHon-Beatrice-Nyamupinga.jpg&cfs=1&sx=0&sy=0&sw=400&sh=400&_nc_cb=1&_nc_hash=AQFPKV6ja6szExfo", "width": 400}}, "target": {"url": "http://l.facebook.com/l.php?u=http%3A%2F%2Fbuff.ly%2F2qoo8AT&h=AT2AVw6s7pkZHpZyxoVF1e9YmZIO8W3EA2V5Leqa9coJBhmvoCt-ZMhcfWt4KXARg-e9NwpJc7lhiGBXKHpscY9E5Zw-HdKkLie5ZXAjDqsIJ_mv3x9eRqUlrMq-qPis&s=1"}, "title": "Women\u2019s groups fight human trafficking | The Herald", "type": "share", "url": "http://l.facebook.com/l.php?u=http%3A%2F%2Fbuff.ly%2F2qoo8AT&h=AT2AVw6s7pkZHpZyxoVF1e9YmZIO8W3EA2V5Leqa9coJBhmvoCt-ZMhcfWt4KXARg-e9NwpJc7lhiGBXKHpscY9E5Zw-HdKkLie5ZXAjDqsIJ_mv3x9eRqUlrMq-qPis&s=1"}]}, "id": "1003344626383879_1482040535180950"}