{"created_time": "2018-10-20T14:04:02+0000", "message": "\u201cFormer city tow driver imprisoned for bribery now charged with sex trafficking of teens.\u201d", "permalink_url": "https://www.facebook.com/1003344626383879/posts/2068950779823253/", "attachments": {"data": [{"description": "A former city of Chicago tow truck driver already in state prison for bribery has been charged with forcing eight underage girls into prostitution, including some of them while he worked for the city, authorities said Friday.", "media": {"image": {"height": 555, "src": "https://external-lax3-1.xx.fbcdn.net/safe_image.php?d=AQGTr_0pXAnIurQl&w=555&h=555&url=http%3A%2F%2Fwww.trbimg.com%2Fimg-5bca5e9a%2Fturbine%2Fct-met-imprisoned-city-tow-driver-sex-trafficking-20181019&cfs=1&sx=157&sy=0&sw=555&sh=555&_nc_cb=1&_nc_hash=AQEN3hebfgeYDXlY", "width": 555}}, "target": {"url": "https://l.facebook.com/l.php?u=https%3A%2F%2Fbuff.ly%2F2S49VFc&h=AT3PQ7d6Buav_nrfl607IwfSkd7m_xyyQfZuMCjLD6yBl9cgL22kmc0dSy1YeSD-XWcPTKnQJpxF6zGMuArTLyCeoNul59eoOoAatEZ1gsX3X2nCbJYa0Nv1ABkcYGUK&s=1"}, "title": "Former city tow driver imprisoned for bribery now charged with sex trafficking of teens", "type": "share", "url": "https://l.facebook.com/l.php?u=https%3A%2F%2Fbuff.ly%2F2S49VFc&h=AT3PQ7d6Buav_nrfl607IwfSkd7m_xyyQfZuMCjLD6yBl9cgL22kmc0dSy1YeSD-XWcPTKnQJpxF6zGMuArTLyCeoNul59eoOoAatEZ1gsX3X2nCbJYa0Nv1ABkcYGUK&s=1"}]}, "id": "1003344626383879_2068950779823253"}