{"created_time": "2017-01-28T17:11:11+0000", "permalink_url": "https://www.facebook.com/helperase/photos/a.1066175113434163/1360181310700207/?type=3", "attachments": {"data": [{"media": {"image": {"height": 540, "src": "https://scontent-lax3-2.xx.fbcdn.net/v/t1.0-0/p180x540/16299525_1360181310700207_2536322795537971222_n.jpg?_nc_cat=111&ccb=1-3&_nc_sid=110474&_nc_ohc=om2zCHkCuK4AX-MKzdP&_nc_ht=scontent-lax3-2.xx&tp=6&oh=62e041bf5d259fc3c2bd5066573688fb&oe=6070867A", "width": 720}}, "target": {"id": "1360181310700207", "url": "https://www.facebook.com/helperase/photos/a.1066175113434163/1360181310700207/?type=3"}, "title": "Mobile Uploads", "type": "photo", "url": "https://www.facebook.com/helperase/photos/a.1066175113434163/1360181310700207/?type=3"}]}, "id": "1003344626383879_1360181310700207"}