{"created_time": "2017-01-19T15:16:50+0000", "message": "Fact #17 What is Sex Trafficking?  Sex trafficking is when a commercial sex act is induced by force, fraud, or coercion, or in which the person induced to perform such act has not attained 18 years of age.\n30 Facts ~ National Slavery and Human Trafficking Prevention Month #Awareness #Prevention #Education", "message_tags": [{"id": "402127356550229", "name": "#awareness", "offset": 273, "length": 10}, {"id": "320571564713268", "name": "#prevention", "offset": 284, "length": 11}, {"id": "601052526576079", "name": "#education", "offset": 296, "length": 10}], "permalink_url": "https://www.facebook.com/helperase/photos/a.1381766311875040/1350370388347966/?type=3", "attachments": {"data": [{"description": "Fact #17 What is Sex Trafficking?  Sex trafficking is when a commercial sex act is induced by force, fraud, or coercion, or in which the person induced to perform such act has not attained 18 years of age.\n30 Facts ~ National Slavery and Human Trafficking Prevention Month #Awareness #Prevention #Education", "media": {"image": {"height": 389, "src": "https://scontent-lax3-1.xx.fbcdn.net/v/t31.0-8/s720x720/16112844_1350370388347966_4276534351497041309_o.jpg?_nc_cat=102&ccb=1-3&_nc_sid=e007fa&_nc_ohc=Jd1BGQCnxj8AX94rfV9&_nc_ht=scontent-lax3-1.xx&tp=7&oh=11184dec680a8c1b7eff1e54a4e35f58&oe=606F4B3E", "width": 720}}, "target": {"id": "1350370388347966", "url": "https://www.facebook.com/helperase/photos/a.1381766311875040/1350370388347966/?type=3"}, "title": "30 Facts about Human Trafficking", "type": "photo", "url": "https://www.facebook.com/helperase/photos/a.1381766311875040/1350370388347966/?type=3"}]}, "id": "1003344626383879_1350370388347966"}