{"created_time": "2017-01-09T13:10:00+0000", "message": "Thank you to all the Law Enforcement Officers who keep us safe every day!\n\u201cWe must find time to stop and thank the people who make a difference in our lives.\u201d  ~ John F. Kennedy \n#NationalLawEnforcementAppreciationDay  #LEAD #ThankAPoliceOfficer", "message_tags": [{"id": "627667664022309", "name": "#NationalLawEnforcementAppreciationDay", "offset": 179, "length": 38}, {"id": "300828623377458", "name": "#lead", "offset": 219, "length": 5}, {"id": "164631677032367", "name": "#thankapoliceofficer", "offset": 225, "length": 20}], "permalink_url": "https://www.facebook.com/helperase/photos/a.1029649477086727/1340755045976167/?type=3", "attachments": {"data": [{"description": "Thank you to all the Law Enforcement Officers who keep us safe every day!\n\u201cWe must find time to stop and thank the people who make a difference in our lives.\u201d  ~ John F. Kennedy \n#NationalLawEnforcementAppreciationDay  #LEAD #ThankAPoliceOfficer", "media": {"image": {"height": 619, "src": "https://scontent-lax3-1.xx.fbcdn.net/v/t1.0-9/s720x720/15965623_1340755045976167_1556674611151614761_n.jpg?_nc_cat=109&ccb=1-3&_nc_sid=2d5d41&_nc_ohc=XNJesqwYtYAAX8EirGQ&_nc_ht=scontent-lax3-1.xx&tp=7&oh=ad48287025da2d1ca0c7ae07430de29d&oe=607166FC", "width": 720}}, "target": {"id": "1340755045976167", "url": "https://www.facebook.com/helperase/photos/a.1029649477086727/1340755045976167/?type=3"}, "title": "Timeline Photos", "type": "photo", "url": "https://www.facebook.com/helperase/photos/a.1029649477086727/1340755045976167/?type=3"}]}, "id": "1003344626383879_1340755045976167"}