{"created_time": "2020-01-19T20:03:16+0000", "message": "This is a great way to raise awareness about human trafficking!", "permalink_url": "https://www.facebook.com/1003344626383879/posts/2878478355537154/", "attachments": {"data": [{"subattachments": {"data": [{"target": {"id": "586343528592912"}, "title": "2", "type": "option"}, {"target": {"id": "2353495358274607"}, "title": "1", "type": "option"}]}, "target": {"id": "2574600722657398", "url": "https://www.facebook.com/2029758143808328/posts/2574600722657398/"}, "title": "Which scenario best describes human trafficking? ", "type": "visual_poll", "url": "https://www.facebook.com/2029758143808328/posts/2574600722657398/"}]}, "id": "1003344626383879_2878478355537154"}