{"created_time": "2019-11-25T18:13:29+0000", "message": "#Repost @unwomen\n\u30fb\u30fb\u30fb\nLearn some of the signs of abuse, so that you can help the next person who\u2019s suffering from gender-based violence. #HearMeToo #orangetheworld #16days", "message_tags": [{"id": "141106619392182", "name": "#Repost", "offset": 0, "length": 7}, {"id": "849722448392084", "name": "#HearMeToo", "offset": 136, "length": 10}, {"id": "537067289701296", "name": "#OrangeTheWorld", "offset": 147, "length": 15}, {"id": "224410224350616", "name": "#16days", "offset": 163, "length": 7}], "permalink_url": "https://www.facebook.com/1003344626383879/posts/2757409890977335/", "attachments": {"data": [{"media": {"image": {"height": 640, "src": "https://scontent-lax3-1.xx.fbcdn.net/v/t15.5256-10/72329972_817482945378201_1140321380525408256_n.jpg?_nc_cat=104&ccb=1-3&_nc_sid=ad6a45&_nc_ohc=GNNLSmnTa8oAX83_6Kp&_nc_ht=scontent-lax3-1.xx&oh=846ff9bf99fea1e5ec65cefda943c388&oe=606DD39C", "width": 640}}, "target": {"id": "817482748711554", "url": "https://www.facebook.com/helperase/videos/817482748711554/"}, "type": "video_inline", "url": "https://www.facebook.com/helperase/videos/817482748711554/"}]}, "id": "1003344626383879_2757409890977335"}