{"created_time": "2019-09-23T20:10:04+0000", "message": "\u201cTo better reach victims, law enforcement can build relationships with community leaders and community organizations who may be more likely to hear about labor abuses,\u201d #labortrafficking #endhumantrafficking", "message_tags": [{"id": "345897022198654", "name": "#labortrafficking", "offset": 169, "length": 17}, {"id": "593609360666840", "name": "#endhumantrafficking", "offset": 187, "length": 20}], "permalink_url": "https://www.facebook.com/1003344626383879/posts/2623198757731783/", "attachments": {"data": [{"description": "Throughout the nation, there is a worker shortage. There are not enough people to fill jobs.", "media": {"image": {"height": 415, "src": "https://external-lax3-1.xx.fbcdn.net/safe_image.php?d=AQEYrlY38cEy83RA&w=415&h=415&url=https%3A%2F%2Fbloximages.chicago2.vip.townnews.com%2Fjournaltimes.com%2Fcontent%2Ftncms%2Fassets%2Fv3%2Feditorial%2F2%2F35%2F235c44fc-8b2c-5cda-b2e5-2cf4c36d55d3%2F5c2bfce852167.image.jpg%3Fcrop%3D738%252C415%252C0%252C58%26resize%3D738%252C415%26order%3Dcrop%252Cresize&cfs=1&_nc_cb=1&_nc_hash=AQGgpa59xCCrAfoz", "width": 415}}, "target": {"url": "https://l.facebook.com/l.php?u=https%3A%2F%2Fbuff.ly%2F2mvEFDB&h=AT1Zo3CmZh6oP7YHiT0-S6eMh-v-tDNpxPZhfI7Pe43Z8hBdfNM-Bvb-YBMGz5PKx58lRsdPP7PCdMd5rGx0thJ_3JOOZiqF4qq7aDLEraSmCqNnzNdcOeyC75zD3D3T&s=1"}, "title": "Journal Times editorial: H-2A visa program must be monitored better", "type": "share", "url": "https://l.facebook.com/l.php?u=https%3A%2F%2Fbuff.ly%2F2mvEFDB&h=AT1Zo3CmZh6oP7YHiT0-S6eMh-v-tDNpxPZhfI7Pe43Z8hBdfNM-Bvb-YBMGz5PKx58lRsdPP7PCdMd5rGx0thJ_3JOOZiqF4qq7aDLEraSmCqNnzNdcOeyC75zD3D3T&s=1"}]}, "id": "1003344626383879_2623198757731783"}