{"created_time": "2018-07-30T11:42:59+0000", "message": "Today is World Day Against Trafficking in Persons. We will be sharing various post throughout the day about Human Trafficking. Please continue to share. #GiveFreedom #helpErase", "message_tags": [{"id": "136724616510939", "name": "#GiveFreedom", "offset": 153, "length": 12}, {"id": "600288956648476", "name": "#helpERASE", "offset": 166, "length": 10}], "permalink_url": "https://www.facebook.com/1003344626383879/posts/1955370527847946/", "attachments": {"data": [{"media": {"image": {"height": 720, "src": "https://scontent-lax3-1.xx.fbcdn.net/v/t15.5256-10/34601336_1910661775652155_3467705484679577600_n.jpg?_nc_cat=102&ccb=1-3&_nc_sid=ad6a45&_nc_ohc=BimSNybuAxMAX8JsHZC&_nc_ht=scontent-lax3-1.xx&oh=ef69b171d4a658d1f4fc7f3e3f182ad7&oe=606E80CB", "width": 720}}, "target": {"id": "1910659232319076", "url": "https://www.facebook.com/helperase/videos/1910659232319076/"}, "type": "video_inline", "url": "https://www.facebook.com/helperase/videos/1910659232319076/"}]}, "id": "1003344626383879_1955370527847946"}