{"created_time": "2018-07-30T10:10:30+0000", "message": "World Day Against Trafficking in Persons\n#givefreedom #helperase", "message_tags": [{"id": "136724616510939", "name": "#GiveFreedom", "offset": 41, "length": 12}, {"id": "600288956648476", "name": "#helpERASE", "offset": 54, "length": 10}], "permalink_url": "https://www.facebook.com/1003344626383879/posts/1955257137859285/", "attachments": {"data": [{"description": "\u0414\u043d\u0435\u0441, 30 \u042e\u043b\u0438, \u0435 \u0421\u0432\u0435\u0442\u043e\u0432\u043d\u0438\u044f\u0442 \u0434\u0435\u043d \u0437\u0430 \u043f\u0440\u0435\u043a\u0440\u0430\u0442\u044f\u0432\u0430\u043d\u0435 \u043d\u0430 \u0442\u0440\u0430\u0444\u0438\u043a\u0430 \u043d\u0430 \u0425\u043e\u0440\u0430 http://www.un.org/en/events/humantrafficking . \u0411\u044a\u0434\u0435\u0442\u0435 \u0434\u043e\u0431\u0440\u0438\nToday, 30 July, is the World Day to Stop Human Trafficking http://www.un.org/en/events/humantrafficking . Be good", "media": {"image": {"height": 285, "src": "https://scontent-lax3-1.xx.fbcdn.net/v/t1.0-9/37610797_225569114758276_5155007657773367296_n.jpg?_nc_cat=108&ccb=1-3&_nc_sid=8024bb&_nc_ohc=3q7qHkYl9YwAX_UFekk&_nc_ht=scontent-lax3-1.xx&oh=fc653b220016f4cc4841e3603a8832bc&oe=60702BD4", "width": 500}}, "target": {"id": "225569111424943", "url": "https://www.facebook.com/1Dantes/photos/a.187791155202739/225569111424943/?type=3"}, "type": "photo", "url": "https://www.facebook.com/1Dantes/photos/a.187791155202739/225569111424943/?type=3"}]}, "id": "1003344626383879_1955257137859285"}