{"created_time": "2018-05-25T20:04:02+0000", "message": "Human trafficking suspected.\n\"Killeen and Harker Heights police teamed up with fellow local and federal law enforcement on a seven-month investigation that culminated in the arrests of 13 people.\"", "permalink_url": "https://www.facebook.com/1003344626383879/posts/1861625707222429/", "attachments": {"data": [{"description": "Killeen and Harker Heights police teamed up with fellow local and federal law enforcement on a seven-month investigation that culminated in the arrests of 13 people accused of being involved", "media": {"image": {"height": 630, "src": "https://external-lax3-1.xx.fbcdn.net/safe_image.php?d=AQGVT9PW6kg4p9NU&w=630&h=630&url=https%3A%2F%2Fbloximages.newyork1.vip.townnews.com%2Fkdhnews.com%2Fcontent%2Ftncms%2Fassets%2Fv3%2Feditorial%2F3%2Fd7%2F3d7bf05c-5934-11e8-bce0-27e4835c0957%2F5afc73f9b9119.image.jpg%3Fresize%3D948%252C630&cfs=1&sx=0&sy=0&sw=630&sh=630&_nc_cb=1&_nc_hash=AQGy-J0w4gi3Lt3a", "width": 630}}, "target": {"url": "https://l.facebook.com/l.php?u=https%3A%2F%2Fbuff.ly%2F2J1LUNi&h=AT3S-MslbAhkiZ1SNdX3KnUpsM-lHv1uPDP82-bGJkhf8VKECfI-4y872Wqt7rPZXisBZh35EAovZd79MPvLwRUcBJLob7G4U2QdgVB648VFwSiSQSsJT_cXd-j59Kw9&s=1"}, "title": "Killeen, Heights PD aid in 7-month massage parlor investigation", "type": "share", "url": "https://l.facebook.com/l.php?u=https%3A%2F%2Fbuff.ly%2F2J1LUNi&h=AT3S-MslbAhkiZ1SNdX3KnUpsM-lHv1uPDP82-bGJkhf8VKECfI-4y872Wqt7rPZXisBZh35EAovZd79MPvLwRUcBJLob7G4U2QdgVB648VFwSiSQSsJT_cXd-j59Kw9&s=1"}]}, "id": "1003344626383879_1861625707222429"}