{"created_time": "2018-05-21T14:14:04+0000", "message": "Hastings Commends Broward Resident Roger DeHart on 1,000 Mile Walk from Fort Lauderdale to D.C. to raise awareness about Human Trafficking", "permalink_url": "https://www.facebook.com/1003344626383879/posts/1857514900966843/", "attachments": {"data": [{"description": "Congressman Alcee L. Hastings (D-FL) made the following statement commending Mr. Roger DeHart, who is currently walking more than 1,000 miles from Fort Lauderdale, Florida to Washington D.C., in order to raise awareness about human trafficking:", "media": {"image": {"height": 244, "src": "https://external-lax3-1.xx.fbcdn.net/safe_image.php?d=AQFN4XZ61muREXGo&w=244&h=244&url=http%3A%2F%2Fthewestsidegazette.com%2Fwp-content%2Fuploads%2F2018%2F05%2FHasting-Commends-Broward-244x300.jpg&cfs=1&_nc_cb=1&_nc_hash=AQEmp1yUC1_UsOvK", "width": 244}}, "target": {"url": "https://l.facebook.com/l.php?u=https%3A%2F%2Fbuff.ly%2F2wQYha6&h=AT0VK_95Ww3uBcfDyRv5YTzd_SjsIKv6csF-sH7A-Yr5Zw138I8rliKaecMN8IhnX8Ycixqw1TPSbZQJZNo9A7OnYE1A38pMCOcN0GQF0zVpm_Hvjm9_s100mkiaK8io&s=1"}, "title": "Hastings Commends Broward Resident Roger DeHart on 1,000 Mile Walk from Fort Lauderdale to D.C. to raise awareness about Human Trafficking", "type": "share", "url": "https://l.facebook.com/l.php?u=https%3A%2F%2Fbuff.ly%2F2wQYha6&h=AT0VK_95Ww3uBcfDyRv5YTzd_SjsIKv6csF-sH7A-Yr5Zw138I8rliKaecMN8IhnX8Ycixqw1TPSbZQJZNo9A7OnYE1A38pMCOcN0GQF0zVpm_Hvjm9_s100mkiaK8io&s=1"}]}, "id": "1003344626383879_1857514900966843"}