{"created_time": "2018-04-24T20:04:02+0000", "message": "During a forum at the Santa Maria Foursquare Church on Friday morning, State Assembly member Jordan Cunningham said the biggest challenge is spotting the red flags. So he's pushing for a set of bills aimed at tackling that problem.", "permalink_url": "https://www.facebook.com/1003344626383879/posts/1831315150253485/", "attachments": {"data": [{"description": "Police in Santa Maria say there has been a growing number of human trafficking cases in the area. Traffickers are using highway 101 to drive victims from LA to the Bay -and the Central Coast has become a natural pit stop for this type of activity.", "media": {"image": {"height": 720, "src": "https://external-lax3-1.xx.fbcdn.net/safe_image.php?d=AQGiulMUmjGgRpNu&w=720&h=720&url=https%3A%2F%2Fwww.facebook.com%2Fads%2Fimage%2F%3Fd%3DAQJQQkryPGdeGzH2NJ6zLMwiR3BXPadj8ZQZvQJfYtxVCdbB8eCDixs-lPXFa-Eeh1IV-Jf-ujZtP_0XB3lHppQaOXAuDF438MhOLIqE8G-3BOzbpq50f_tFggwr-f54lyAOUtNa080p9rNAz5nUkDAM&cfs=1&_nc_cb=1&_nc_hash=AQEq0zmb4xFop_bp", "width": 720}}, "target": {"url": "https://l.facebook.com/l.php?u=https%3A%2F%2Fbuff.ly%2F2HJRmDH&h=AT37f9pciOjpsPLvuJw2Sy8PK6F33nLTzqYrnWw_Xvd7Bbt7qQTk8-MXj7E4R-J0mLWjcXqBLbgn31gDECDObQIXbHfdfyNm7Km87oEdRGq5giTnl2CdyKNSGOx3qZe3&s=1"}, "title": "Local police, legislators fighting rise of human trafficking cases in Santa Maria", "type": "share", "url": "https://l.facebook.com/l.php?u=https%3A%2F%2Fbuff.ly%2F2HJRmDH&h=AT37f9pciOjpsPLvuJw2Sy8PK6F33nLTzqYrnWw_Xvd7Bbt7qQTk8-MXj7E4R-J0mLWjcXqBLbgn31gDECDObQIXbHfdfyNm7Km87oEdRGq5giTnl2CdyKNSGOx3qZe3&s=1"}]}, "id": "1003344626383879_1831315150253485"}