{"created_time": "2018-04-16T14:14:02+0000", "message": "Mosby founded the HUG project in 2012 because she said an important part of working with children who have been sexually abused is to show them compassion to help them heal.", "permalink_url": "https://www.facebook.com/1003344626383879/posts/1823244571060543/", "attachments": {"data": [{"description": "Boom Mosby, an expert on for child trafficking in Thailand and founder of the HUG project, came to William and Mary Monday to talk about her work.", "media": {"image": {"height": 720, "src": "https://scontent-lax3-1.xx.fbcdn.net/v/t45.1600-4/c253.0.720.720a/p720x720/29964130_6087447176398_8919909615022374912_n.jpg?_nc_cat=103&ccb=1-3&_nc_sid=eaa83b&_nc_ohc=PpY5hSD5rV0AX9zhxsO&_nc_ht=scontent-lax3-1.xx&tp=27&oh=35e48d5ff9300552734241544f20b0a6&oe=606FC876", "width": 720}}, "target": {"url": "https://l.facebook.com/l.php?u=https%3A%2F%2Fbuff.ly%2F2v9SJGC&h=AT0Zm6QNrR2T-8DIWzy6sZSrv0DiLRrnExf5kfGthsRA42SZwMW2zvHSO56qeiEx6uIJ8xU0gYo07n9E8gbSbK5iJEvMDFvpmk2ILV3bD8Z-p1xvgc_bDO23JlFpDowi&s=1"}, "title": "Child trafficking expert speaks at William and Mary", "type": "share", "url": "https://l.facebook.com/l.php?u=https%3A%2F%2Fbuff.ly%2F2v9SJGC&h=AT0Zm6QNrR2T-8DIWzy6sZSrv0DiLRrnExf5kfGthsRA42SZwMW2zvHSO56qeiEx6uIJ8xU0gYo07n9E8gbSbK5iJEvMDFvpmk2ILV3bD8Z-p1xvgc_bDO23JlFpDowi&s=1"}]}, "id": "1003344626383879_1823244571060543"}