{"created_time": "2018-04-13T00:16:22+0000", "message": "Incest, porn & child abuse.\n#HelpErase", "message_tags": [{"id": "600288956648476", "name": "#helpERASE", "offset": 28, "length": 10}], "permalink_url": "https://www.facebook.com/helperase/videos/1819668544751479/", "attachments": {"data": [{"media": {"image": {"height": 360, "src": "https://scontent-lax3-1.xx.fbcdn.net/v/t15.5256-10/27861736_1819675434750790_1805963894619897856_n.jpg?_nc_cat=100&ccb=1-3&_nc_sid=ad6a45&_nc_ohc=ejsac9h9iyYAX-Q8lB_&_nc_ht=scontent-lax3-1.xx&oh=2a25ea2d30aca31aeb113a80827d0201&oe=60726B52", "width": 640}}, "target": {"id": "1819668544751479", "url": "https://www.facebook.com/helperase/videos/1819668544751479/"}, "type": "video_inline", "url": "https://www.facebook.com/helperase/videos/1819668544751479/"}]}, "id": "1003344626383879_1819668544751479"}