{"created_time": "2018-04-08T14:14:01+0000", "message": "A licensed social worker is working with the coalition of businesses to help them raise awareness about the issue of human trafficking, and better work with police and community groups to fight it.", "permalink_url": "https://www.facebook.com/1003344626383879/posts/1815127725205561/", "attachments": {"data": [{"description": "The group was created by MGM Springfield, and aims to support work being done by law enforcement and other groups to help fight human trafficking.", "media": {"image": {"height": 360, "src": "https://external-lax3-1.xx.fbcdn.net/safe_image.php?d=AQEQwyt9gh509c3N&w=360&h=360&url=https%3A%2F%2Fwww.facebook.com%2Fads%2Fimage%2F%3Fd%3DAQJjRHa5V_iGae8z4wHAHE1BrIz3MH_SsrU2TzkWilxgoxdTCb6Bo28EuHKzt34ItF3Hq2MJoRtj68eih7WqbMCKKcvyQJc0BVZpBKUFGFcIDXBZv3zGD9of6dMBXhcXSSnhZv2XrJ3GRkawr9hOdjIx&cfs=1&_nc_cb=1&_nc_hash=AQHMK3wjLO0gsQyE", "width": 360}}, "target": {"url": "https://l.facebook.com/l.php?u=https%3A%2F%2Fbuff.ly%2F2uNMurX&h=AT3dMcYMjf48NOgDGNtM5KyXkvi3qRYE5PmJdQmkxFKY9P0TUr736e5iAbRWzXNloM_kqqCktMPDHjjPSxq7iXn4MFHAOm_8-eyfbp-ofWczuojpICQS7Vc6R4PNcTzt&s=1"}, "title": "Springfield Regional Chambers supporting group to help fight human trafficking", "type": "share", "url": "https://l.facebook.com/l.php?u=https%3A%2F%2Fbuff.ly%2F2uNMurX&h=AT3dMcYMjf48NOgDGNtM5KyXkvi3qRYE5PmJdQmkxFKY9P0TUr736e5iAbRWzXNloM_kqqCktMPDHjjPSxq7iXn4MFHAOm_8-eyfbp-ofWczuojpICQS7Vc6R4PNcTzt&s=1"}]}, "id": "1003344626383879_1815127725205561"}