{"created_time": "2017-12-15T15:14:08+0000", "message": "East Idaho Newsmakers: Child sex trafficking and exploitation in eastern Idaho.\nEaton and Smith talk about what\u2019s being done to stop the problem, what parents need to know and how common sex trafficking and child exploitation is in east Idaho.", "permalink_url": "https://www.facebook.com/1003344626383879/posts/1695982103786791/", "attachments": {"data": [{"description": "In this edition of East Idaho Newsmakers, Nate Eaton speaks with the Matt Smith, the executive director of Operation Shield. Operation Shield is a local non-profit organization dedicated to\u2026", "media": {"image": {"height": 484, "src": "https://external-lax3-1.xx.fbcdn.net/safe_image.php?d=AQGN_rspDJeFHUBI&w=484&h=484&url=https%3A%2F%2Fbuffer-media-uploads.s3.amazonaws.com%2F5a3072e6e2421bf77d977a5b%2Fef34873379e4bf60d8a2e898ae28406d34ffaf15_1828834532f60ea9f784eabf8f43670ffa1d4457_facebook&cfs=1&sx=169&sy=0&sw=484&sh=484&_nc_cb=1&_nc_hash=AQF-5ERPvwijnaPs", "width": 484}}, "target": {"url": "http://l.facebook.com/l.php?u=http%3A%2F%2Fj.mp%2F2BZBpTn&h=AT20mrQfBDnlCirmLjiKUn1VcRYFS-OkjryK_8phi73PmlqnY-ubwYTqawajtYP-KXyqhZM5C2MwUyYusoNgsB29nFMHApZZQQ22rbThOgqiw8zFWXPHqP9YojFSJhtO&s=1"}, "title": "East Idaho Newsmakers: Child sex trafficking and exploitation in eastern Idaho | East Idaho News", "type": "share", "url": "http://l.facebook.com/l.php?u=http%3A%2F%2Fj.mp%2F2BZBpTn&h=AT20mrQfBDnlCirmLjiKUn1VcRYFS-OkjryK_8phi73PmlqnY-ubwYTqawajtYP-KXyqhZM5C2MwUyYusoNgsB29nFMHApZZQQ22rbThOgqiw8zFWXPHqP9YojFSJhtO&s=1"}]}, "id": "1003344626383879_1695982103786791"}