{"created_time": "2017-12-12T21:04:09+0000", "message": "All of us must help beat the scourge of human trafficking. Here\u2019s what you can do.\nTalking to your children or younger family members about the issue can educate them and help keep them out of harm\u2019s way.", "permalink_url": "https://www.facebook.com/1003344626383879/posts/1693090247409310/", "attachments": {"data": [{"description": "Advocates, police and others offer solutions to the human trafficking problem and tell how to recognize sex trafficking threats and keep kids safe.", "media": {"image": {"height": 641, "src": "https://external-lax3-1.xx.fbcdn.net/safe_image.php?d=AQEW_wq9Yc8jkMe1&w=641&h=641&url=https%3A%2F%2Fbuffer-media-uploads.s3.amazonaws.com%2F5a2b4b20fc7ffca621ad80e2%2F5642921fddb3a00fe3311dbcdbbb68d433fad9d5_b998827cc5c4ab9e9d2ac84e2b384412e6547cdf_facebook&cfs=1&sx=0&sy=0&sw=641&sh=641&_nc_cb=1&_nc_hash=AQENwsVALxwr_Els", "width": 641}}, "target": {"url": "http://l.facebook.com/l.php?u=http%3A%2F%2Fj.mp%2F2AMhYQq&h=AT1IKi2OYedyLgO012uOSaQCojMoI2Pnj4sAEAyWFqhUt_pewmo-GcPvSWxz2vdcxTfb7m7Cs2DQ5Z6s0U0G-AKC-XEQklsIj5VSpSyK3AhsVT2OCxlu1zQeJOdJinIV&s=1"}, "title": "All of us must help beat the scourge of human trafficking. Here\u2019s what you can do", "type": "share", "url": "http://l.facebook.com/l.php?u=http%3A%2F%2Fj.mp%2F2AMhYQq&h=AT1IKi2OYedyLgO012uOSaQCojMoI2Pnj4sAEAyWFqhUt_pewmo-GcPvSWxz2vdcxTfb7m7Cs2DQ5Z6s0U0G-AKC-XEQklsIj5VSpSyK3AhsVT2OCxlu1zQeJOdJinIV&s=1"}]}, "id": "1003344626383879_1693090247409310"}