{"created_time": "2019-07-18T18:03:19+0000", "message": "Jeffrey Epstein denied bail, judge says no amount 'can overcome danger to the community.", "permalink_url": "https://www.facebook.com/1003344626383879/posts/2501487029902957/", "attachments": {"data": [{"description": "A New York federal judge denied bail Thursday to Jeffrey Epstein, who currently faces multiple charges of sex trafficking.", "media": {"image": {"height": 576, "src": "https://external-lax3-1.xx.fbcdn.net/safe_image.php?d=AQGSslU0A6gBTZN7&w=576&h=576&url=https%3A%2F%2Fstatic.foxnews.com%2Ffoxnews.com%2Fcontent%2Fuploads%2F2019%2F07%2FJeffrey-Epstein-2017.jpg&cfs=1&sx=390&sy=0&sw=576&sh=576&_nc_cb=1&_nc_hash=AQEfOrSSwF15aUQn", "width": 576}}, "target": {"url": "https://l.facebook.com/l.php?u=https%3A%2F%2Fbuff.ly%2F2YUGVCC&h=AT0DzsP7CaIe-Hzi0vv5WjF_ef-5S2h95GelK8b6FDiQs1DSfRkh9hvp5OWO61MAHHN6ws1Vp0vaCsjw_m0fYdM5tFqmhmUPJMWPwbnTO7VRGCU-XsBTVi911nY_YJaN&s=1"}, "title": "Jeffrey Epstein denied bail, judge says no amount 'can overcome danger to the community'", "type": "share", "url": "https://l.facebook.com/l.php?u=https%3A%2F%2Fbuff.ly%2F2YUGVCC&h=AT0DzsP7CaIe-Hzi0vv5WjF_ef-5S2h95GelK8b6FDiQs1DSfRkh9hvp5OWO61MAHHN6ws1Vp0vaCsjw_m0fYdM5tFqmhmUPJMWPwbnTO7VRGCU-XsBTVi911nY_YJaN&s=1"}]}, "id": "1003344626383879_2501487029902957"}