{"created_time": "2017-10-22T20:04:00+0000", "message": "The Freedom Walk came together under the direction of the Western New York Wesleyan Women and PATH - which stands for People Against Human Trafficking. Unexpected, vulnerable victims sometimes get drawn in through opioid addiction.", "permalink_url": "https://www.facebook.com/1003344626383879/posts/1639916022726733/", "attachments": {"data": [{"description": "Hundreds took to Chestnut Ridge in hopes of raising the awareness of human trafficking.", "media": {"image": {"height": 720, "src": "https://external-lax3-1.xx.fbcdn.net/safe_image.php?d=AQEcZyioQilnpc3l&w=720&h=720&url=https%3A%2F%2Fbuffer-media-uploads.s3.amazonaws.com%2F59e62adac126325444ca62a3%2F096d9a26376963176ca975b0fa10f99639a5218f_db999985b82fd926fe45aedfe9064d59ec442fb4_facebook&cfs=1&_nc_cb=1&_nc_hash=AQH_tfR0N4zhwAcE", "width": 720}}, "target": {"url": "http://l.facebook.com/l.php?u=http%3A%2F%2Fj.mp%2F2gpw0Qt&h=AT3l4ikU6jWSGOgrX41Y8YMHszebj3kDU91yDYy5bL2HMMvomBX_VuXRmHW9yt2nyv8l-19mEIAWmueKrQ3lHLxy2d9uBWSunbPIxOorBAlso4CQ0jsgFXDklKYck2xM&s=1"}, "title": "Freedom Walk stands up to human trafficking", "type": "share", "url": "http://l.facebook.com/l.php?u=http%3A%2F%2Fj.mp%2F2gpw0Qt&h=AT3l4ikU6jWSGOgrX41Y8YMHszebj3kDU91yDYy5bL2HMMvomBX_VuXRmHW9yt2nyv8l-19mEIAWmueKrQ3lHLxy2d9uBWSunbPIxOorBAlso4CQ0jsgFXDklKYck2xM&s=1"}]}, "id": "1003344626383879_1639916022726733"}