{"created_time": "2017-10-14T20:04:00+0000", "message": "To build therapeutic rapport from a nonjudgmental framework, counselors need to understand the true source of teenagers\u2019 behavior rather than labeling them as inappropriate or delinquent. As counselors increase their understanding of risk and protective factors, the profession may be able to conceptualize human trafficking as a systemic problem from a broad perspective.", "permalink_url": "https://www.facebook.com/1003344626383879/posts/1632157270169275/", "attachments": {"data": [{"description": "Counselors must understand the cycle of perpetration and victimization in human trafficking to pinpoint potential victims among clients.", "media": {"image": {"height": 720, "src": "https://external-lax3-1.xx.fbcdn.net/safe_image.php?d=AQGxr_3i6MemWoXn&w=720&h=720&url=https%3A%2F%2Fbuffer-media-uploads.s3.amazonaws.com%2F59de71dddbfb3f2231fc94f2%2Fa41fb896557028bf86adbe25d54c7816ef9521d2_40a5103afeb56716b5a486224aa5eb68a583a465_facebook&cfs=1&_nc_cb=1&_nc_hash=AQEg2v4A2npO8-qE", "width": 720}}, "target": {"url": "http://l.facebook.com/l.php?u=http%3A%2F%2Fj.mp%2F2yhoU6s&h=AT1ZdyaUS9bGKpKSLk1XSleGCMnPa0nj_7OAsQClrTjjlWXkT-KbrWNKikwgqMqsNOOlnJXLHbogBs1KOfFb0Fs2qMxmOFhMRMZXqCWBiLfRiO5k23fZRIJC3JZKnySJ&s=1"}, "title": "Counseling survivors of human trafficking - Counseling Today", "type": "share", "url": "http://l.facebook.com/l.php?u=http%3A%2F%2Fj.mp%2F2yhoU6s&h=AT1ZdyaUS9bGKpKSLk1XSleGCMnPa0nj_7OAsQClrTjjlWXkT-KbrWNKikwgqMqsNOOlnJXLHbogBs1KOfFb0Fs2qMxmOFhMRMZXqCWBiLfRiO5k23fZRIJC3JZKnySJ&s=1"}]}, "id": "1003344626383879_1632157270169275"}