{"created_time": "2017-10-07T20:04:02+0000", "message": "In recent years, the hospitality industry has actively taken steps to combat trafficking, experts say, by training workers how to spot and respond to incidents. \u201cNo Vacancy for Child Sex Traffickers,\u201d released on Tuesday, details ECPAT-USA\u2019s work to protect children from the commercial sexual exploitation that takes place in hotels.", "permalink_url": "https://www.facebook.com/1003344626383879/posts/1625066200878382/", "attachments": {"data": [{"description": "Nearly 21 million victims around the world \u2013 including in the United States \u2013 are currently trapped in modern day slavery.  The travel and tourism industry is in a unique position to address the\u2026", "media": {"image": {"height": 640, "src": "https://external-lax3-1.xx.fbcdn.net/safe_image.php?d=AQHA9vwbEroP1s5n&w=640&h=640&url=https%3A%2F%2Fbuffer-media-uploads.s3.amazonaws.com%2F59d7a60834e95d0a2eb03809%2F5ca42c16223eeff3b03c695d7f837caff360e407_888f3681e7763f2790af7f2e33462efa983cdb77_facebook&cfs=1&_nc_cb=1&_nc_hash=AQHyUoyDZP3nLjxZ", "width": 640}}, "target": {"url": "http://l.facebook.com/l.php?u=http%3A%2F%2Fj.mp%2F2xYqGtS&h=AT2pbjmfrv_yVJbO1Nvm8w9YwBEDdQ5Ztr5Pfl8LRotRiNqaMQbRnLM2f8JlV3tXcYMYBhfjQkEVi6r7vix0Z_o3ArMT2bU0umocqKIMQnauuHt4gApc7tnjHtlwDmC2&s=1"}, "title": "Hotels Take On Child Sex Slavery", "type": "share", "url": "http://l.facebook.com/l.php?u=http%3A%2F%2Fj.mp%2F2xYqGtS&h=AT2pbjmfrv_yVJbO1Nvm8w9YwBEDdQ5Ztr5Pfl8LRotRiNqaMQbRnLM2f8JlV3tXcYMYBhfjQkEVi6r7vix0Z_o3ArMT2bU0umocqKIMQnauuHt4gApc7tnjHtlwDmC2&s=1"}]}, "id": "1003344626383879_1625066200878382"}