{"created_time": "2017-09-21T20:04:03+0000", "message": "The Red Sand Project is a local organization that focuses on preventing human trafficking by encouraging those who see something to say something.", "permalink_url": "https://www.facebook.com/1003344626383879/posts/1610424659009203/", "attachments": {"data": [{"description": "YAKIMA, Wash. - Yakima Red Sand Project is hosting an event tomorrow at Peach Tree Retirement Center to raise awareness for human trafficking.The Red Sand Project is a local organization that focuses\u2026", "media": {"image": {"height": 554, "src": "https://external-lax3-1.xx.fbcdn.net/safe_image.php?d=AQH3CbhGMLd3UV9_&w=554&h=554&url=https%3A%2F%2Fbuffer-media-uploads.s3.amazonaws.com%2F59c0134773fbbffa4b78536f%2F5354471d66012953793cd410866d7ac968fcac1d_41d3a073c1eff0ef9626f8a180725f9797115ebc_facebook&cfs=1&_nc_cb=1&_nc_hash=AQEWTKPoVlzNiy9v", "width": 554}}, "target": {"url": "http://l.facebook.com/l.php?u=http%3A%2F%2Fj.mp%2F2xgmkgB&h=AT1hFw8lPvfYdvM1ohbSDN8OmFhx6uJyid_SIzHUFmDoWV46v5JMFeLP8S6mWUAseFUNM26rYWHMJlNlGXTh2eBRBxxdBV4ck2MAc2n4sfBuCCkk5_G9ZvUQhcM65gcr&s=1"}, "title": "Raising awareness for human trafficking", "type": "share", "url": "http://l.facebook.com/l.php?u=http%3A%2F%2Fj.mp%2F2xgmkgB&h=AT1hFw8lPvfYdvM1ohbSDN8OmFhx6uJyid_SIzHUFmDoWV46v5JMFeLP8S6mWUAseFUNM26rYWHMJlNlGXTh2eBRBxxdBV4ck2MAc2n4sfBuCCkk5_G9ZvUQhcM65gcr&s=1"}]}, "id": "1003344626383879_1610424659009203"}