{"created_time": "2017-06-30T05:42:24+0000", "permalink_url": "https://www.facebook.com/1003344626383879/posts/1527662297285440/", "attachments": {"data": [{"description": "Alika Kinan, a victim of sex trafficking in Argentina, made history when she sued her captors \u2014 and won. This week, she was honored as a \"hero\" for her activism.", "media": {"image": {"height": 720, "src": "https://external-lax3-1.xx.fbcdn.net/safe_image.php?d=AQHEDAzDMI95AeZ3&w=720&h=720&url=https%3A%2F%2Fmedia.npr.org%2Fassets%2Fimg%2F2017%2F06%2F28%2Fshelbyknowles-june-27-2017-1_wide-dabe32e627bac0e80688dbea4a2c73ae82e2583b.jpg%3Fs%3D1400&cfs=1&sx=73&sy=0&sw=787&sh=787&_nc_cb=1&_nc_hash=AQElxWA44vq87yez", "width": 720}}, "target": {"url": "http://l.facebook.com/l.php?u=http%3A%2F%2Fwww.npr.org%2Fsections%2Fgoatsandsoda%2F2017%2F06%2F29%2F534709918%2Fstate-department-honoree-was-trapped-in-a-brothel-for-nearly-20-years%3Futm_campaign%3Dstoryshare%26utm_source%3Dfacebook.com%26utm_medium%3Dsocial&h=AT371vkjNiQ5v1gDu0Ne1FSaJHELSVb0tfu_1I-AGeGuNhLzj-HroWEIF3KWU3r9ssNDZ7GiEkBYwkwF-HcTSp5XS5e60nGBr0pavPH9Qnb-Q4do8xwNqMPBB0vsA788&s=1"}, "title": "State Department Honoree Was Trapped In A Brothel For Nearly 20 Years", "type": "share", "url": "http://l.facebook.com/l.php?u=http%3A%2F%2Fwww.npr.org%2Fsections%2Fgoatsandsoda%2F2017%2F06%2F29%2F534709918%2Fstate-department-honoree-was-trapped-in-a-brothel-for-nearly-20-years%3Futm_campaign%3Dstoryshare%26utm_source%3Dfacebook.com%26utm_medium%3Dsocial&h=AT371vkjNiQ5v1gDu0Ne1FSaJHELSVb0tfu_1I-AGeGuNhLzj-HroWEIF3KWU3r9ssNDZ7GiEkBYwkwF-HcTSp5XS5e60nGBr0pavPH9Qnb-Q4do8xwNqMPBB0vsA788&s=1"}]}, "id": "1003344626383879_1527662297285440"}