{"created_time": "2017-06-26T00:07:07+0000", "permalink_url": "https://www.facebook.com/1003344626383879/posts/1522323657819304/", "attachments": {"data": [{"description": "ASU is offering a new class this fall on human trafficking that will allow students to work with nonprofit organizations to have a firsthand look at human trafficking in Arizona.", "media": {"image": {"height": 534, "src": "https://external-lax3-1.xx.fbcdn.net/safe_image.php?d=AQFc0DaIlOXVmVs2&w=534&h=534&url=https%3A%2F%2Fbuffer-media-uploads.s3.amazonaws.com%2F594c6c4ef8c9000a40813e14%2Fde2d3d9b65e3a38e5281db050e5aef8dcc0d291b_dc7cdfe65383d59ea4196c89f2e7c1c3ad5ea563_facebook&cfs=1&sx=132&sy=0&sw=534&sh=534&_nc_cb=1&_nc_hash=AQGL7oJg_dAEZ_ak", "width": 534}}, "target": {"url": "http://l.facebook.com/l.php?u=http%3A%2F%2Fbuff.ly%2F2tzHFOj&h=AT0IjTPuWdn1mJAJXnXIEkr6V-JRBjON4_t6v6VOe2HGLBBp8FLDyN4GMu1ocDy-UeVx3fFa1xCV8EhwDW3U3N0DJ7zNgPn8ZAywKxAkM_mHA6qOBAYktgBossg9Zafc&s=1"}, "title": "ASU class offers a local look into human trafficking", "type": "share", "url": "http://l.facebook.com/l.php?u=http%3A%2F%2Fbuff.ly%2F2tzHFOj&h=AT0IjTPuWdn1mJAJXnXIEkr6V-JRBjON4_t6v6VOe2HGLBBp8FLDyN4GMu1ocDy-UeVx3fFa1xCV8EhwDW3U3N0DJ7zNgPn8ZAywKxAkM_mHA6qOBAYktgBossg9Zafc&s=1"}]}, "id": "1003344626383879_1522323657819304"}