{"created_time": "2017-06-07T00:10:57+0000", "message": "The power of a tag!", "permalink_url": "https://www.facebook.com/helperase/videos/1500700383314965/", "attachments": {"data": [{"media": {"image": {"height": 720, "src": "https://scontent-lax3-2.xx.fbcdn.net/v/t15.5256-10/p720x720/19024164_1500719699979700_2317794503039123456_n.jpg?_nc_cat=107&ccb=1-3&_nc_sid=ad6a45&_nc_ohc=IWTnh1hN5vsAX97YLx5&_nc_ht=scontent-lax3-2.xx&tp=6&oh=36a8e39fcdc3aaa2348743b53d697139&oe=60713D94", "width": 720}}, "target": {"id": "1500700383314965", "url": "https://www.facebook.com/helperase/videos/1500700383314965/"}, "title": "The Power of a # tag!", "type": "video_inline", "url": "https://www.facebook.com/helperase/videos/1500700383314965/"}]}, "id": "1003344626383879_1500700383314965"}