{"created_time": "2017-06-05T11:14:06+0000", "message": "#HelpErase #humantrafficking #CreatingChange", "message_tags": [{"id": "600288956648476", "name": "#helpERASE", "offset": 0, "length": 10}, {"id": "146391798860479", "name": "#humantrafficking", "offset": 11, "length": 17}, {"id": "146366755540354", "name": "#creatingchange", "offset": 29, "length": 15}], "permalink_url": "https://www.facebook.com/1003344626383879/posts/1499066593478344/", "attachments": {"data": [{"description": "ANAHEIM \u2014 In 2012, as various Orange County agencies teamed up to address the sexual exploitation of children, they discovered 17 victims in the county. A year later, the number had more than\u2026", "media": {"image": {"height": 659, "src": "https://external-lax3-1.xx.fbcdn.net/safe_image.php?d=AQGqHK4cibrMPawA&w=659&h=659&url=http%3A%2F%2Fwww.ocregister.com%2Fwp-content%2Fuploads%2F2017%2F05%2F0601_nws_ocr-l-campaign-02-1.jpg%3Fw%3D1024%26h%3D659&cfs=1&sx=148&sy=0&sw=659&sh=659&_nc_cb=1&_nc_hash=AQG_UBLji5TYdnf_", "width": 659}}, "target": {"url": "http://l.facebook.com/l.php?u=http%3A%2F%2Fbuff.ly%2F2sysiUY&h=AT0s0zQSusC0bP7fzWof_D2djeR2RVSJxP0eVnOydqj9ob2jfjpg7_cA4OiH-TlsvYx7eb7s_IvDJJ6t3OgcrFvvgd4pvyEs5s4oypMF60TIVupyfCxo_CT7TmiC1Axh&s=1"}, "title": "County\u2019s sex trafficking awareness campaign focuses on child victims", "type": "share", "url": "http://l.facebook.com/l.php?u=http%3A%2F%2Fbuff.ly%2F2sysiUY&h=AT0s0zQSusC0bP7fzWof_D2djeR2RVSJxP0eVnOydqj9ob2jfjpg7_cA4OiH-TlsvYx7eb7s_IvDJJ6t3OgcrFvvgd4pvyEs5s4oypMF60TIVupyfCxo_CT7TmiC1Axh&s=1"}]}, "id": "1003344626383879_1499066593478344"}