{"created_time": "2020-10-27T23:59:38+0000", "message": "Busting the myths about human trafficking", "permalink_url": "https://www.facebook.com/helperase/videos/812782876227008/", "attachments": {"data": [{"media": {"image": {"height": 720, "src": "https://scontent-lax3-1.xx.fbcdn.net/v/t15.13418-10/s720x720/121672449_758322031392935_557108905735187983_n.jpg?_nc_cat=105&ccb=1-3&_nc_sid=ad6a45&_nc_ohc=atZsen3WUw0AX_gBmf6&_nc_ht=scontent-lax3-1.xx&tp=7&oh=2b698e9ec49db07d649a594dad4c2fa3&oe=60704FAA", "width": 405}}, "target": {"id": "812782876227008", "url": "https://www.facebook.com/helperase/videos/812782876227008/"}, "type": "video_inline", "url": "https://www.facebook.com/helperase/videos/812782876227008/"}]}, "id": "1003344626383879_812782876227008"}