{"created_time": "2017-03-04T19:55:09+0000", "message": "STOP Human Trafficking Event presented by the Rotary. #HelpERASE \u2014 at \ufffcLoyola Marymount University. Part 4 Advocacy", "message_tags": [{"id": "600288956648476", "name": "#helpERASE", "offset": 54, "length": 10}], "place": {"name": "Loyola Marymount University", "location": {"city": "Los Angeles", "country": "United States", "latitude": 33.969826969469, "longitude": -118.41617369629, "state": "CA", "street": "1 LMU Drive", "zip": "90045"}, "id": "215120346084"}, "permalink_url": "https://www.facebook.com/helperase/videos/1395090260542645/", "attachments": {"data": [{"media": {"image": {"height": 720, "src": "https://scontent-lax3-1.xx.fbcdn.net/v/t15.5256-10/p720x720/17140380_1395097690541902_589460153724567552_n.jpg?_nc_cat=101&ccb=1-3&_nc_sid=ad6a45&_nc_ohc=DYmOZBKZN8AAX8ONK9g&_nc_ht=scontent-lax3-1.xx&tp=6&oh=0aac47db333ee92e6ad79166bd46c0a7&oe=60723075", "width": 720}}, "target": {"id": "1395090260542645", "url": "https://www.facebook.com/helperase/videos/1395090260542645/"}, "type": "video_inline", "url": "https://www.facebook.com/helperase/videos/1395090260542645/"}]}, "id": "1003344626383879_1395090260542645"}