{"created_time": "2019-08-10T16:19:39+0000", "message": "Folks, this is why we have to get it right the first time! This is an injustice to the many victims who were/are impacted by the failures of those who are meant to protect and seek justice. We have to do better! #injustice #jeffreyepstein\n\u201cJeffrey Epstein, accused sex trafficker, is dead by apparent suicide.\u201d\nhttps://buff.ly/2KFXexc", "message_tags": [{"id": "522424677800978", "name": "#injustice", "offset": 212, "length": 10}, {"id": "553394428042341", "name": "#jeffreyepstein", "offset": 223, "length": 15}], "permalink_url": "https://www.facebook.com/helperase/photos/a.1029649477086727/2542620065789653/?type=3", "attachments": {"data": [{"description": "Folks, this is why we have to get it right the first time! This is an injustice to the many victims who were/are impacted by the failures of those who are meant to protect and seek justice. We have to do better! #injustice #jeffreyepstein\n\u201cJeffrey Epstein, accused sex trafficker, is dead by apparent suicide.\u201d\nhttps://buff.ly/2KFXexc", "media": {"image": {"height": 720, "src": "https://scontent-lax3-2.xx.fbcdn.net/v/t1.0-9/s720x720/68772324_2542620069122986_6827158736730062848_o.jpg?_nc_cat=111&ccb=1-3&_nc_sid=da1649&_nc_ohc=Q49s13si3cMAX8Rwc0X&_nc_ht=scontent-lax3-2.xx&tp=7&oh=44e8bd2a4eef25c2e41ff55311bb34f7&oe=606DC656", "width": 576}}, "target": {"id": "2542620065789653", "url": "https://www.facebook.com/helperase/photos/a.1029649477086727/2542620065789653/?type=3"}, "title": "Timeline Photos", "type": "photo", "url": "https://www.facebook.com/helperase/photos/a.1029649477086727/2542620065789653/?type=3"}]}, "id": "1003344626383879_2542620065789653"}