{"created_time": "2017-02-01T03:08:49+0000", "message": "30 Days of Facts, Summit Live & Project Arachnid", "message_tags": [{"id": "377985995727652", "name": "SummitLive", "type": "page", "offset": 18, "length": 11}], "permalink_url": "https://www.facebook.com/helperase/videos/1363362693715402/", "attachments": {"data": [{"media": {"image": {"height": 720, "src": "https://scontent-lax3-1.xx.fbcdn.net/v/t15.5256-10/p720x720/16470519_1363371583714513_7124120077019906048_n.jpg?_nc_cat=109&ccb=1-3&_nc_sid=ad6a45&_nc_ohc=yZEfVBTf8ZwAX965kgF&_nc_ht=scontent-lax3-1.xx&tp=6&oh=7ca68fdbf8a7104bacf58a22b6c18683&oe=606F4FEF", "width": 720}}, "target": {"id": "1363362693715402", "url": "https://www.facebook.com/helperase/videos/1363362693715402/"}, "title": "30 Days of Facts", "type": "video_inline", "url": "https://www.facebook.com/helperase/videos/1363362693715402/"}]}, "id": "1003344626383879_1363362693715402"}