{"created_time": "2017-01-22T16:37:48+0000", "message": "Fact #19  99% of the buyers of sex trafficking victims are male with a median age of 42.5.\n30 Facts ~ National Slavery and Human Trafficking Prevention Month #Awareness #Prevention #Education", "message_tags": [{"id": "402127356550229", "name": "#awareness", "offset": 158, "length": 10}, {"id": "320571564713268", "name": "#prevention", "offset": 169, "length": 11}, {"id": "601052526576079", "name": "#education", "offset": 181, "length": 10}], "permalink_url": "https://www.facebook.com/helperase/photos/a.1381766311875040/1353266454725026/?type=3", "attachments": {"data": [{"description": "Fact #19  99% of the buyers of sex trafficking victims are male with a median age of 42.5.\n30 Facts ~ National Slavery and Human Trafficking Prevention Month #Awareness #Prevention #Education", "media": {"image": {"height": 378, "src": "https://scontent-lax3-1.xx.fbcdn.net/v/t31.0-8/s720x720/16143784_1353266454725026_6785914830892827264_o.jpg?_nc_cat=104&ccb=1-3&_nc_sid=e007fa&_nc_ohc=3Ljk0AHQrg8AX_tLyUl&_nc_ht=scontent-lax3-1.xx&tp=7&oh=3e6b2fe2cd5b3a234ecb83d41abff514&oe=607060B6", "width": 720}}, "target": {"id": "1353266454725026", "url": "https://www.facebook.com/helperase/photos/a.1381766311875040/1353266454725026/?type=3"}, "title": "30 Facts about Human Trafficking", "type": "photo", "url": "https://www.facebook.com/helperase/photos/a.1381766311875040/1353266454725026/?type=3"}]}, "id": "1003344626383879_1353266454725026"}