{"created_time": "2020-08-21T14:04:06+0000", "message": "\"A focused, sustained effort can have a huge impact on wiping out slave, forced, and child labor.\" #makingadifference", "message_tags": [{"id": "136254236549866", "name": "#makingadifference", "offset": 99, "length": 18}], "permalink_url": "https://www.facebook.com/1003344626383879/posts/3408130122571972/", "attachments": {"data": [{"description": "Key Takeaways - Slave, forced, and child labor is a modern-day reality impacting some 40 million people throughout the world, by some estimates....", "media": {"image": {"height": 720, "src": "https://external-lax3-1.xx.fbcdn.net/safe_image.php?d=AQFQE3nKj2Cq9kbG&w=720&h=720&url=https%3A%2F%2Fjdsupra-static.s3.amazonaws.com%2Fprofile-images%2Fog.9260_216.jpg&cfs=1&_nc_cb=1&_nc_hash=AQHmuxrOQnXJQhfG", "width": 720}}, "target": {"url": "https://l.facebook.com/l.php?u=https%3A%2F%2Fbuff.ly%2F34gnSbt&h=AT1JrUmF1-CU0uR3l5hyrRXs1iQaY5EY65pwXWT8R1Mwt4GJ79sPM4nWMWx3sHHDHZtuKBIN9MNP8OASGfbNIiaTQQMJK8UXLjkpxPXfKM2YLZj93OOY5niaH28rpUYo&s=1"}, "title": "Corporate America can be a Powerful Force for Good to Root out Modern-Day Slavery | JD Supra", "type": "share", "url": "https://l.facebook.com/l.php?u=https%3A%2F%2Fbuff.ly%2F34gnSbt&h=AT1JrUmF1-CU0uR3l5hyrRXs1iQaY5EY65pwXWT8R1Mwt4GJ79sPM4nWMWx3sHHDHZtuKBIN9MNP8OASGfbNIiaTQQMJK8UXLjkpxPXfKM2YLZj93OOY5niaH28rpUYo&s=1"}]}, "id": "1003344626383879_3408130122571972"}