{"created_time": "2020-05-25T17:14:12+0000", "message": "#Repost @marines\n\u30fb\u30fb\u30fb\nWe Remember\n\nThis Memorial Day, we pause to honor our fallen brothers and sisters. We will always remember their sacrifices for our nation.\n\n#USMC #Military #Marines #MemorialDay", "message_tags": [{"id": "141106619392182", "name": "#Repost", "offset": 0, "length": 7}, {"id": "298643763597681", "name": "#usmc", "offset": 162, "length": 5}, {"id": "636709853022238", "name": "#military", "offset": 168, "length": 9}, {"id": "160298660793972", "name": "#marines", "offset": 178, "length": 8}, {"id": "432004783541119", "name": "#memorialday", "offset": 187, "length": 12}], "permalink_url": "https://www.facebook.com/1003344626383879/posts/3164650963586557/", "attachments": {"data": [{"media": {"image": {"height": 640, "src": "https://scontent-lax3-2.xx.fbcdn.net/v/t15.5256-10/100683054_563346601018300_2138477672810938368_n.jpg?_nc_cat=106&ccb=1-3&_nc_sid=ad6a45&_nc_ohc=2Lt9cMA9HhIAX-hZ6hw&_nc_ht=scontent-lax3-2.xx&oh=24faf0723b31107ba733fee133b13ece&oe=606E0AFC", "width": 640}}, "target": {"id": "563346427684984", "url": "https://www.facebook.com/helperase/videos/563346427684984/"}, "type": "video_inline", "url": "https://www.facebook.com/helperase/videos/563346427684984/"}]}, "id": "1003344626383879_3164650963586557"}