{"created_time": "2019-10-08T20:10:00+0000", "message": "https://buff.ly/30XqJ3V\n\"This year\u2019s summit also will include an overview of the school curriculum \u201cNot A Number,\u201d which helps children 12-18 from all backgrounds recognize and prevent human trafficking, county officials said.\"  #HumanTrafficking", "message_tags": [{"id": "146391798860479", "name": "#humantrafficking", "offset": 229, "length": 17}], "permalink_url": "https://www.facebook.com/helperase/photos/a.1029649477086727/2652437698141222/?type=3", "attachments": {"data": [{"description": "https://buff.ly/30XqJ3V\n\"This year\u2019s summit also will include an overview of the school curriculum \u201cNot A Number,\u201d which helps children 12-18 from all backgrounds recognize and prevent human trafficking, county officials said.\"  #HumanTrafficking", "media": {"image": {"height": 433, "src": "https://scontent-lax3-1.xx.fbcdn.net/v/t1.0-9/s720x720/72096734_2652437704807888_8450726588743417856_o.jpg?_nc_cat=102&ccb=1-3&_nc_sid=da1649&_nc_ohc=JWkwQXh-5PQAX9EU8R_&_nc_ht=scontent-lax3-1.xx&tp=7&oh=cff784f55ae113459bb640a529999fce&oe=6070BD16", "width": 720}}, "target": {"id": "2652437698141222", "url": "https://www.facebook.com/helperase/photos/a.1029649477086727/2652437698141222/?type=3"}, "title": "Timeline Photos", "type": "photo", "url": "https://www.facebook.com/helperase/photos/a.1029649477086727/2652437698141222/?type=3"}]}, "id": "1003344626383879_2652437698141222"}