{"created_time": "2019-08-08T20:10:00+0000", "message": "\u201cIndeed, as reminded by HSI, benefitting from forced labor and labor exploitation \u201care matters of criminal and civil law, not just questions of ethical conduct.\u201d https://buff.ly/2MKH2gN", "message_tags": [], "permalink_url": "https://www.facebook.com/helperase/photos/a.1029649477086727/2539448186106841/?type=3", "attachments": {"data": [{"description": "\u201cIndeed, as reminded by HSI, benefitting from forced labor and labor exploitation \u201care matters of criminal and civil law, not just questions of ethical conduct.\u201d https://buff.ly/2MKH2gN", "media": {"image": {"height": 405, "src": "https://scontent-lax3-1.xx.fbcdn.net/v/t1.0-9/s720x720/67657235_2539448189440174_6494892885526183936_o.jpg?_nc_cat=101&ccb=1-3&_nc_sid=da1649&_nc_ohc=NA4nCoNhk8QAX9u4jQR&_nc_ht=scontent-lax3-1.xx&tp=7&oh=89fd2e6ea02181520ed3b69df3ce20ee&oe=606E64A4", "width": 720}}, "target": {"id": "2539448186106841", "url": "https://www.facebook.com/helperase/photos/a.1029649477086727/2539448186106841/?type=3"}, "title": "Timeline Photos", "type": "photo", "url": "https://www.facebook.com/helperase/photos/a.1029649477086727/2539448186106841/?type=3"}]}, "id": "1003344626383879_2539448186106841"}