{"created_time": "2018-12-26T21:10:01+0000", "message": "Nakia Phillips, 39, of Farmington, Missouri, was sentenced today to 22 years in prison for sex trafficking crimes.  He appeared in federal court this morning before U.S. District Court Judge Ronnie White.", "permalink_url": "https://www.facebook.com/1003344626383879/posts/2165564753495188/", "attachments": {"data": [{"description": "Nakia Phillips, 39, of Farmington, Missouri, was sentenced today to 22 years in prison for sex trafficking crimes. He appeared in federal court this morning before U.S. District Court Judge Ronnie White.", "media": {"image": {"height": 521, "src": "https://external-lax3-1.xx.fbcdn.net/safe_image.php?d=AQG9VTCaNr6mCDBv&w=521&h=521&url=http%3A%2F%2Fwww.theglobaldispatch.com%2Fwp-content%2Fuploads%2F2012%2F06%2Fhands-in-handcuffs.jpg&cfs=1&_nc_cb=1&_nc_hash=AQG2xxzF8aZmYEle", "width": 521}}, "target": {"url": "https://l.facebook.com/l.php?u=https%3A%2F%2Fbuff.ly%2F2Ly7vLU&h=AT17ELNE1DzHtpRHKFlqouoxC2PUL5bjGjdsu98ByfKozG4i1rknZO_onR6bI9WfbZPwaxg0ea3Qt7w5b0hioLmhLOJxXUeJC2C-muAcutMdUmP6xWvVjrG7oJ5Z47qf&s=1"}, "title": "Farmington Man, Nakia Phillips Sentenced for Sex Trafficking and Child Pornography", "type": "share", "url": "https://l.facebook.com/l.php?u=https%3A%2F%2Fbuff.ly%2F2Ly7vLU&h=AT17ELNE1DzHtpRHKFlqouoxC2PUL5bjGjdsu98ByfKozG4i1rknZO_onR6bI9WfbZPwaxg0ea3Qt7w5b0hioLmhLOJxXUeJC2C-muAcutMdUmP6xWvVjrG7oJ5Z47qf&s=1"}]}, "id": "1003344626383879_2165564753495188"}