{"created_time": "2018-04-02T01:14:52+0000", "permalink_url": "https://www.facebook.com/1003344626383879/posts/1808387795879554/", "attachments": {"data": [{"media": {"image": {"height": 209, "src": "https://scontent-lax3-1.xx.fbcdn.net/v/t1.0-9/26731531_1498277190277718_6266599544939359515_n.jpg?_nc_cat=101&ccb=1-3&_nc_sid=110474&_nc_ohc=A_BgUFFOBh0AX9r7bWK&_nc_ht=scontent-lax3-1.xx&oh=151d2170975a52248ff59da3ad34b8fe&oe=60700EFB", "width": 241}}, "subattachments": {"data": [{"media": {"image": {"height": 209, "src": "https://scontent-lax3-1.xx.fbcdn.net/v/t1.0-9/26731531_1498277190277718_6266599544939359515_n.jpg?_nc_cat=101&ccb=1-3&_nc_sid=110474&_nc_ohc=A_BgUFFOBh0AX9r7bWK&_nc_ht=scontent-lax3-1.xx&oh=151d2170975a52248ff59da3ad34b8fe&oe=60700EFB", "width": 241}}, "target": {"id": "1498277190277718", "url": "https://www.facebook.com/gloinc.2012/photos/a.1396083463830425/1498277190277718/?type=3"}, "type": "photo", "url": "https://www.facebook.com/gloinc.2012/photos/a.1396083463830425/1498277190277718/?type=3"}, {"media": {"image": {"height": 500, "src": "https://scontent-lax3-2.xx.fbcdn.net/v/t1.0-9/29468409_1498277216944382_6109249336885111770_n.jpg?_nc_cat=107&ccb=1-3&_nc_sid=110474&_nc_ohc=slMnT7_n-5MAX81LjbC&_nc_ht=scontent-lax3-2.xx&oh=dfabc25086f3dd058aabafb2e3661424&oe=606F3675", "width": 512}}, "target": {"id": "1498277216944382", "url": "https://www.facebook.com/gloinc.2012/photos/a.1396083463830425/1498277216944382/?type=3"}, "type": "photo", "url": "https://www.facebook.com/gloinc.2012/photos/a.1396083463830425/1498277216944382/?type=3"}, {"media": {"image": {"height": 720, "src": "https://scontent-lax3-1.xx.fbcdn.net/v/t1.0-9/s720x720/29597983_1498277253611045_7784647954351355021_n.jpg?_nc_cat=105&ccb=1-3&_nc_sid=110474&_nc_ohc=aoWtr0zyIgwAX8yoabe&_nc_ht=scontent-lax3-1.xx&tp=7&oh=70948228c4fd64f82e22f48b0943b33f&oe=6070F41C", "width": 492}}, "target": {"id": "1498277253611045", "url": "https://www.facebook.com/gloinc.2012/photos/a.1396083463830425/1498277253611045/?type=3"}, "type": "photo", "url": "https://www.facebook.com/gloinc.2012/photos/a.1396083463830425/1498277253611045/?type=3"}]}, "target": {"id": "1498277263611044", "url": "https://www.facebook.com/1395307940574644/posts/1498277263611044/"}, "title": "Photos from Guiding Light Outreach Inc.'s post", "type": "album", "url": "https://www.facebook.com/1395307940574644/posts/1498277263611044/"}]}, "id": "1003344626383879_1808387795879554"}