{"created_time": "2018-03-31T18:12:46+0000", "message": "Great work by Gastonia detectives for making a difference in the fight against human trafficking.", "message_tags": [{"id": "1415860535348446", "name": "Gastonia Police Department", "type": "page", "offset": 14, "length": 8}], "permalink_url": "https://www.facebook.com/1003344626383879/posts/1807034842681516/", "attachments": {"data": [{"description": "Two Gastonia Police Detectives \u2013 Adam Wilson and Heather Houser \u2013 have been selected for recognition in a prestigious national awards program, and will represent North Carolina when they receive their award in May. Since [...]", "media": {"image": {"height": 228, "src": "https://external-lax3-1.xx.fbcdn.net/safe_image.php?d=AQGxVq1I-3V4bikm&w=228&h=228&url=https%3A%2F%2Fcityofgastonia.news%2Fwp-content%2Fuploads%2F2018%2F03%2FDetective-Heather-Houser-228x300.jpg&cfs=1&sx=0&sy=0&sw=228&sh=228&_nc_cb=1&_nc_hash=AQEI9Ga-dgg3HlJM", "width": 228}}, "target": {"url": "https://l.facebook.com/l.php?u=https%3A%2F%2Fcityofgastonia.news%2F2018%2F03%2Fgastonia-detectives-wilson-and-houser-honored-in-25th-annual-national-top-cops-awards%2F&h=AT18-JM065eMbWXjr8Bm855Kt_k1SDnXoDdnicz7geKtUVLo8MWHGH9OGvIdIUJkd0EAIidQDWrXDu85DZIOVaz3n9vzyqBkBep9biIlKHXkogTpbBzZC9qBV0hxh7hl&s=1"}, "title": "Gastonia Detectives Wilson and Houser honored in 25th Annual National TOP COPS Awards\u00ae - City News Source", "type": "share", "url": "https://l.facebook.com/l.php?u=https%3A%2F%2Fcityofgastonia.news%2F2018%2F03%2Fgastonia-detectives-wilson-and-houser-honored-in-25th-annual-national-top-cops-awards%2F&h=AT18-JM065eMbWXjr8Bm855Kt_k1SDnXoDdnicz7geKtUVLo8MWHGH9OGvIdIUJkd0EAIidQDWrXDu85DZIOVaz3n9vzyqBkBep9biIlKHXkogTpbBzZC9qBV0hxh7hl&s=1"}]}, "id": "1003344626383879_1807034842681516"}