{"created_time": "2018-03-17T17:08:15+0000", "message": "While groups around the world try to rescue victims and get them to a safe place, that\u2019s only one part of the process, according to experts in this area. They also need to learn skills and develop the ability to make a living on their own. https://buff.ly/2FZ8vZj", "message_tags": [], "permalink_url": "https://www.facebook.com/helperase/photos/a.1029649477086727/1792357350815932/?type=3", "attachments": {"data": [{"description": "While groups around the world try to rescue victims and get them to a safe place, that\u2019s only one part of the process, according to experts in this area. They also need to learn skills and develop the ability to make a living on their own. https://buff.ly/2FZ8vZj", "media": {"image": {"height": 532, "src": "https://scontent-lax3-1.xx.fbcdn.net/v/t1.0-9/s720x720/29314170_1792357354149265_7195545700979965952_n.jpg?_nc_cat=110&ccb=1-3&_nc_sid=da1649&_nc_ohc=Xy8W9aIMaUsAX-DrRi4&_nc_ht=scontent-lax3-1.xx&tp=7&oh=d4ce55f03f9b3d46589045ebdf0f749e&oe=606FD6BA", "width": 720}}, "target": {"id": "1792357350815932", "url": "https://www.facebook.com/helperase/photos/a.1029649477086727/1792357350815932/?type=3"}, "title": "Timeline Photos", "type": "photo", "url": "https://www.facebook.com/helperase/photos/a.1029649477086727/1792357350815932/?type=3"}]}, "id": "1003344626383879_1792357350815932"}