{"created_time": "2019-07-25T14:41:29+0000", "message": "Homeless teens in need of food and shelter are more vulnerable to being trafficked. \u2800\n\"Being homeless and trying to figure out where to stay was a constant experience. I\u2019d have a guy offer me a week\u2019s stability in a room, but then he\u2019d lock me in there and keep me for sexual services. He\u2019d bring me food\u2014that\u2019s more money I\u2019d owe him. You just become more and more indebted.\"\u2014 ROXANNE, INDIGENOUS SURVIVOR AND ADVOCATE\u2800\n#homeless #teens #nofood #noshelter #nosupport #protectourchildren #helperase #humantrafficking", "message_tags": [{"id": "481120345269711", "name": "#homeless", "offset": 421, "length": 9}, {"id": "463487673722479", "name": "#teens", "offset": 431, "length": 6}, {"id": "215904961888258", "name": "#nofood", "offset": 438, "length": 7}, {"id": "509855149072236", "name": "#noshelter", "offset": 446, "length": 10}, {"id": "426169487468740", "name": "#NoSupport", "offset": 457, "length": 10}, {"id": "455354821215296", "name": "#ProtectOurChildren", "offset": 468, "length": 19}, {"id": "600288956648476", "name": "#helpERASE", "offset": 488, "length": 10}, {"id": "146391798860479", "name": "#humantrafficking", "offset": 499, "length": 17}], "permalink_url": "https://www.facebook.com/helperase/photos/a.1029649477086727/2514055595312767/?type=3", "attachments": {"data": [{"description": "Homeless teens in need of food and shelter are more vulnerable to being trafficked. \u2800\n\"Being homeless and trying to figure out where to stay was a constant experience. I\u2019d have a guy offer me a week\u2019s stability in a room, but then he\u2019d lock me in there and keep me for sexual services. He\u2019d bring me food\u2014that\u2019s more money I\u2019d owe him. You just become more and more indebted.\"\u2014 ROXANNE, INDIGENOUS SURVIVOR AND ADVOCATE\u2800\n#homeless #teens #nofood #noshelter #nosupport #protectourchildren #helperase #humantrafficking", "media": {"image": {"height": 720, "src": "https://scontent-lax3-1.xx.fbcdn.net/v/t1.0-9/p720x720/67749951_2514055601979433_5327283305731588096_o.jpg?_nc_cat=103&ccb=1-3&_nc_sid=2d5d41&_nc_ohc=sfbh7MGI2SIAX9v-ypj&_nc_ht=scontent-lax3-1.xx&tp=6&oh=a918ce76993703bf7b09807e9df17ca1&oe=606E2471", "width": 720}}, "target": {"id": "2514055595312767", "url": "https://www.facebook.com/helperase/photos/a.1029649477086727/2514055595312767/?type=3"}, "title": "Timeline Photos", "type": "photo", "url": "https://www.facebook.com/helperase/photos/a.1029649477086727/2514055595312767/?type=3"}]}, "id": "1003344626383879_2514055595312767"}