{"created_time": "2018-02-10T21:04:02+0000", "message": "Human trafficking can take many forms, from sex slavery to forced labor and debt bondage. Any kind of human trafficking is a violation of civil law in addition to being a criminal offense. You can bring both a federal and/or state trafficking claims against your employer.", "permalink_url": "https://www.facebook.com/1003344626383879/posts/1754505037934497/", "attachments": {"data": [{"description": "This week\u2019s question comes from Joe in San Francisco, who writes: Q: My wife and I learned of a great opportunity to work in a restaurant in San Francisco. We \u2026", "media": {"image": {"height": 720, "src": "https://external-lax3-1.xx.fbcdn.net/safe_image.php?d=AQGTPasgqw8zXMNs&w=720&h=720&url=http%3A%2F%2Fs79f01z693v3ecoes3yyjsg1.wpengine.netdna-cdn.com%2Fwp-content%2Fuploads%2F2018%2F02%2Ff.Dolan_.0208.jpg&cfs=1&_nc_cb=1&_nc_hash=AQEQ7qZ8wYOiLiUe", "width": 720}}, "target": {"url": "http://l.facebook.com/l.php?u=http%3A%2F%2Fj.mp%2F2EU27Q5&h=AT0GcTtozA3SX7bhhiGmkOhimLL-UOW-y_qzJU0tELH2BiAHb8ujHVe2Nj20cOG2qyo3l2_G9Fs9FMhK0haA6cqYaf7kGoKpSElC53NuUgeUTHL4dGsnlpfER0oPDBBw&s=1"}, "title": "Human trafficking can take many forms", "type": "share", "url": "http://l.facebook.com/l.php?u=http%3A%2F%2Fj.mp%2F2EU27Q5&h=AT0GcTtozA3SX7bhhiGmkOhimLL-UOW-y_qzJU0tELH2BiAHb8ujHVe2Nj20cOG2qyo3l2_G9Fs9FMhK0haA6cqYaf7kGoKpSElC53NuUgeUTHL4dGsnlpfER0oPDBBw&s=1"}]}, "id": "1003344626383879_1754505037934497"}