{"created_time": "2018-02-08T21:04:02+0000", "message": "teens and young adults can potentially become victims by doing seemingly normal things like dating, playing sports, going to school or visiting local youth hangouts.  \u201cIt could be they are dropped off at school, and once the parent drives away, they could be picked up by a trafficker and then returned\u2026 It could be staying after school, but not really staying after school,\u201d", "permalink_url": "https://www.facebook.com/1003344626383879/posts/1752323238152677/", "attachments": {"data": [{"description": "Teens and young adults can find themselves susceptible to more than just growing pains \u2014 those ages 12 to 25 are among the most susceptible to human traffickers.", "media": {"image": {"height": 433, "src": "https://external-lax3-1.xx.fbcdn.net/safe_image.php?d=AQFzuSLz7Yo5w4kA&w=433&h=433&url=https%3A%2F%2Fbloximages.chicago2.vip.townnews.com%2Fvoicenews.com%2Fcontent%2Ftncms%2Fassets%2Fv3%2Feditorial%2F9%2Fc3%2F9c34d8cd-f724-5357-a45a-2873e42e980a%2F5a76b681c81ce.image.jpg%3Fresize%3D650%252C433&cfs=1&_nc_cb=1&_nc_hash=AQGQ7YbIbx3tleaz", "width": 433}}, "target": {"url": "http://l.facebook.com/l.php?u=http%3A%2F%2Fj.mp%2F2Eo2wwj&h=AT2_EvgKibQa3PHD_1ctsf3ou9Zte9Zkubu3dVfACa9KMDHf5aRDmUhkG-BoeOpKkmig4TuYan35Cf4HCraU20WGYCedM00HfartYvAnwtvNpnTi3uc66zYQU8N-kPWu&s=1"}, "title": "Kiwanis to host presentation on human trafficking in New Baltimore", "type": "share", "url": "http://l.facebook.com/l.php?u=http%3A%2F%2Fj.mp%2F2Eo2wwj&h=AT2_EvgKibQa3PHD_1ctsf3ou9Zte9Zkubu3dVfACa9KMDHf5aRDmUhkG-BoeOpKkmig4TuYan35Cf4HCraU20WGYCedM00HfartYvAnwtvNpnTi3uc66zYQU8N-kPWu&s=1"}]}, "id": "1003344626383879_1752323238152677"}