{"created_time": "2018-07-06T20:10:03+0000", "message": "\"Trafficking occurs across all socioeconomic demographics, among all races, and ages; from a very young age to middle aged victims, people are being treated like human slaves.\"", "permalink_url": "https://www.facebook.com/1003344626383879/posts/1917454991639500/", "attachments": {"data": [{"description": "Every high school in my area has reported cases of human sex trafficking. Every high school. Some girls are being recruited by other girls during the school day. Every 30", "media": {"image": {"height": 216, "src": "https://external-lax3-1.xx.fbcdn.net/safe_image.php?w=216&h=216&url=https%3A%2F%2Fbloximages.newyork1.vip.townnews.com%2Findependenttribune.com%2Fcontent%2Ftncms%2Fassets%2Fv3%2Feditorial%2F6%2F77%2F67748b0d-2f1f-5a09-8413-d49ab2a82512%2F5b3cc029c32a2.image.jpg%3Fresize%3D216%252C284&cfs=1&sx=0&sy=5&sw=216&sh=216&_nc_cb=1&_nc_hash=AQEGE5GLT74h4K0V", "width": 216}}, "target": {"url": "https://l.facebook.com/l.php?u=https%3A%2F%2Fbuff.ly%2F2lSt5i9&h=AT16sATqR0IwQbG9B-RmxO3h2_X3Ig8xm0xXfwNRhPOoG2oPPFpRNFSBM_xYiHjbwzP13Cyx3-wV57sGY0DWoNn4rI111TDdHvP048UWGWHyg7WcyRCkbBOVesNLALRF&s=1"}, "title": "The slave next door: Human trafficking is here", "type": "share", "url": "https://l.facebook.com/l.php?u=https%3A%2F%2Fbuff.ly%2F2lSt5i9&h=AT16sATqR0IwQbG9B-RmxO3h2_X3Ig8xm0xXfwNRhPOoG2oPPFpRNFSBM_xYiHjbwzP13Cyx3-wV57sGY0DWoNn4rI111TDdHvP048UWGWHyg7WcyRCkbBOVesNLALRF&s=1"}]}, "id": "1003344626383879_1917454991639500"}