{"created_time": "2017-12-21T15:14:03+0000", "message": "Brownback declares January human trafficking awareness month. \nHuman trafficking has been a signature issue for Kansas Attorney General Derek Schmidt, who said the state served more than 420 trafficking victims with services last fiscal year.", "permalink_url": "https://www.facebook.com/1003344626383879/posts/1701995636518771/", "attachments": {"data": [{"description": "Gov. Sam Brownback on Tuesday declared January would be Kansas Human Trafficking Awareness Month with a proclamation he signed at the Statehouse.", "media": {"image": {"height": 720, "src": "https://external-lax3-1.xx.fbcdn.net/safe_image.php?d=AQHrH5ClmlyxVtLb&w=720&h=720&url=http%3A%2F%2Fcjonline.com%2Fsites%2Fdefault%2Ffiles%2Fimages%2F5241752_web0_copy_IMG_3646.jpg&cfs=1&sx=479&sy=0&sw=1536&sh=1536&_nc_cb=1&_nc_hash=AQFq4KFpQiZjz_e3", "width": 720}}, "target": {"url": "http://l.facebook.com/l.php?u=http%3A%2F%2Fj.mp%2F2BNtfRw&h=AT2cE3okMd80SmjVAktgJ1JOo73zw0pSWmofOF7_OLe_nO3po4ybvLCc5INTSVVJhjWbpCBHvfzJ31rlvn-IOb-2HLIkUciE5rH6EdWNYYCYMDpdam1UKkYNAIPrMfIu&s=1"}, "title": "Brownback declares January human trafficking awareness month", "type": "share", "url": "http://l.facebook.com/l.php?u=http%3A%2F%2Fj.mp%2F2BNtfRw&h=AT2cE3okMd80SmjVAktgJ1JOo73zw0pSWmofOF7_OLe_nO3po4ybvLCc5INTSVVJhjWbpCBHvfzJ31rlvn-IOb-2HLIkUciE5rH6EdWNYYCYMDpdam1UKkYNAIPrMfIu&s=1"}]}, "id": "1003344626383879_1701995636518771"}