{"created_time": "2017-12-14T21:04:03+0000", "message": "Just like Child Sex Trafficking, Labor Trafficking happens in our own backyard. \n\n\"Forced labor uncovered at New York waterfront wedding hall.\"", "permalink_url": "https://www.facebook.com/1003344626383879/posts/1695187860532882/", "attachments": {"data": [{"description": "NEW YORK (Thomson Reuters Foundation) - U.S. authorities have accused two men in New York of recruiting immigrants from the Philippines to work for little or no pay at an historic catering hall in a\u2026", "media": {"image": {"height": 710, "src": "https://external-lax3-1.xx.fbcdn.net/safe_image.php?d=AQExOk96V1gxfIwa&w=710&h=710&url=https%3A%2F%2Fbuffer-media-uploads.s3.amazonaws.com%2F5a329c72fc7ffc3e5563e1dc%2Fc809f7fd47a97acc9087a0bf1f1bf7f1245a4762_3e3fd3fb21828bb8b8f466fe4c954f768acaa1c6_facebook&cfs=1&_nc_cb=1&_nc_hash=AQGA83FHO1NLxPvE", "width": 710}}, "target": {"url": "http://l.facebook.com/l.php?u=http%3A%2F%2Fj.mp%2F2Cjud5s&h=AT2El6R0rgFyIbvM-EEAcP5U0wqW1GMjBIcdOqnR038ylV8Qqo3UkE4NI6fZyatAfMpTfTAuam5iMyTZ14GXUsevEjQ9Sx40wYUPr_OxK47VuMBkbNeHBUEYXRv7V1XC&s=1"}, "title": "Forced labor uncovered at New York waterfront wedding hall, authoritie", "type": "share", "url": "http://l.facebook.com/l.php?u=http%3A%2F%2Fj.mp%2F2Cjud5s&h=AT2El6R0rgFyIbvM-EEAcP5U0wqW1GMjBIcdOqnR038ylV8Qqo3UkE4NI6fZyatAfMpTfTAuam5iMyTZ14GXUsevEjQ9Sx40wYUPr_OxK47VuMBkbNeHBUEYXRv7V1XC&s=1"}]}, "id": "1003344626383879_1695187860532882"}