{"created_time": "2019-09-09T14:04:03+0000", "message": "In response to the rise in human trafficking cases reported around the state, Michigan now requires all counseling professionals to receive training on the topic. #michigan #healthcare  #endhumantrafficking", "message_tags": [{"id": "496507953740938", "name": "#michigan", "offset": 163, "length": 9}, {"id": "617301491629916", "name": "#healthcare", "offset": 173, "length": 11}, {"id": "593609360666840", "name": "#endhumantrafficking", "offset": 186, "length": 20}], "permalink_url": "https://www.facebook.com/1003344626383879/posts/2596532767065049/", "attachments": {"data": [{"description": "LANSING, MICH. (WLNS) \u2014 Healthcare workers are coming together from a across the state to get a handle on a growing issue. They are being trained to spot human trafficking and victims. Mental\u2026", "media": {"image": {"height": 433, "src": "https://external-lax3-1.xx.fbcdn.net/safe_image.php?d=AQHBn8_dYGIRcl_x&w=433&h=433&url=https%3A%2F%2Fwww.wlns.com%2Fwp-content%2Fuploads%2Fsites%2F50%2F2016%2F06%2Fattorney-genereal-bill-schuette-speaks-in-an-effort-to-stop-human-trafficking-dc5444d0f0c57316jpg-d1828f2f0c4a44df-e1469614282443_38158792_ver1.0.jpg%3Fw%3D650%26h%3D433%26crop%3D1&cfs=1&sx=0&sy=0&sw=433&sh=433&_nc_cb=1&_nc_hash=AQGS8U01w5Dh_RyG", "width": 433}}, "target": {"url": "https://l.facebook.com/l.php?u=https%3A%2F%2Fbuff.ly%2F2HTY7lr&h=AT0zRdK4DBD1_El9loGdckuWpdnaooJvXT-kLANCmS6_j4kGfecGQeUktjf6z3igN09q1KIByv5I_w8Vm6frCjlG9LP0vA7srURH95BNXFaz65e9bTNsilU09HAQsvoz&s=1"}, "title": "Healthcare workers training to spot human trafficking", "type": "share", "url": "https://l.facebook.com/l.php?u=https%3A%2F%2Fbuff.ly%2F2HTY7lr&h=AT0zRdK4DBD1_El9loGdckuWpdnaooJvXT-kLANCmS6_j4kGfecGQeUktjf6z3igN09q1KIByv5I_w8Vm6frCjlG9LP0vA7srURH95BNXFaz65e9bTNsilU09HAQsvoz&s=1"}]}, "id": "1003344626383879_2596532767065049"}