{"created_time": "2017-10-13T14:14:07+0000", "message": "Mai partnered with filmmaker Sadhvi Siddhali Shree as the executive producer for a powerful and raw documentary entitled Stopping Traffic: The Movement to End Sex Trafficking.", "permalink_url": "https://www.facebook.com/1003344626383879/posts/1630766350308367/", "attachments": {"data": [{"description": "According to the Department of Homeland Security, every year millions of men, women and children are trafficked in countries around the world, generating billio\u2026", "media": {"image": {"height": 720, "src": "https://external-lax3-1.xx.fbcdn.net/safe_image.php?d=AQF0TFKVk_bZ4_hF&w=720&h=720&url=https%3A%2F%2Fbuffer-media-uploads.s3.amazonaws.com%2F59de70dcc12632696aebbf81%2Ff4fe37e7accbdc5fa8e9bc36c5dc4845f84611e3_aeb856d9f6296c71bb790a2a61649d7946a68b1f_facebook&cfs=1&sx=282&sy=0&sw=1018&sh=1018&_nc_cb=1&_nc_hash=AQEFi8Zj03vNUdWR", "width": 720}}, "target": {"url": "http://l.facebook.com/l.php?u=http%3A%2F%2Fj.mp%2F2yhrKJh&h=AT1Jv89iFKV_6kd32YaxA2lY-v3b_sfobzRzi6XyKnMqxT1rXBVzej6HgTLfyWyfAehzFMJN_MVgGjxLZyN92RCh_hvioU9cSJ0ya670rJfZFAMRmZXVsZGVUALm-VwV&s=1"}, "title": "\u2018The Real\u2019s\u2019 Jeannie Mai is raising awareness of human trafficking in new film", "type": "share", "url": "http://l.facebook.com/l.php?u=http%3A%2F%2Fj.mp%2F2yhrKJh&h=AT1Jv89iFKV_6kd32YaxA2lY-v3b_sfobzRzi6XyKnMqxT1rXBVzej6HgTLfyWyfAehzFMJN_MVgGjxLZyN92RCh_hvioU9cSJ0ya670rJfZFAMRmZXVsZGVUALm-VwV&s=1"}]}, "id": "1003344626383879_1630766350308367"}