{"created_time": "2017-09-18T20:04:04+0000", "message": "Recent natural disasters around the world have left an alarming number of children and young adults homeless. These children are at extreme risk of being trafficked. \n\nContact your local anti-human trafficking non-profit to see how you can help. Or you can click the Donate link in our profile to donate towards providing victim services. \n#Protect #Homeless #Children", "message_tags": [{"id": "442454609165046", "name": "#protect", "offset": 340, "length": 8}, {"id": "481120345269711", "name": "#homeless", "offset": 349, "length": 9}, {"id": "449178375158111", "name": "#children", "offset": 359, "length": 9}], "permalink_url": "https://www.facebook.com/helperase/photos/a.1029649477086727/1607653485952987/?type=3", "attachments": {"data": [{"description": "Recent natural disasters around the world have left an alarming number of children and young adults homeless. These children are at extreme risk of being trafficked. \n\nContact your local anti-human trafficking non-profit to see how you can help. Or you can click the Donate link in our profile to donate towards providing victim services. \n#Protect #Homeless #Children", "media": {"image": {"height": 604, "src": "https://scontent-lax3-1.xx.fbcdn.net/v/t1.0-9/s720x720/21558861_1607653485952987_1640714145765149799_n.jpg?_nc_cat=100&ccb=1-3&_nc_sid=da1649&_nc_ohc=1pc9zSPY0LQAX97dcXE&_nc_ht=scontent-lax3-1.xx&tp=7&oh=712ee1f3910a9ba171b85cb91954f880&oe=607062C6", "width": 720}}, "target": {"id": "1607653485952987", "url": "https://www.facebook.com/helperase/photos/a.1029649477086727/1607653485952987/?type=3"}, "title": "Timeline Photos", "type": "photo", "url": "https://www.facebook.com/helperase/photos/a.1029649477086727/1607653485952987/?type=3"}]}, "id": "1003344626383879_1607653485952987"}