{"created_time": "2017-09-13T13:14:00+0000", "message": "Halverson cited a 2017 study from the American Journal of Public Health which \"Found that girls who were sexually abused as children were 2.5 times more likely to be sex trafficked, but for boys their risk factor of being sex trafficked was over eight times greater if they had been sexually abused.\"", "permalink_url": "https://www.facebook.com/1003344626383879/posts/1603147946403541/", "attachments": {"data": [{"description": "Organizations call attention to the lack of resources available to male sex abuse and trafficking victims.", "media": {"image": {"height": 340, "src": "https://external-lax3-1.xx.fbcdn.net/safe_image.php?d=AQHlnQI9VyOPWZUZ&w=340&h=340&url=https%3A%2F%2Fbuffer-media-uploads.s3.amazonaws.com%2F59b1f32e737db3a15f3d58d4%2F6f3296c968d61e2cdae80efb81da9f7ee5d77af8_3dc1bdfc0fb5234eadd55e6d066cf119a6db7b27_facebook&cfs=1&_nc_cb=1&_nc_hash=AQFNi0IErxiQOlDy", "width": 340}}, "target": {"url": "http://l.facebook.com/l.php?u=http%3A%2F%2Fj.mp%2F2j7OGET&h=AT2HnG4cEEI95ceviUY8v7wwCkKsk_EZ3NBfGShwjV2YurgmC8_G7UbJfa8SGTrjCZ6ok0tTykfCeH_577w6hkVmKaK4XhUE-qfQj-SLEv0woJe0khH3iLe2MXO3xQYo&s=1"}, "title": "Advocates Raise Awareness about the Hidden and Ignored Suffering of Male Sex Trafficking Victims", "type": "share", "url": "http://l.facebook.com/l.php?u=http%3A%2F%2Fj.mp%2F2j7OGET&h=AT2HnG4cEEI95ceviUY8v7wwCkKsk_EZ3NBfGShwjV2YurgmC8_G7UbJfa8SGTrjCZ6ok0tTykfCeH_577w6hkVmKaK4XhUE-qfQj-SLEv0woJe0khH3iLe2MXO3xQYo&s=1"}]}, "id": "1003344626383879_1603147946403541"}