{"created_time": "2017-08-23T23:04:08+0000", "message": "\u201cThere are some misconceptions about human trafficking, the first is that human trafficking only involves commercial sex trafficking, and indeed that is a big part of it, but there is a lot more to it than that. It is mining, forced military service, working in nail salons and other industries,\u201d Schunemann said. \u201cThe other big misconception is that it doesn\u2019t happen around here, and it absolutely does.\u201d", "permalink_url": "https://www.facebook.com/1003344626383879/posts/1585330968185239/", "attachments": {"data": [{"description": "Concord's Jennifer Schunemann was looking for a new challenge after selling her medical publishing company a couple years ago; when she discovered the", "media": {"image": {"height": 601, "src": "https://external-lax3-1.xx.fbcdn.net/safe_image.php?d=AQEjW_1HesqxkVWR&w=601&h=601&url=https%3A%2F%2Fbuffer-media-uploads.s3.amazonaws.com%2F599c884ff7b5eece09afb145%2Fc2f97e425deef1fccea883a576e5e45325c15b7c_fe35fb413b5f7c733a075decf80d14988bd57d84_facebook&cfs=1&sx=175&sy=0&sw=601&sh=601&_nc_cb=1&_nc_hash=AQGcRctwPFpNw2CE", "width": 601}}, "target": {"url": "http://l.facebook.com/l.php?u=http%3A%2F%2Fj.mp%2F2w0DJaY&h=AT3JNOMP70S6CUSRxz2xqzyfk_dzNSXSGCfkmFCACYGAwWhxOj9NgUNNuUuoXKCxZuqot_QfYSkH389Z-r-9gffa6iY6y0gOtrMv0HEtD7tw7IgPK6Zby10S5uobf3LN&s=1"}, "title": "Concord resident works to aid victims of human trafficking", "type": "share", "url": "http://l.facebook.com/l.php?u=http%3A%2F%2Fj.mp%2F2w0DJaY&h=AT3JNOMP70S6CUSRxz2xqzyfk_dzNSXSGCfkmFCACYGAwWhxOj9NgUNNuUuoXKCxZuqot_QfYSkH389Z-r-9gffa6iY6y0gOtrMv0HEtD7tw7IgPK6Zby10S5uobf3LN&s=1"}]}, "id": "1003344626383879_1585330968185239"}