{"created_time": "2017-07-04T11:14:03+0000", "permalink_url": "https://www.facebook.com/1003344626383879/posts/1533206803397656/", "attachments": {"data": [{"description": "A Jacksonville City Councilman wants more types of businesses to be required to post human-trafficking awareness signs. Although a 2015 state law requires", "media": {"image": {"height": 600, "src": "https://external-lax3-1.xx.fbcdn.net/safe_image.php?d=AQGhHagB1NN1F5X5&w=600&h=600&url=https%3A%2F%2Fbuffer-media-uploads.s3.amazonaws.com%2F595a56dc6a9f80cf02fda212%2F5225d7c5f8e1ea85980b0d875cd6f0637462a4fb_7e8568fddb5b5e9c2f3fca20728f62cc3ad28df9_facebook&cfs=1&sx=43&sy=0&sw=600&sh=600&_nc_cb=1&_nc_hash=AQHYfH-5LTgPkp2_", "width": 600}}, "target": {"url": "http://l.facebook.com/l.php?u=http%3A%2F%2Fbuff.ly%2F2timErG&h=AT3PJGSfniy0cKpBvXuTCYb3_vkYlX1IkWXuRdS8Ma7oNL_TTNCougKLk4SqkmAMl_ung3W8-OHK-rCcP-9M498IKUYeEU-66ZAhfdGI42Gg6V-0KK92Y1A3GudIUEQc&s=1"}, "title": "More Businesses Would Promote Human-Trafficking Awareness Under Jacksonville Bill", "type": "share", "url": "http://l.facebook.com/l.php?u=http%3A%2F%2Fbuff.ly%2F2timErG&h=AT3PJGSfniy0cKpBvXuTCYb3_vkYlX1IkWXuRdS8Ma7oNL_TTNCougKLk4SqkmAMl_ung3W8-OHK-rCcP-9M498IKUYeEU-66ZAhfdGI42Gg6V-0KK92Y1A3GudIUEQc&s=1"}]}, "id": "1003344626383879_1533206803397656"}