{"created_time": "2017-06-26T11:14:00+0000", "message": "\u201cMy kids probably know everything, but I had no idea. It was an eye opener.\u201d\nParents need to catch up with kids when it comes to the latest technology to help keep them safe. #socialmedia #Safety", "message_tags": [{"id": "431430386941743", "name": "#socialmedia", "offset": 175, "length": 12}, {"id": "358022567645604", "name": "#safety", "offset": 188, "length": 7}], "permalink_url": "https://www.facebook.com/1003344626383879/posts/1522821754436161/", "attachments": {"data": [{"description": "Parents received a wakeup call on technology and internet safety at a free cyber education presentation hosted on June 13 by the Rancho Bernardo Community Council.", "media": {"image": {"height": 720, "src": "https://external-lax3-1.xx.fbcdn.net/safe_image.php?d=AQFwvNvA9DqnEiOI&w=720&h=720&url=https%3A%2F%2Fbuffer-media-uploads.s3.amazonaws.com%2F594c6c8f8dcc951309813e18%2F12e4d2d24177222976183f0622008231f76e3cf6_ad5664c483aca5ae12007c02dee669579b2a563c_facebook&cfs=1&sx=683&sy=0&sw=1365&sh=1365&_nc_cb=1&_nc_hash=AQFibvHA8PwOQMRO", "width": 720}}, "target": {"url": "http://l.facebook.com/l.php?u=http%3A%2F%2Fbuff.ly%2F2rXgsI0&h=AT2ZmS6pXKPemSLmNLeawpaRF-fm9jVpDghPl7pzJSMMjrcQVmHf5aVM1TxR_cZ-Fk6E1b_P6SsU7RazrMfGM_X-eBtxkSRmvlepQ-ap8Z3KiyOWMojm1fMLFzH5yymK&s=1"}, "title": "Cyber education class teaches parents about internet safety", "type": "share", "url": "http://l.facebook.com/l.php?u=http%3A%2F%2Fbuff.ly%2F2rXgsI0&h=AT2ZmS6pXKPemSLmNLeawpaRF-fm9jVpDghPl7pzJSMMjrcQVmHf5aVM1TxR_cZ-Fk6E1b_P6SsU7RazrMfGM_X-eBtxkSRmvlepQ-ap8Z3KiyOWMojm1fMLFzH5yymK&s=1"}]}, "id": "1003344626383879_1522821754436161"}