{"created_time": "2017-06-20T00:07:00+0000", "message": "Law Requires Posting of Public Notices Regarding Slavery and Human Trafficking @AntiochPolice #HelpErase #HumanTrafficking #CreatingChange", "message_tags": [{"id": "600288956648476", "name": "#helpERASE", "offset": 94, "length": 10}, {"id": "146391798860479", "name": "#humantrafficking", "offset": 105, "length": 17}, {"id": "146366755540354", "name": "#creatingchange", "offset": 123, "length": 15}], "permalink_url": "https://www.facebook.com/1003344626383879/posts/1515436215174715/", "attachments": {"data": [{"description": "On Thursday, the Contra Costa County Human Trafficking Coalition, in collaboration with the District Attorney\u2019s Office, worked with local law enforcement agencies to raise awareness of human traffi\u2026", "media": {"image": {"height": 288, "src": "https://external-lax3-1.xx.fbcdn.net/safe_image.php?d=AQEjO7Yuxxz0kuru&w=288&h=288&url=https%3A%2F%2Fbuffer-media-uploads.s3.amazonaws.com%2F594597f4739b8b2b3b0c5e75%2Fadb2acb14603433160614d555bea07210d0c183c_615867011be01c8e69de40bfa25cb0eb85afe8de_facebook&cfs=1&_nc_cb=1&_nc_hash=AQHbkBVJYaKUQh2x", "width": 288}}, "target": {"url": "http://l.facebook.com/l.php?u=http%3A%2F%2Fbuff.ly%2F2sBXJRB&h=AT1J4MpRRzWCbqEfq8yOhnZ_IjzpaE0Dwc4lVjPK45bm5u9dXNvl7IPvo6TkUNonBFPR15ioTQcYLEO8fIsGyXaPbj_Oeb3ea9kIYig3NneizKkk7PRSzUPkOr-XO9-r&s=1"}, "title": "Law Requires Posting of Public Notices Regarding Slavery and Human Trafficking", "type": "share", "url": "http://l.facebook.com/l.php?u=http%3A%2F%2Fbuff.ly%2F2sBXJRB&h=AT1J4MpRRzWCbqEfq8yOhnZ_IjzpaE0Dwc4lVjPK45bm5u9dXNvl7IPvo6TkUNonBFPR15ioTQcYLEO8fIsGyXaPbj_Oeb3ea9kIYig3NneizKkk7PRSzUPkOr-XO9-r&s=1"}]}, "id": "1003344626383879_1515436215174715"}