{"created_time": "2017-06-19T00:07:03+0000", "permalink_url": "https://www.facebook.com/1003344626383879/posts/1514478031937200/", "attachments": {"data": [{"description": "MINNETONKA \u2014 Two high school girls were sitting with Ricky Arlen Turner in his car, just outside his home, on the evening he was arrested for several crimes including sex", "media": {"image": {"height": 630, "src": "https://external-lax3-1.xx.fbcdn.net/safe_image.php?d=AQGqTVzmdFhaD4JP&w=630&h=630&url=https%3A%2F%2Fbuffer-media-uploads.s3.amazonaws.com%2F594596c4d350df7117a6fb6d%2F5cd2fe5815ed25954af1c9e76fd7a6b8ea4c0003_93d229274995d286a5a8db60756919259934c034_facebook&cfs=1&_nc_cb=1&_nc_hash=AQHpWgbEY_U7ltb-", "width": 630}}, "target": {"url": "http://l.facebook.com/l.php?u=http%3A%2F%2Fbuff.ly%2F2rrGsqT&h=AT0Dg_H2aDS2m4ds5WVOmukx5B5F-VKV3NStj1sp72XOjSYozjI3HvqxmaTLuRHr60rEYhbxACgGm85no34nKUfNHmvOYdgYqq4mmsLWGcGRA7isoYDuyJpDwT1YyfVP&s=1"}, "title": "Sex trafficking in the southwest suburbs: yes, it's here", "type": "share", "url": "http://l.facebook.com/l.php?u=http%3A%2F%2Fbuff.ly%2F2rrGsqT&h=AT0Dg_H2aDS2m4ds5WVOmukx5B5F-VKV3NStj1sp72XOjSYozjI3HvqxmaTLuRHr60rEYhbxACgGm85no34nKUfNHmvOYdgYqq4mmsLWGcGRA7isoYDuyJpDwT1YyfVP&s=1"}]}, "id": "1003344626383879_1514478031937200"}