{"created_time": "2017-05-28T13:19:59+0000", "message": "This 8 year old little girl has endured more than any human should ever have to endure. Thanks to Hope for Justice she can begin her journey of healing. \n#HelpERASE", "message_tags": [{"id": "109500543281", "name": "Hope for Justice", "type": "page", "offset": 98, "length": 16}, {"id": "600288956648476", "name": "#helpERASE", "offset": 154, "length": 10}], "permalink_url": "https://www.facebook.com/1003344626383879/posts/1491043894280614/", "attachments": {"data": [{"description": "Our Cambodia team has a new arrival at the Lighthouse today: an eight-year-old girl just rescued from sex trafficking. So difficult to hear about this, and what she's been through. But today we can at least celebrate her freedom \u2013 and begin the process of restoration and healing.\n\nFind out more about the Lighthouse and our other projects at www.hopeforjustice.org/cambodia\n\n(Library image, to protect the survivor's identity)", "media": {"image": {"height": 540, "src": "https://scontent-lax3-1.xx.fbcdn.net/v/t31.0-0/p180x540/18623529_10154783228728282_2710891703773422604_o.jpg?_nc_cat=110&ccb=1-3&_nc_sid=2d5d41&_nc_ohc=93drzDyz1_MAX8jv4cf&_nc_ht=scontent-lax3-1.xx&tp=6&oh=5363e8602146f86ec53331f6d86e2ec4&oe=60722422", "width": 720}}, "target": {"id": "10154783228728282", "url": "https://www.facebook.com/hopeforjustice/photos/a.133339738281/10154783228728282/?type=3"}, "title": "Timeline Photos", "type": "photo", "url": "https://www.facebook.com/hopeforjustice/photos/a.133339738281/10154783228728282/?type=3"}]}, "id": "1003344626383879_1491043894280614"}