{"created_time": "2017-03-12T14:36:07+0000", "message": "\"A child's laughter could simply be one of the most beautiful sounds in the world!\" ~ Vicki Reece\n#protectourkids #childrenareourfuture", "message_tags": [{"id": "624940134189761", "name": "#protectourkids", "offset": 98, "length": 15}, {"id": "471825362883762", "name": "#childrenareourfuture", "offset": 114, "length": 21}], "permalink_url": "https://www.facebook.com/helperase/photos/a.1029649477086727/1403117859739885/?type=3", "attachments": {"data": [{"description": "\"A child's laughter could simply be one of the most beautiful sounds in the world!\" ~ Vicki Reece\n#protectourkids #childrenareourfuture", "media": {"image": {"height": 604, "src": "https://scontent-lax3-1.xx.fbcdn.net/v/t1.0-9/s720x720/17264113_1403117859739885_2685776390775275071_n.jpg?_nc_cat=108&ccb=1-3&_nc_sid=2d5d41&_nc_ohc=8b8v8IIhWTIAX-AXR8w&_nc_ht=scontent-lax3-1.xx&tp=7&oh=4d460712ba84e86508131d5e756c0512&oe=606FDAB4", "width": 720}}, "target": {"id": "1403117859739885", "url": "https://www.facebook.com/helperase/photos/a.1029649477086727/1403117859739885/?type=3"}, "title": "Timeline Photos", "type": "photo", "url": "https://www.facebook.com/helperase/photos/a.1029649477086727/1403117859739885/?type=3"}]}, "id": "1003344626383879_1403117859739885"}