{"created_time": "2017-01-09T20:00:01+0000", "message": "We are on Fact #9 today and now we are adding in ways you can help change the lives of those affected by #HumanTrafficking. \n\nIf you are in the United States and believe someone may be a victim of human trafficking, report your suspicions to law enforcement by calling 911 or the 24-hour National Human Trafficking Resource Center line at 1-888-373-7888.", "message_tags": [{"id": "146391798860479", "name": "#humantrafficking", "offset": 105, "length": 17}], "permalink_url": "https://www.facebook.com/helperase/photos/a.1029649477086727/1340631659321839/?type=3", "attachments": {"data": [{"description": "We are on Fact #9 today and now we are adding in ways you can help change the lives of those affected by #HumanTrafficking. \n\nIf you are in the United States and believe someone may be a victim of human trafficking, report your suspicions to law enforcement by calling 911 or the 24-hour National Human Trafficking Resource Center line at 1-888-373-7888.", "media": {"image": {"height": 378, "src": "https://scontent-lax3-1.xx.fbcdn.net/v/t31.0-8/s720x720/15972719_1340631659321839_1825936902653118279_o.jpg?_nc_cat=102&ccb=1-3&_nc_sid=2d5d41&_nc_ohc=ZLV-zHFTm3YAX-4g9Ap&_nc_ht=scontent-lax3-1.xx&tp=7&oh=e691a25fd29eaa5de5b38c85264e4c54&oe=6072CED4", "width": 720}}, "target": {"id": "1340631659321839", "url": "https://www.facebook.com/helperase/photos/a.1029649477086727/1340631659321839/?type=3"}, "title": "Timeline Photos", "type": "photo", "url": "https://www.facebook.com/helperase/photos/a.1029649477086727/1340631659321839/?type=3"}]}, "id": "1003344626383879_1340631659321839"}