{"created_time": "2019-03-20T23:11:45+0000", "message": "Do things & meet people! \n#HelpERASE", "message_tags": [{"id": "600288956648476", "name": "#helpERASE", "offset": 26, "length": 10}], "permalink_url": "https://www.facebook.com/helperase/videos/1226463044176704/", "attachments": {"data": [{"media": {"image": {"height": 640, "src": "https://scontent-lax3-1.xx.fbcdn.net/v/t15.5256-10/53279373_1226467177509624_4179576990933712896_n.jpg?_nc_cat=104&ccb=1-3&_nc_sid=ad6a45&_nc_ohc=AatM5-dMej8AX8bzynh&_nc_ht=scontent-lax3-1.xx&oh=8c2acd438b3b8a791bed1b9c1a6128e4&oe=606F0F29", "width": 360}}, "target": {"id": "1226463044176704", "url": "https://www.facebook.com/helperase/videos/1226463044176704/"}, "type": "video_inline", "url": "https://www.facebook.com/helperase/videos/1226463044176704/"}]}, "id": "1003344626383879_1226463044176704"}