{"created_time": "2019-12-22T15:04:01+0000", "message": "When asked about why she was scared for her life, the victim told police Johnson attacked her because he thought she kept $200 from him. https://buff.ly/2ZcL5a1", "message_tags": [], "permalink_url": "https://www.facebook.com/helperase/photos/a.1029649477086727/2817577738293883/?type=3", "attachments": {"data": [{"description": "When asked about why she was scared for her life, the victim told police Johnson attacked her because he thought she kept $200 from him. https://buff.ly/2ZcL5a1", "media": {"image": {"height": 405, "src": "https://scontent-lax3-2.xx.fbcdn.net/v/t1.0-9/s720x720/79872699_2817577741627216_6241303194438205440_o.jpg?_nc_cat=107&ccb=1-3&_nc_sid=da1649&_nc_ohc=A1ZLMqYU5w0AX9sNtV4&_nc_ht=scontent-lax3-2.xx&tp=7&oh=9885753659da2c4b4001c4fa0c1af770&oe=606F2765", "width": 720}}, "target": {"id": "2817577738293883", "url": "https://www.facebook.com/helperase/photos/a.1029649477086727/2817577738293883/?type=3"}, "title": "Timeline Photos", "type": "photo", "url": "https://www.facebook.com/helperase/photos/a.1029649477086727/2817577738293883/?type=3"}]}, "id": "1003344626383879_2817577738293883"}