{"created_time": "2019-12-04T23:06:34+0000", "message": "Helpful Hints for the Holidays.\n#HelpErase", "message_tags": [{"id": "600288956648476", "name": "#helpERASE", "offset": 32, "length": 10}], "permalink_url": "https://www.facebook.com/helperase/videos/2576932992427628/", "attachments": {"data": [{"media": {"image": {"height": 640, "src": "https://scontent-lax3-1.xx.fbcdn.net/v/t15.5256-10/72605077_2576937589093835_5628458189327433728_n.jpg?_nc_cat=100&ccb=1-3&_nc_sid=ad6a45&_nc_ohc=BemK_a-xM1MAX83q3WV&_nc_ht=scontent-lax3-1.xx&oh=384e92e39130ce8a997bf6cc27fcb19c&oe=6070FB73", "width": 360}}, "target": {"id": "2576932992427628", "url": "https://www.facebook.com/helperase/videos/2576932992427628/"}, "type": "video_inline", "url": "https://www.facebook.com/helperase/videos/2576932992427628/"}]}, "id": "1003344626383879_2576932992427628"}