{"created_time": "2019-02-07T19:00:30+0000", "message": "\u2764\ufe0f\u2764\ufe0f", "permalink_url": "https://www.facebook.com/1003344626383879/posts/2229625250422471/", "attachments": {"data": [{"media": {"image": {"height": 720, "src": "https://scontent-lax3-1.xx.fbcdn.net/v/t1.0-9/p720x720/51543288_10161200697665251_8397397044980875264_o.jpg?_nc_cat=102&ccb=1-3&_nc_sid=9e2e56&_nc_ohc=Gs1g1IZLjqQAX9MOPpI&_nc_ht=scontent-lax3-1.xx&tp=6&oh=63003fb793068942fc9ea92021f34e77&oe=6071553F", "width": 720}}, "subattachments": {"data": [{"media": {"image": {"height": 720, "src": "https://scontent-lax3-1.xx.fbcdn.net/v/t1.0-9/p720x720/51543288_10161200697665251_8397397044980875264_o.jpg?_nc_cat=102&ccb=1-3&_nc_sid=9e2e56&_nc_ohc=Gs1g1IZLjqQAX9MOPpI&_nc_ht=scontent-lax3-1.xx&tp=6&oh=63003fb793068942fc9ea92021f34e77&oe=6071553F", "width": 720}}, "target": {"id": "10161200697645251", "url": "https://www.facebook.com/RescueHer/photos/a.10151379711905251/10161200697645251/?type=3"}, "type": "photo", "url": "https://www.facebook.com/RescueHer/photos/a.10151379711905251/10161200697645251/?type=3"}, {"media": {"image": {"height": 720, "src": "https://scontent-lax3-1.xx.fbcdn.net/v/t1.0-9/p720x720/51530723_10161200697805251_6699540213095464960_o.jpg?_nc_cat=100&ccb=1-3&_nc_sid=9e2e56&_nc_ohc=iwVihnpropMAX-mD5LM&_nc_ht=scontent-lax3-1.xx&tp=6&oh=2fbbcaee5cb7d361fcd7cadac714fc38&oe=606E799B", "width": 720}}, "target": {"id": "10161200697790251", "url": "https://www.facebook.com/RescueHer/photos/a.10151379711905251/10161200697790251/?type=3"}, "type": "photo", "url": "https://www.facebook.com/RescueHer/photos/a.10151379711905251/10161200697790251/?type=3"}]}, "target": {"id": "10161200697850251", "url": "https://www.facebook.com/10150103512250251/posts/10161200697850251/"}, "title": "Photos from Rescue Her's post", "type": "album", "url": "https://www.facebook.com/10150103512250251/posts/10161200697850251/"}]}, "id": "1003344626383879_2229625250422471"}