{"created_time": "2018-10-19T14:04:01+0000", "message": "\u201cLeague of Women Voters spoke in favor of the three bills addressing human trafficking\u201d https://buff.ly/2AhYums", "message_tags": [], "permalink_url": "https://www.facebook.com/helperase/photos/a.1029649477086727/2067653289953002/?type=3", "attachments": {"data": [{"description": "\u201cLeague of Women Voters spoke in favor of the three bills addressing human trafficking\u201d https://buff.ly/2AhYums", "media": {"image": {"height": 260, "src": "https://scontent-lax3-1.xx.fbcdn.net/v/t1.0-9/44436086_2067653293286335_6075677122221834240_n.png?_nc_cat=103&ccb=1-3&_nc_sid=da1649&_nc_ohc=4stwMH7kHvoAX_ErNXf&_nc_ht=scontent-lax3-1.xx&oh=8848f4148484a384b84351d268e98c3f&oe=606FBB42", "width": 713}}, "target": {"id": "2067653289953002", "url": "https://www.facebook.com/helperase/photos/a.1029649477086727/2067653289953002/?type=3"}, "title": "Timeline Photos", "type": "photo", "url": "https://www.facebook.com/helperase/photos/a.1029649477086727/2067653289953002/?type=3"}]}, "id": "1003344626383879_2067653289953002"}