{"created_time": "2018-02-06T21:04:03+0000", "message": "Beauty for Freedom, or BFF, was founded in 2014 by Monica Watkins and Jerry Chu, and is a nonprofit comprising of people from the fashion, beauty, art, and entertainment industries who\u2019ve come together to pool knowledge and resources in the fight against human trafficking", "permalink_url": "https://www.facebook.com/1003344626383879/posts/1750419018343099/", "attachments": {"data": [{"description": "Beauty for Freedom will exhibit the work at The Flat on Friday.", "media": {"image": {"height": 720, "src": "https://external-lax3-1.xx.fbcdn.net/safe_image.php?d=AQGMquS_q3dpcZdk&w=720&h=720&url=https%3A%2F%2Fs.yimg.com%2Fuu%2Fapi%2Fres%2F1.2%2F7rG7MebiNDlEUwAtPDcsJQ--%7EB%2FaD0zMDAwO3c9MjAwMDtzbT0xO2FwcGlkPXl0YWNoeW9u%2Fhttp%3A%2F%2Fmedia.zenfs.com%2Fen-US%2Fhomerun%2Fthe_cut_543%2F20473bdb7a96567c851f90a6014b18ca&cfs=1&sx=0&sy=371&sw=2000&sh=2000&_nc_cb=1&_nc_hash=AQEcwYBEgLDAFaoT", "width": 720}}, "target": {"url": "http://l.facebook.com/l.php?u=http%3A%2F%2Fj.mp%2F2FABr5Z&h=AT3RBAqz1Ebrghc09ZvL-XrR3nz_qdm0XhVCXbWwbhrouEPFfb2qshu8w9YnfCSuwRxgDDxhhe38EZ82Cy6YQWE2OVK6xruAfeXSp9Jvhg5HXM6GCInku9Pa5HBh16l5&s=1"}, "title": "Artists Gather in the Fight Against Labor Trafficking", "type": "share", "url": "http://l.facebook.com/l.php?u=http%3A%2F%2Fj.mp%2F2FABr5Z&h=AT3RBAqz1Ebrghc09ZvL-XrR3nz_qdm0XhVCXbWwbhrouEPFfb2qshu8w9YnfCSuwRxgDDxhhe38EZ82Cy6YQWE2OVK6xruAfeXSp9Jvhg5HXM6GCInku9Pa5HBh16l5&s=1"}]}, "id": "1003344626383879_1750419018343099"}