{"created_time": "2018-02-01T15:14:04+0000", "message": "\"I'm proud of the work we do to protect and serve the victims of this heinous crime. By using our resources and working together, we're able to approach this issue from many perspectives,\" said Attorney General Mike DeWine.", "permalink_url": "https://www.facebook.com/1003344626383879/posts/1744926442225690/", "attachments": {"data": [{"description": "A new report from the Ohio Attorney General's Office details the number of victims, traffickers and consumers in the state.", "media": {"image": {"height": 600, "src": "https://external-lax3-1.xx.fbcdn.net/safe_image.php?d=AQH-NG0v8xRyNz1s&w=600&h=600&url=https%3A%2F%2Fcdn20.patchcdn.com%2Fusers%2F22896693%2F20180130%2F083631%2Fstyles%2FT800x600%2Fpublic%2Fprocessed_images%2Fpolice_lights_shutterstock_18255388-1517319375-6385.jpg&cfs=1&_nc_cb=1&_nc_hash=AQHNzBd03vDZCScQ", "width": 600}}, "target": {"url": "http://l.facebook.com/l.php?u=http%3A%2F%2Fj.mp%2F2BExeMl&h=AT34SAd4bKlSHi7Ilu_YAe4G86yUy04VWmeUYcEZ2p0c_xwZX1IrxV-JVEeMHcI-2LpgraKuDJgiImMW3ws9lahM6KGKjXviL4aA4aAsH47r55bOAEFOqeh1KCxsJyYb&s=1"}, "title": "208 Suspected Human Trafficking Victims In Ohio In 2017", "type": "share", "url": "http://l.facebook.com/l.php?u=http%3A%2F%2Fj.mp%2F2BExeMl&h=AT34SAd4bKlSHi7Ilu_YAe4G86yUy04VWmeUYcEZ2p0c_xwZX1IrxV-JVEeMHcI-2LpgraKuDJgiImMW3ws9lahM6KGKjXviL4aA4aAsH47r55bOAEFOqeh1KCxsJyYb&s=1"}]}, "id": "1003344626383879_1744926442225690"}