{"created_time": "2018-01-03T14:01:22+0000", "message": "In one study \u201cclose to 90% of the victims, ages 14 to 60, sought medical care during their ordeals for symptoms including cardiovascular and respiratory problems, flashbacks, depression, anxiety, nightmares, and feelings of shame and guilt. \nYet, more than half said their providers did not ask about their personal circumstances.\u201d", "permalink_url": "https://www.facebook.com/helperase/photos/a.1029649477086727/1715049941880007/?type=3", "attachments": {"data": [{"description": "In one study \u201cclose to 90% of the victims, ages 14 to 60, sought medical care during their ordeals for symptoms including cardiovascular and respiratory problems, flashbacks, depression, anxiety, nightmares, and feelings of shame and guilt. \nYet, more than half said their providers did not ask about their personal circumstances.\u201d", "media": {"image": {"height": 604, "src": "https://scontent-lax3-1.xx.fbcdn.net/v/t1.0-9/s720x720/26166318_1715049941880007_5456692754240586739_n.jpg?_nc_cat=110&ccb=1-3&_nc_sid=da1649&_nc_ohc=1Z0wLl8qJFkAX-NTpLN&_nc_ht=scontent-lax3-1.xx&tp=7&oh=43b3a6277cc7df41510d6cd7e264f0c3&oe=60709558", "width": 720}}, "target": {"id": "1715049941880007", "url": "https://www.facebook.com/helperase/photos/a.1029649477086727/1715049941880007/?type=3"}, "title": "Timeline Photos", "type": "photo", "url": "https://www.facebook.com/helperase/photos/a.1029649477086727/1715049941880007/?type=3"}]}, "id": "1003344626383879_1715049941880007"}