{"created_time": "2017-12-20T21:04:05+0000", "message": "KC nonprofit that helps female survivors of sex trafficking plans to expand with new home for children. According to a recent study completed by a now UMKC professor, there are nearly 3,500 adult victims in the greater Kansas City area.", "permalink_url": "https://www.facebook.com/1003344626383879/posts/1701281039923564/", "attachments": {"data": [{"description": "KANSAS CITY, Mo. -- Restoration House of Greater Kansas City is taking new steps to help children who are involved in the sex trafficking industry. The nonprofit has operated a home for adult women since 2015, and now organizers want to branch out to serve young children as well. \u201cWe want to start...", "media": {"image": {"height": 675, "src": "https://external-lax3-1.xx.fbcdn.net/safe_image.php?d=AQFfW5yv9XVhdQEm&w=675&h=675&url=http%3A%2F%2Flocaltvwdaf.files.wordpress.com%2F2017%2F12%2Fpromo337667350.jpg%3Fquality%3D85%26strip%3Dall%26w%3D1200&cfs=1&_nc_cb=1&_nc_hash=AQF1VvxLFKGsaiJI", "width": 675}}, "target": {"url": "http://l.facebook.com/l.php?u=http%3A%2F%2Fj.mp%2F2D982j5&h=AT2YRsUzp6ZNAp0wfHae2jEM-jvf683L6PNoOL0MhmW9cqUD_0GyI0rAY8sHYN2FeW2TH40r_L9uL4tMteM3XcvrSGZDFGKYEDzUQpsvhKTKkwkC8fwB6uou65BtRhUt&s=1"}, "title": "KC nonprofit that helps female survivors of sex trafficking plans to expand with new home for children", "type": "share", "url": "http://l.facebook.com/l.php?u=http%3A%2F%2Fj.mp%2F2D982j5&h=AT2YRsUzp6ZNAp0wfHae2jEM-jvf683L6PNoOL0MhmW9cqUD_0GyI0rAY8sHYN2FeW2TH40r_L9uL4tMteM3XcvrSGZDFGKYEDzUQpsvhKTKkwkC8fwB6uou65BtRhUt&s=1"}]}, "id": "1003344626383879_1701281039923564"}