{"created_time": "2017-12-11T21:04:06+0000", "permalink_url": "https://www.facebook.com/1003344626383879/posts/1692021334182868/", "attachments": {"data": [{"description": "Raising awareness for those of us traveling during the holidays for family holidays and business. This article contains a link to educate the readers on how to make a difference.", "media": {"image": {"height": 520, "src": "https://external-lax3-1.xx.fbcdn.net/safe_image.php?d=AQFpNkZ4nLY7kug2&w=520&h=520&url=https%3A%2F%2Fbuffer-media-uploads.s3.amazonaws.com%2F5a2b46149363925b64ad80e2%2Fecf5e6f7cfbaa870769b7af4c093f880a72d8c89_497aeb598206a647dcceede40fb4d5f43f20f412_facebook&cfs=1&_nc_cb=1&_nc_hash=AQGN7K05gsGxf1Er", "width": 520}}, "target": {"url": "http://l.facebook.com/l.php?u=http%3A%2F%2Fj.mp%2F2nMK1uy&h=AT1FLhtmhL8tqFPLT7xIMqM9iPamVNp-kDQFpUnok7AnhLGcSwJ0t2w6kj4pdsTjikoTP1U_iw2cyT3Ye28PYpV_Fqfjdw8nE8e9oTr29LR_qgKxv2mnmi_G4VYo-iNy&s=1"}, "title": "Business Travel and Human Trafficking \u2014 Raising Awareness and Making a Difference", "type": "share", "url": "http://l.facebook.com/l.php?u=http%3A%2F%2Fj.mp%2F2nMK1uy&h=AT1FLhtmhL8tqFPLT7xIMqM9iPamVNp-kDQFpUnok7AnhLGcSwJ0t2w6kj4pdsTjikoTP1U_iw2cyT3Ye28PYpV_Fqfjdw8nE8e9oTr29LR_qgKxv2mnmi_G4VYo-iNy&s=1"}]}, "id": "1003344626383879_1692021334182868"}