{"created_time": "2017-12-07T21:04:00+0000", "message": "Dressing up for change: Dressember to bring attention to human trafficking.\nDressember\u2019s webpage has a quote that reads, \u201cCan a dress change the world?\u201d", "permalink_url": "https://www.facebook.com/1003344626383879/posts/1687410294643972/", "attachments": {"data": [{"description": "Dressember\u2019s webpage has a quote that reads, \u201cCan a dress change the world?\u201d", "media": {"image": {"height": 630, "src": "https://external-lax3-1.xx.fbcdn.net/safe_image.php?d=AQHuy9pD1SRMjCsz&w=630&h=630&url=https%3A%2F%2Fbuffer-media-uploads.s3.amazonaws.com%2F5a25a3499363927e745d15d8%2Fd9a2b8b1235860e07e1e60ad19a2fed76b80fbe4_fb69981c0e5f5bd2f178807acbfd18164345e536_facebook&cfs=1&sx=93&sy=0&sw=630&sh=630&_nc_cb=1&_nc_hash=AQHtMfI34aemu1TY", "width": 630}}, "target": {"url": "http://l.facebook.com/l.php?u=http%3A%2F%2Fj.mp%2F2iO05u4&h=AT2Drvt-V7T5n1eQaY-Sig8dIpwcJClpx6C0Bl8iUQ0SJEoIFkuv7doVMt0TYqcDspNOBbTl59knEDIGjaKUfJ34rfzCmDDfwAGktdXk6tL4I_nflUJh7ot0S25jq0CI&s=1"}, "title": "Dressing up for change: Dressember to bring attention to human trafficking", "type": "share", "url": "http://l.facebook.com/l.php?u=http%3A%2F%2Fj.mp%2F2iO05u4&h=AT2Drvt-V7T5n1eQaY-Sig8dIpwcJClpx6C0Bl8iUQ0SJEoIFkuv7doVMt0TYqcDspNOBbTl59knEDIGjaKUfJ34rfzCmDDfwAGktdXk6tL4I_nflUJh7ot0S25jq0CI&s=1"}]}, "id": "1003344626383879_1687410294643972"}