{"created_time": "2017-10-03T14:14:07+0000", "message": "A lot of great information yesterday at the Florida Human Trafficking Summit in Orlando. \nState Attorney General Pam Bondi said it very well and this is something we talk about frequently. Human trafficking can happen anywhere. \n\nBondi said, \"Hollywood has glamorized prostitution and kidnapping in movies like \u201cTaken,\u201d Unfortunately, the father doesn\u2019t come in and save the child at the end of the day, Your child can be sitting at the dinner table every night and be a victim of human trafficking.\u201d", "permalink_url": "https://www.facebook.com/1003344626383879/posts/1621015897950079/", "attachments": {"data": [{"description": "State Attorney General Pam Bondi stressed the importance of global collaboration to end sexual slavery during opening remarks at Florida\u2019s \u2026", "media": {"image": {"height": 675, "src": "https://external-lax3-1.xx.fbcdn.net/safe_image.php?d=AQEY1PdMy87HUIsa&w=675&h=675&url=http%3A%2F%2Ffloridapolitics.com%2Fwp-content%2Fuploads%2F2016%2F07%2F110414pambondi.jpg&cfs=1&sx=296&sy=0&sw=675&sh=675&_nc_cb=1&_nc_hash=AQEZeCz0jHyS953B", "width": 675}}, "target": {"url": "http://l.facebook.com/l.php?u=http%3A%2F%2Fj.mp%2F2kj5Cca&h=AT3-ae2j3IOppvwtgWjWR5zJXZ2ccoI_EbvICjyMFExDcDZRUK4rGuTs6qoUqV5yhhrlGvVQhgWfinIcMGM4X6Jpj-xjyVcXgQvXa2iBzdaqmqSvrUJyv2VSRRugJh-O&s=1"}, "title": "Pam Bondi urges collaboration at human trafficking summit - Florida Politics", "type": "share", "url": "http://l.facebook.com/l.php?u=http%3A%2F%2Fj.mp%2F2kj5Cca&h=AT3-ae2j3IOppvwtgWjWR5zJXZ2ccoI_EbvICjyMFExDcDZRUK4rGuTs6qoUqV5yhhrlGvVQhgWfinIcMGM4X6Jpj-xjyVcXgQvXa2iBzdaqmqSvrUJyv2VSRRugJh-O&s=1"}]}, "id": "1003344626383879_1621015897950079"}