{"created_time": "2017-09-22T20:04:04+0000", "message": "Mayo Clinic Health System is teaching a special social media safety course to help parents protect their children from online bullying and practice safe, healthy online behavior.", "permalink_url": "https://www.facebook.com/1003344626383879/posts/1611344515583884/", "attachments": {"data": [{"description": "Mayo Clinic Health System is teaching a special social media safety course to help parents protect their children from online bullying and practice safe, healthy online behavior.", "media": {"image": {"height": 720, "src": "https://external-lax3-1.xx.fbcdn.net/safe_image.php?d=AQGShLgAjsXZsEgP&w=720&h=720&url=https%3A%2F%2Fbuffer-media-uploads.s3.amazonaws.com%2F59c3c8f0e7e9ea785d351246%2Fab921717057c9ce970429be9f10f6b07e61fe5ef_fd0f3d86ec313a7494f8a0fdc3bcfd60d45c3fc9_facebook&cfs=1&_nc_cb=1&_nc_hash=AQHVI0mRgqrcVstO", "width": 720}}, "target": {"url": "http://l.facebook.com/l.php?u=http%3A%2F%2Fj.mp%2F2jMCeLe&h=AT2qHSA49w7YivlA1T94PJ3pWPYIf1PzSz5AeXdeT3fSpchnTmOF-XGJ1TjSaugggM05XKhWpQvkYGeKlaKGFBYZjNK_rSLHBRg0abSzQhTWPWfq1W7AR1-5wVQBDS2E&s=1"}, "title": "Mayo Clinic offers tips on social media safety", "type": "share", "url": "http://l.facebook.com/l.php?u=http%3A%2F%2Fj.mp%2F2jMCeLe&h=AT2qHSA49w7YivlA1T94PJ3pWPYIf1PzSz5AeXdeT3fSpchnTmOF-XGJ1TjSaugggM05XKhWpQvkYGeKlaKGFBYZjNK_rSLHBRg0abSzQhTWPWfq1W7AR1-5wVQBDS2E&s=1"}]}, "id": "1003344626383879_1611344515583884"}