{"created_time": "2017-08-07T21:41:01+0000", "message": "***Missing***\n#NorthCarolina", "message_tags": [{"id": "353614661421086", "name": "#northcarolina", "offset": 14, "length": 14}], "permalink_url": "https://www.facebook.com/1003344626383879/posts/1570513173000352/", "attachments": {"data": [{"description": "* UPDATE: 08/08/17: Monique Chisolm has been located and reunited with her family. *\n\n*ORIGINAL POST FOLLOWS*\n\nMonique Chisolm has been reported missing by her family. Help us reunite them!\n\nFull Details --> http://fayettevillenc.gov/Home/Components/News/News/5342/1969\n\nHave info?\n\n- Call Fayetteville / Cumberland County CrimeStoppers at 910-483-TIPS.\n- Download the FREE \"P3 Tips\" app on your mobile device.\n- Submit information at P3Tips.com", "description_tags": [{"id": "1121717294531371", "length": 46, "name": "Fayetteville / Cumberland County CrimeStoppers", "offset": 290, "type": "page"}], "media": {"image": {"height": 405, "src": "https://scontent-lax3-1.xx.fbcdn.net/v/t1.0-9/s720x720/20664977_1567472253283777_4349476275703231610_n.png?_nc_cat=100&ccb=1-3&_nc_sid=8024bb&_nc_ohc=1PjOIZQ3y94AX-4Omni&_nc_ht=scontent-lax3-1.xx&_nc_tp=30&oh=e3bf4fb3901a16079a30aeebe4f166a8&oe=606FF9F2", "width": 720}}, "target": {"id": "1567472253283777", "url": "https://www.facebook.com/Fayetteville.Police/photos/a.118516198179397/1567472253283777/?type=3"}, "type": "photo", "url": "https://www.facebook.com/Fayetteville.Police/photos/a.118516198179397/1567472253283777/?type=3"}]}, "id": "1003344626383879_1570513173000352"}