{"created_time": "2017-08-06T23:04:00+0000", "message": "\u201cA lot of people don\u2019t realize how predominate this issue is, and a lot of people think it's taboo and don\u2019t want to talk about it\u201d", "permalink_url": "https://www.facebook.com/1003344626383879/posts/1569524473099222/", "attachments": {"data": [{"description": "An event hosted by I\u2019m Aware brought awareness about human trafficking to more than a hundred local kids.", "media": {"image": {"height": 675, "src": "https://external-lax3-1.xx.fbcdn.net/safe_image.php?d=AQFsHMdvEXq7T2Ga&w=675&h=675&url=https%3A%2F%2Fbuffer-media-uploads.s3.amazonaws.com%2F5984e39738a237ea26ae8ca4%2F7bd2a6417e8100fe7d64569d340e6e81d1ff6844_53216bd6a7267524a1306d22f2ba648fedc812bd_facebook&cfs=1&_nc_cb=1&_nc_hash=AQGr5Vd-w_OQJr76", "width": 675}}, "target": {"url": "https://l.facebook.com/l.php?u=https%3A%2F%2Fbuff.ly%2F2wfkjPc&h=AT29--Wpyjera89XAg1o5QxKAYOSI7Y75t_PWZ4IKkEQkrDcutqdpxPS9ymKtAtXUVzMTSpBZlOeuY7vOwvCnCYpSg2RmX6rztKPozmIBfqKPg47wd9B5h1cyBUvwfCm&s=1"}, "title": "Rally for local kids raises awareness of human trafficking", "type": "share", "url": "https://l.facebook.com/l.php?u=https%3A%2F%2Fbuff.ly%2F2wfkjPc&h=AT29--Wpyjera89XAg1o5QxKAYOSI7Y75t_PWZ4IKkEQkrDcutqdpxPS9ymKtAtXUVzMTSpBZlOeuY7vOwvCnCYpSg2RmX6rztKPozmIBfqKPg47wd9B5h1cyBUvwfCm&s=1"}]}, "id": "1003344626383879_1569524473099222"}