{"created_time": "2017-07-24T23:04:05+0000", "message": "In Rapid City, SD several groups come together to bring awareness to their area.", "permalink_url": "https://www.facebook.com/1003344626383879/posts/1556646251053711/", "attachments": {"data": [{"description": "Last year, more than 8,000 cases of human trafficking were reported to the Polaris Human trafficking hotline.", "media": {"image": {"height": 720, "src": "https://external-lax3-1.xx.fbcdn.net/safe_image.php?d=AQGjmNR39uh3uU7H&w=720&h=720&url=https%3A%2F%2Fbuffer-media-uploads.s3.amazonaws.com%2F59755c49293e8de473ef6320%2Fd787f56b080945c1ec0b3343cbf962ca427bb8ef_d017ee321b6d0e5eb024623c76e3cf72a280febb_facebook&cfs=1&sx=0&sy=0&sw=1080&sh=1080&_nc_cb=1&_nc_hash=AQHWU0gBpxda3otA", "width": 720}}, "target": {"url": "http://l.facebook.com/l.php?u=http%3A%2F%2Fbuff.ly%2F2tCiNcf&h=AT2F76ltCJUoW8xvMYXZ9uSgbjMUbYfiqb4q46EyKdd36WrITYF0SgWxtB1FCk8pDEpCFjuJbCn8lJ8IYdz-DB36SPpJwOVjQlhVARXFPy_zf5yutKNJZTNXm2YGNnV6&s=1"}, "title": "Groups team up to fight human trafficking in the Hills", "type": "share", "url": "http://l.facebook.com/l.php?u=http%3A%2F%2Fbuff.ly%2F2tCiNcf&h=AT2F76ltCJUoW8xvMYXZ9uSgbjMUbYfiqb4q46EyKdd36WrITYF0SgWxtB1FCk8pDEpCFjuJbCn8lJ8IYdz-DB36SPpJwOVjQlhVARXFPy_zf5yutKNJZTNXm2YGNnV6&s=1"}]}, "id": "1003344626383879_1556646251053711"}