{"created_time": "2017-07-24T13:14:01+0000", "message": "All around the globe this week Governments & Anti-Human Trafficking Organizations are raising awareness. #IGiveHope", "message_tags": [{"id": "425949960835583", "name": "#igivehope", "offset": 105, "length": 10}], "permalink_url": "https://www.facebook.com/1003344626383879/posts/1556179737767029/", "attachments": {"data": [{"description": "The Ministry of Justice will be hosting a series of activities to commemorate Trafficking in Persons Week from July 23 to 30, aimed at raising awareness of the offence and having the public recognize\u2026", "media": {"image": {"height": 720, "src": "https://external-lax3-1.xx.fbcdn.net/safe_image.php?d=AQHPxmCpL-mGbPrz&w=720&h=720&url=https%3A%2F%2Fbuffer-media-uploads.s3.amazonaws.com%2F59755a48675c34e408ddf8d5%2F0604fb0218405fe243bff2aa80138793e3b0ec8e_d00c4f3e5b2cf54f7eec9cae07658e57073e5e3d_facebook&cfs=1&_nc_cb=1&_nc_hash=AQFIuaPbJ14npDA2", "width": 720}}, "target": {"url": "http://l.facebook.com/l.php?u=http%3A%2F%2Fbuff.ly%2F2uqQTx5&h=AT3xrbS-vRs0dA8xQtOTSq539RcE4Hr9a0eI326PntDRyMvPnTVw8mAcE4bjtPXb3vnnXjXGGE6WhScp_flD64UmHMEoZLEZqlXR2ndaD6KzEKdGBkdvFm9L2gfmdyMD&s=1"}, "title": "Emphasis On Trafficking In Persons July 23 To 30 - Jamaica Information Service", "type": "share", "url": "http://l.facebook.com/l.php?u=http%3A%2F%2Fbuff.ly%2F2uqQTx5&h=AT3xrbS-vRs0dA8xQtOTSq539RcE4Hr9a0eI326PntDRyMvPnTVw8mAcE4bjtPXb3vnnXjXGGE6WhScp_flD64UmHMEoZLEZqlXR2ndaD6KzEKdGBkdvFm9L2gfmdyMD&s=1"}]}, "id": "1003344626383879_1556179737767029"}