{"created_time": "2019-01-26T21:10:03+0000", "message": "Atlanta consistently ranks among the top U.S. cities for human trafficking, according to the FBI, and with the Super Bowl being held here next month, businesses and law enforcement agencies are on high alert, according to Cindee Sapoznik, who helps organize the discussions each year in Cobb.", "permalink_url": "https://www.facebook.com/1003344626383879/posts/2211326342252362/", "attachments": {"data": [{"description": "EAST COBB \u2014 Representatives from organizations looking to snuff out sex trafficking held a panel discussion on the issue at East Cobb Middle School this week.", "media": {"image": {"height": 630, "src": "https://external-lax3-1.xx.fbcdn.net/safe_image.php?d=AQEuz2Nqft8uHqTF&w=630&h=630&url=https%3A%2F%2Fbloximages.newyork1.vip.townnews.com%2Fmdjonline.com%2Fcontent%2Ftncms%2Fassets%2Fv3%2Feditorial%2F4%2Fba%2F4ba9eab8-1aa3-11e9-a735-af7fc66fe91f%2F5c40fafa4c296.image.jpg%3Fresize%3D945%252C630&cfs=1&sx=315&sy=0&sw=630&sh=630&_nc_cb=1&_nc_hash=AQGz5bw_TTvP59cz", "width": 630}}, "target": {"url": "https://l.facebook.com/l.php?u=https%3A%2F%2Fbuff.ly%2F2RHNAR1&h=AT3hFaxo3ClGjKlV2hR69QmBojPBm25EAvHJT_pXTc3bChDJxkNsHYraPr18qKDArHX1HJBO6qY7XbFHB3oxYVc12ynujqU2HIrTCVXsy32QQ4IZPfWXqC0NYH1J0A4u&s=1"}, "title": "\u2018Hidden Dangers\u2019 panel at East Cobb Middle warns students, parents about human trafficking", "type": "share", "url": "https://l.facebook.com/l.php?u=https%3A%2F%2Fbuff.ly%2F2RHNAR1&h=AT3hFaxo3ClGjKlV2hR69QmBojPBm25EAvHJT_pXTc3bChDJxkNsHYraPr18qKDArHX1HJBO6qY7XbFHB3oxYVc12ynujqU2HIrTCVXsy32QQ4IZPfWXqC0NYH1J0A4u&s=1"}]}, "id": "1003344626383879_2211326342252362"}