{"created_time": "2017-05-17T00:07:00+0000", "permalink_url": "https://www.facebook.com/1003344626383879/posts/1477299815655022/", "attachments": {"data": [{"description": "The message is repeated in eight different languages: Vietnamese, Ukrainian, Spanish, Chinese, Russian, Tagalog, Somali, and Korean.", "media": {"image": {"height": 630, "src": "https://external-lax3-1.xx.fbcdn.net/safe_image.php?d=AQElTHybwI7pdo9B&w=630&h=630&url=http%3A%2F%2Fmedia2.govtech.com%2Fimages%2FTrafficking.jpg&cfs=1&_nc_cb=1&_nc_hash=AQEZ0kOhpWYlBhWJ", "width": 630}}, "target": {"url": "http://l.facebook.com/l.php?u=http%3A%2F%2Fbuff.ly%2F2qseBqU&h=AT1slaqLYONJOom_Lc7JCw1dikTl6WqnUbT2Npj5euqNTRennzL_DI6D5PKhoqj_pvSIyLB1UGjBv8JZ55oz4BuhAiHT3WPI8UdO9GFMk-ol4aLL-F9rQ9qv09j1vmW3&s=1"}, "title": "State Takes Aim at Human Trafficking", "type": "share", "url": "http://l.facebook.com/l.php?u=http%3A%2F%2Fbuff.ly%2F2qseBqU&h=AT1slaqLYONJOom_Lc7JCw1dikTl6WqnUbT2Npj5euqNTRennzL_DI6D5PKhoqj_pvSIyLB1UGjBv8JZ55oz4BuhAiHT3WPI8UdO9GFMk-ol4aLL-F9rQ9qv09j1vmW3&s=1"}]}, "id": "1003344626383879_1477299815655022"}