{"created_time": "2019-01-07T21:10:02+0000", "message": "\"Hot Spots for Sex Trafficking are Houston and Dallas and Tyler sits right in the middle. She says more than 300 thousand cases of Labor and Sex Trafficking have been identified in Texas.\"", "permalink_url": "https://www.facebook.com/1003344626383879/posts/2183589235026073/", "attachments": {"data": [{"description": "Some of those businesses include, Gentleman Clubs, and Adult Movie Theaters. The Bill will require them to list the number of the National Human Trafficking Resource Center.", "media": {"image": {"height": 641, "src": "https://external-lax3-1.xx.fbcdn.net/safe_image.php?d=AQEL0lQwqUcEuW0U&w=641&h=641&url=https%3A%2F%2Fmedia.cbs19.tv%2Fassets%2FKYTX%2Fimages%2F772da076-1705-4a44-b2cd-33d547c48fbf%2F772da076-1705-4a44-b2cd-33d547c48fbf_1140x641.jpg&cfs=1&_nc_cb=1&_nc_hash=AQFipo1rrosOPeiY", "width": 641}}, "target": {"url": "https://l.facebook.com/l.php?u=https%3A%2F%2Fbuff.ly%2F2CRZheS&h=AT15opvHmhKYr0PDmHFkV8vTJGHMJDfj0QXivSZEgv_0RuDHa9wXwk6UI2D7kyRr2Slrz-9GqERiXtTl-TZ5NQPs--tNeLy4Hnn1HxvUduOJCjsxAQ8c-wYVxdGuyPMM&s=1"}, "title": "New Law, Efforts to Combat Sex Trafficking", "type": "share", "url": "https://l.facebook.com/l.php?u=https%3A%2F%2Fbuff.ly%2F2CRZheS&h=AT15opvHmhKYr0PDmHFkV8vTJGHMJDfj0QXivSZEgv_0RuDHa9wXwk6UI2D7kyRr2Slrz-9GqERiXtTl-TZ5NQPs--tNeLy4Hnn1HxvUduOJCjsxAQ8c-wYVxdGuyPMM&s=1"}]}, "id": "1003344626383879_2183589235026073"}