{"created_time": "2017-04-05T00:31:41+0000", "message": "Stay Informed And Help #Erase Keep More #Children Safe \ud83d\udc9c\ud83e\udd84\ud83d\udc9e\nClick and learn what happens when cases goes unreported.  Follow us for more updates \ud83d\ude42\ud83d\udc81\nhttps://www.theatlantic.com/politics/archive/2016/02/how-sex-trafficking-goes-unnoticed-in-america/470166/", "message_tags": [{"id": "412288945527258", "name": "#erase", "offset": 23, "length": 6}, {"id": "449178375158111", "name": "#children", "offset": 40, "length": 9}], "permalink_url": "https://www.facebook.com/helperase/photos/a.1029649477086727/1428074753910862/?type=3", "attachments": {"data": [{"description": "Stay Informed And Help #Erase Keep More #Children Safe \ud83d\udc9c\ud83e\udd84\ud83d\udc9e\nClick and learn what happens when cases goes unreported.  Follow us for more updates \ud83d\ude42\ud83d\udc81\nhttps://www.theatlantic.com/politics/archive/2016/02/how-sex-trafficking-goes-unnoticed-in-america/470166/", "media": {"image": {"height": 667, "src": "https://scontent-lax3-1.xx.fbcdn.net/v/t31.0-8/s720x720/17492789_1428074753910862_3111822323541040113_o.jpg?_nc_cat=103&ccb=1-3&_nc_sid=2d5d41&_nc_ohc=MVukZMJjIQQAX_fQg6x&_nc_oc=AQl2hgEk-CTpLhZ72vfc_4kGtxG7_IYInPY40AYIixHhEcFT5uCvm53HmkGkArmb87Y&_nc_ht=scontent-lax3-1.xx&tp=7&oh=29023f8ff21603ced2f115e55ffb657e&oe=60725D5B", "width": 720}}, "target": {"id": "1428074753910862", "url": "https://www.facebook.com/helperase/photos/a.1029649477086727/1428074753910862/?type=3"}, "title": "Timeline Photos", "type": "photo", "url": "https://www.facebook.com/helperase/photos/a.1029649477086727/1428074753910862/?type=3"}]}, "id": "1003344626383879_1428074753910862"}