{"created_time": "2021-01-12T22:24:02+0000", "message": "Open Door in San Bernardino, California discussed human trafficking with Det. Hernandez from SBPD, previously with the San Bernardino County Human Trafficking Task Force. \n#makingadifference", "message_tags": [{"id": "136254236549866", "name": "#makingadifference", "offset": 172, "length": 18}], "permalink_url": "https://www.facebook.com/1003344626383879/posts/3816007921784188/", "attachments": {"data": [{"media": {"image": {"height": 405, "src": "https://scontent-lax3-2.xx.fbcdn.net/v/t15.13418-10/s720x720/132711602_3727614410653486_3677580177454720301_n.jpg?_nc_cat=111&ccb=1-3&_nc_sid=ad6a45&_nc_ohc=n3mFEtQOP2QAX8V1_uJ&_nc_ht=scontent-lax3-2.xx&tp=7&oh=ad0269c7003750e70cd918c839d82daa&oe=606E0FEB", "width": 720}}, "target": {"id": "465957524423583", "url": "https://www.facebook.com/opendoor/videos/465957524423583/"}, "title": "Interview with San Bernardino Police Department", "type": "video_inline", "url": "https://www.facebook.com/opendoor/videos/465957524423583/"}]}, "id": "1003344626383879_3816007921784188"}