{"created_time": "2020-12-25T16:27:32+0000", "message": "For all those who celebrate we wish you a magical and wonderful day! Please keep in your thoughts all those who will not be home for Christmas due to not having freedom. We continue to work to change that. \nA special thank you to our Military and First Responders who are working today. \n#merrychristmas #keepfighting #4freedom", "message_tags": [{"id": "136890403152504", "name": "#merrychristmas", "offset": 288, "length": 15}, {"id": "146753578819564", "name": "#keepfighting", "offset": 304, "length": 13}, {"id": "510039269058841", "name": "#4freedom", "offset": 318, "length": 9}], "place": {"name": "North Pole", "location": {"latitude": 59.4638219, "longitude": 10.6894171}, "id": "1441332499419247"}, "permalink_url": "https://www.facebook.com/1003344626383879/posts/3770203983031249/", "attachments": {"data": [{"media": {"image": {"height": 720, "src": "https://scontent-lax3-1.xx.fbcdn.net/v/t15.5256-10/130757032_3770204563031191_5277297096465732608_n.jpg?_nc_cat=109&ccb=1-3&_nc_sid=1055be&_nc_ohc=M-Y6haPSFR4AX_FUHpN&_nc_ht=scontent-lax3-1.xx&oh=67074bc009052f15fc5e1aa91dac0f9a&oe=606DF80D", "width": 720}}, "target": {"id": "3770203956364585", "url": "https://www.facebook.com/helperase/videos/3770203956364585/"}, "type": "video_inline", "url": "https://www.facebook.com/helperase/videos/3770203956364585/"}]}, "id": "1003344626383879_3770203983031249"}