{"created_time": "2020-05-25T17:40:43+0000", "message": "\"A day of thanks for the valor of others, a day to remember the splendor of America and those of her children who rest in this cemetery and others.\" - Ronald Reagan on memorial Day, 1986", "permalink_url": "https://www.facebook.com/1003344626383879/posts/3164698443581809/", "attachments": {"data": [{"media": {"image": {"height": 405, "src": "https://scontent-lax3-1.xx.fbcdn.net/v/t15.5256-10/s720x720/99162148_548094949430816_4959041494196420608_n.jpg?_nc_cat=105&ccb=1-3&_nc_sid=ad6a45&_nc_ohc=BEjG67br_CwAX8gTu0q&_nc_ht=scontent-lax3-1.xx&tp=7&oh=0f7a6d8964f691c83952a14426b4d1cf&oe=6070328F", "width": 720}}, "target": {"id": "548093316097646", "url": "https://www.facebook.com/sbcountyda/videos/548093316097646/"}, "title": "Take A Moment To Reflect On Our Fallen", "type": "video_inline", "url": "https://www.facebook.com/sbcountyda/videos/548093316097646/"}]}, "id": "1003344626383879_3164698443581809"}