{"created_time": "2018-07-14T15:02:18+0000", "message": "You can support us when you shop Prime Day Deals, and even with your regular Amazon shopping year round. #StartWithaSmile at buff.ly/2NRhPj8 and Amazon automatically donates to ERASE Child Trafficking.", "message_tags": [{"id": "261321414005042", "name": "#StartWithaSmile", "offset": 105, "length": 16}], "permalink_url": "https://www.facebook.com/1003344626383879/posts/1929444897107176/", "attachments": {"data": [{"description": "When you shop at AmazonSmile, Amazon will donate to Erase Child Trafficking. Support us every time you shop.", "media": {"image": {"height": 300, "src": "https://external-lax3-1.xx.fbcdn.net/safe_image.php?d=AQFJYJW5-vv-CU_s&w=300&h=300&url=https%3A%2F%2Fimages-na.ssl-images-amazon.com%2Fimages%2FG%2F01%2Fx-locale%2Fpaladin%2Fsmile_fb_logo_300x300._CB318340200_.png&cfs=1&_nc_cb=1&_nc_hash=AQF0cYCyGWU995sM", "width": 300}}, "target": {"url": "http://l.facebook.com/l.php?u=http%3A%2F%2Fbuff.ly%2F2NRhPj8&h=AT1OX1HXW9N83At9kgwUqJKgao57K7woSYi8BQJv13kYf9P1kBLYW-gcbIbE1FUmH6XqVvElkpp1b2cmuHR3T1co80vwOs8y8MZIqMJ0IQLSc5y6Q3LaXaaqKz8_P2Ak&s=1"}, "title": "Support Erase Child Trafficking by shopping at AmazonSmile.", "type": "share", "url": "http://l.facebook.com/l.php?u=http%3A%2F%2Fbuff.ly%2F2NRhPj8&h=AT1OX1HXW9N83At9kgwUqJKgao57K7woSYi8BQJv13kYf9P1kBLYW-gcbIbE1FUmH6XqVvElkpp1b2cmuHR3T1co80vwOs8y8MZIqMJ0IQLSc5y6Q3LaXaaqKz8_P2Ak&s=1"}]}, "id": "1003344626383879_1929444897107176"}