{"created_time": "2018-06-23T20:04:05+0000", "message": "\"Ohio ranks fourth in the country for reports of human trafficking cases, there are just six beds available in Cleveland for rescued victims of modern-day slavery\" Hue Jackson Foundation is working to help human trafficking survivors.", "message_tags": [{"id": "339540613130875", "name": "Hue Jackson Foundation", "type": "page", "offset": 164, "length": 22}], "permalink_url": "https://www.facebook.com/1003344626383879/posts/1896688753716124/", "attachments": {"data": [{"description": "There are close to one million human trafficking victims in the United States, with a child forced into the $3.5 billion industry every two minutes. Although Ohio ranks fourth in the country for reports of human trafficking cases, there are just six beds available in Cleveland for rescued victims of...", "media": {"image": {"height": 298, "src": "https://external-lax3-1.xx.fbcdn.net/safe_image.php?d=AQH7zotUNgB7CZtG&w=298&h=298&url=http%3A%2F%2Fwww.freshwatercleveland.com%2Fgalleries%2FFeatures%2F2018%2FJune_2018%2FIssue_343%2FSurvivors_of_Human_Trafficking_Residence%2520%2F2017-07-19_hue-jackson-fndn-bd_scheme-1-1.jpg&cfs=1&_nc_cb=1&_nc_hash=AQGOClFL_SzfCQfD", "width": 298}}, "target": {"url": "https://l.facebook.com/l.php?u=https%3A%2F%2Fbuff.ly%2F2ttrXFi&h=AT0nBKxt7nU87vLmCi5y92pTJM7vkP9i00BWOOgkibb5Lr4SYUngxqzgEC3Proo-nqTb8j9b_ODefERcLYrMlLiht4fuLm-uvyGXsZh6AAKM2HDCIBGvCO3ktU6rW6OD&s=1"}, "title": "Hue Jackson wants to make the world a safer place for human trafficking victims\u2014starting with CLE", "type": "share", "url": "https://l.facebook.com/l.php?u=https%3A%2F%2Fbuff.ly%2F2ttrXFi&h=AT0nBKxt7nU87vLmCi5y92pTJM7vkP9i00BWOOgkibb5Lr4SYUngxqzgEC3Proo-nqTb8j9b_ODefERcLYrMlLiht4fuLm-uvyGXsZh6AAKM2HDCIBGvCO3ktU6rW6OD&s=1"}]}, "id": "1003344626383879_1896688753716124"}