{"created_time": "2019-07-12T01:01:12+0000", "message": "***Update*** FoundSafe!\nURGENT!!!  We need your help!\n#missingchildren #prayforemma #prayforanna", "message_tags": [{"id": "311426675627557", "name": "#missingchildren", "offset": 54, "length": 16}, {"id": "477906902275941", "name": "#prayforemma", "offset": 71, "length": 12}, {"id": "362144427223970", "name": "#prayforanna", "offset": 84, "length": 12}], "permalink_url": "https://www.facebook.com/helperase/videos/329310031351449/", "attachments": {"data": [{"media": {"image": {"height": 640, "src": "https://scontent-lax3-1.xx.fbcdn.net/v/t15.5256-10/65805727_329334904682295_2788340343915937792_n.jpg?_nc_cat=102&ccb=1-3&_nc_sid=ad6a45&_nc_ohc=AyqqvT5YrGEAX-Fjl2h&_nc_ht=scontent-lax3-1.xx&oh=4cc6f815d2b700c4f0a417ad4dd1f6c3&oe=60711590", "width": 360}}, "target": {"id": "329310031351449", "url": "https://www.facebook.com/helperase/videos/329310031351449/"}, "type": "video_direct_response", "url": "https://www.facebook.com/helperase/videos/329310031351449/"}]}, "id": "1003344626383879_329310031351449"}