{"created_time": "2018-04-20T20:04:02+0000", "message": "Unfortunately, there has been too little effort to find consensus within the anti-trafficking field on effective ways to prevent trafficking, help survivors safely escape their situation, or address the many complex needs of survivors after they escape.", "permalink_url": "https://www.facebook.com/1003344626383879/posts/1827301857321481/", "attachments": {"data": [{"description": "The CEO of Safe Horizon explains how it has developed 14 principles to help prevent human trafficking and assist survivors..", "media": {"image": {"height": 619, "src": "https://external-lax3-1.xx.fbcdn.net/safe_image.php?d=AQFwAKVgZoSk6ngJ&w=619&h=619&url=https%3A%2F%2Fwww.facebook.com%2Fads%2Fimage%2F%3Fd%3DAQLkSEE3qBvfosVl7b_iqSp1i_CQpJIce5Jb8R5Nx21TsqFA623seWCtGueyvdKnzKgndyhoy3g1tTmfjCetQstPukoCrzXp9OhMs2iP0nltRhzGpqB24OXELeitrv_B-YHUAza8-Ts331vLO-4IRUF4&cfs=1&_nc_cb=1&_nc_hash=AQElAHsB8_irmo5O", "width": 619}}, "target": {"url": "https://l.facebook.com/l.php?u=https%3A%2F%2Fbuff.ly%2F2qKplCq&h=AT084Jh6zn9-koh-VvHlUAWwopij3tv9VaKAJa2IEMpkwRWf4q_NyFoMkWyMqls44n-zY0LDf2leJIrrCAJgw6ognEG-x4B0J_hAACawVyT7FXtecyX5OnCRMXj1pnio&s=1"}, "title": "Why the anti-trafficking field needs a shared framework", "type": "share", "url": "https://l.facebook.com/l.php?u=https%3A%2F%2Fbuff.ly%2F2qKplCq&h=AT084Jh6zn9-koh-VvHlUAWwopij3tv9VaKAJa2IEMpkwRWf4q_NyFoMkWyMqls44n-zY0LDf2leJIrrCAJgw6ognEG-x4B0J_hAACawVyT7FXtecyX5OnCRMXj1pnio&s=1"}]}, "id": "1003344626383879_1827301857321481"}