{"created_time": "2018-04-05T20:04:08+0000", "message": "Legislation that passed the General Assembly this year would require information about the human trafficking hotline to be posted in certain places where victims might be. \n\nThe bill still needs to be signed into law by the governor.", "permalink_url": "https://www.facebook.com/1003344626383879/posts/1812218662163134/", "attachments": {"data": [{"description": "It would require human trafficking hotline information to be posted at each rest area in the commonwealth and at certain health care facilities.", "media": {"image": {"height": 360, "src": "https://external-lax3-1.xx.fbcdn.net/safe_image.php?d=AQH9SL-LS2Qz9bFb&w=360&h=360&url=https%3A%2F%2Fwww.facebook.com%2Fads%2Fimage%2F%3Fd%3DAQLoOAeN927c07uyHdiXhAoiR3yn83WomcY0LK3nuA0qTaLmNbcQ1tm1iuKLyFqas1RNMR3fnk7dsMVdcPjEPZFZX0YUqB2siE795D4emEW9eT7kQb1QeBxdsvxRmoEBz_wYgcVXiPxsRBkRoLt55uCK&cfs=1&_nc_cb=1&_nc_hash=AQEFMb_idq5NjVyW", "width": 360}}, "target": {"url": "https://l.facebook.com/l.php?u=https%3A%2F%2Fbuff.ly%2F2JnYHGY&h=AT1jf384r4cBIKARg7g2EQuyIC40CJgOtC_UsjF40hbSzTxrByq_pkaiCAbWM4Qpq3A20I-giIhKWRm-r-hZfiy-RwNJrOpICix7gphFPE8jqyv1BtTKv37BlW-h9E8N&s=1"}, "title": "Va. bill would help bring human trafficking to light via hotline", "type": "share", "url": "https://l.facebook.com/l.php?u=https%3A%2F%2Fbuff.ly%2F2JnYHGY&h=AT1jf384r4cBIKARg7g2EQuyIC40CJgOtC_UsjF40hbSzTxrByq_pkaiCAbWM4Qpq3A20I-giIhKWRm-r-hZfiy-RwNJrOpICix7gphFPE8jqyv1BtTKv37BlW-h9E8N&s=1"}]}, "id": "1003344626383879_1812218662163134"}