{"created_time": "2018-01-06T17:01:15+0000", "message": "In all professions when working with Human Trafficking Victims we need to remember their needs are what matters not ours. \u201cIn a victim-centered approach, the victim's wishes, safety, and well-being take priority in all matters and procedures.\u201d-Office For Victims Of Crime\nNational Slavery and Human Trafficking Prevention Month #HumanTraffickingAwareness", "message_tags": [{"id": "505846406141479", "name": "#humantraffickingawareness", "offset": 328, "length": 26}], "permalink_url": "https://www.facebook.com/helperase/photos/a.1029649477086727/1718630858188582/?type=3", "attachments": {"data": [{"description": "In all professions when working with Human Trafficking Victims we need to remember their needs are what matters not ours. \u201cIn a victim-centered approach, the victim's wishes, safety, and well-being take priority in all matters and procedures.\u201d-Office For Victims Of Crime\nNational Slavery and Human Trafficking Prevention Month #HumanTraffickingAwareness", "media": {"image": {"height": 358, "src": "https://scontent-lax3-2.xx.fbcdn.net/v/t31.0-8/s720x720/26220485_1718630858188582_9077211791500120636_o.jpg?_nc_cat=107&ccb=1-3&_nc_sid=da1649&_nc_ohc=o9JYHHID-_EAX-jCEpF&_nc_ht=scontent-lax3-2.xx&tp=7&oh=0bedee22b0e198fc6df8962eaeba954a&oe=606FE097", "width": 720}}, "target": {"id": "1718630858188582", "url": "https://www.facebook.com/helperase/photos/a.1029649477086727/1718630858188582/?type=3"}, "title": "Timeline Photos", "type": "photo", "url": "https://www.facebook.com/helperase/photos/a.1029649477086727/1718630858188582/?type=3"}]}, "id": "1003344626383879_1718630858188582"}