{"created_time": "2018-01-05T15:14:01+0000", "message": "\u201cIf a guest pays in cash or requests a room with access to an exit, that\u2019s a red flag,\u201d", "permalink_url": "https://www.facebook.com/1003344626383879/posts/1717363094982025/", "attachments": {"data": [{"description": "Lawsuits are on the rise, but there\u2019s little proof staff training can solve the problem.", "media": {"image": {"height": 720, "src": "https://external-lax3-1.xx.fbcdn.net/safe_image.php?d=AQFk5CDnsCNeQKdc&w=720&h=720&url=https%3A%2F%2Fimages.fastcompany.net%2Fimage%2Fupload%2Fw_1280%2Cf_auto%2Cq_auto%2Cfl_lossy%2Fwp-cms%2Fuploads%2F2017%2F12%2Fp-1-the-moraland-financialimperative-for-hotels-to-combat-human-trafficking.jpg&cfs=1&_nc_cb=1&_nc_hash=AQGUv6vjyy5rQLaG", "width": 720}}, "target": {"url": "http://l.facebook.com/l.php?u=http%3A%2F%2Fj.mp%2F2DRrWP1&h=AT02vPXT922LQpqgRmKxxdpmruZ9Hdz36XRxdISG2rU1rqHtm4STexyw-mm7AROLrJCIqX3WUKqWk02eNnt1cnNQni5DbKfOJN9jtVAMj7CEZk1UBjOMOWxkdU89rUw_&s=1"}, "title": "Hotels Are Key In The Fight To End Human Trafficking", "type": "share", "url": "http://l.facebook.com/l.php?u=http%3A%2F%2Fj.mp%2F2DRrWP1&h=AT02vPXT922LQpqgRmKxxdpmruZ9Hdz36XRxdISG2rU1rqHtm4STexyw-mm7AROLrJCIqX3WUKqWk02eNnt1cnNQni5DbKfOJN9jtVAMj7CEZk1UBjOMOWxkdU89rUw_&s=1"}]}, "id": "1003344626383879_1717363094982025"}