{"created_time": "2018-01-01T22:47:11+0000", "permalink_url": "https://www.facebook.com/1003344626383879/posts/1713509742034027/", "attachments": {"data": [{"description": "The trafficker gets rich\nThe victim gets arrested\nThe buyer goes home!\n\nWhat will you do to stop human trafficking?\n\nWhen the demand stops....trafficking stops!", "media": {"image": {"height": 320, "src": "https://scontent-lax3-2.xx.fbcdn.net/v/t1.0-0/p320x320/26166203_1538759699575988_5264697440959502239_n.jpg?_nc_cat=107&ccb=1-3&_nc_sid=8024bb&_nc_ohc=UXRF8t17thUAX8tKHnd&_nc_ht=scontent-lax3-2.xx&tp=6&oh=9cab61637fa8000ffd71ac18d63da8d5&oe=607220DE", "width": 720}}, "target": {"id": "1538759699575988", "url": "https://www.facebook.com/cnhtio/photos/a.326219940829976/1538759699575988/?type=3"}, "type": "photo", "url": "https://www.facebook.com/cnhtio/photos/a.326219940829976/1538759699575988/?type=3"}]}, "id": "1003344626383879_1713509742034027"}