{"created_time": "2017-11-03T20:04:01+0000", "message": "One of the main reasons I wrote \"Social Media Wellness\" was that I realized we were having the wrong conversations with teens around social media and technology use. Social media isn't good or bad, but is simply a new language that we need to understand.", "permalink_url": "https://www.facebook.com/1003344626383879/posts/1652079801510355/", "attachments": {"data": [{"description": "Ana Homayoun, author and educator, stopped in the Triangle in September with her new book, \"Social Media Wellness: Helping Tweens and Teens Thrive in an Unbalanced Digital World.\" This week, she's\u2026", "media": {"image": {"height": 480, "src": "https://external-lax3-1.xx.fbcdn.net/safe_image.php?d=AQGc0i1GwSsc-CLY&w=480&h=480&url=https%3A%2F%2Fbuffer-media-uploads.s3.amazonaws.com%2F59f9d1d193639243646500a3%2Ff26e3ebca2e5589b7add05bf175198fb59d99fb9_30432335c2f89fc6fc75caecf7308496d9706619_facebook&cfs=1&sx=79&sy=0&sw=480&sh=480&_nc_cb=1&_nc_hash=AQG2t8fQhe7jkslv", "width": 480}}, "target": {"url": "http://l.facebook.com/l.php?u=http%3A%2F%2Fj.mp%2F2h2PKJZ&h=AT1ymtqcFhkRyfum-kiFXkt8M7weFo-OQcILM0aM-zd7USvZmbNC5ISBpJFrthBSEVGf8KUah0AfmDq0eSiEpYDM2_mQAR_7jRh4D9WpfUd_QOobc1AYIJ6l06ymAZEG&s=1"}, "title": "Socialization, self-regulation, safety: Tips to steer tweens, teens toward positive benefits of social media :: WRAL.com", "type": "share", "url": "http://l.facebook.com/l.php?u=http%3A%2F%2Fj.mp%2F2h2PKJZ&h=AT1ymtqcFhkRyfum-kiFXkt8M7weFo-OQcILM0aM-zd7USvZmbNC5ISBpJFrthBSEVGf8KUah0AfmDq0eSiEpYDM2_mQAR_7jRh4D9WpfUd_QOobc1AYIJ6l06ymAZEG&s=1"}]}, "id": "1003344626383879_1652079801510355"}