{"created_time": "2017-10-15T19:28:18+0000", "permalink_url": "https://www.facebook.com/1003344626383879/posts/1633230083395327/", "attachments": {"data": [{"description": "KNOX COUNTY, TN: Missing N.C. teen found after Human Trafficking Sting\n\nA missing teen from North Carolina is being reunited with her family after Knox County officers arrested three people. An undercover detective contacted 27-year-old Timothy King of Hickory, N.C. and arranged for an appointment for a two girl special. When officers checked King's car, they found a missing teen from Asheville, N.C. The report said the girl was verified missing through the National Crime Information Center.\n\nREAD MORE: http://www.wcnc.com/news/crime/missing-nc-teen-found-after-human-trafficking-sting-in-knox-county/482818839", "media": {"image": {"height": 313, "src": "https://scontent-lax3-1.xx.fbcdn.net/v/t1.0-9/22406377_1482553391838799_6688709283351224030_n.jpg?_nc_cat=101&ccb=1-3&_nc_sid=8024bb&_nc_ohc=9pBGXtWChPUAX-4VAje&_nc_ht=scontent-lax3-1.xx&oh=67bc0bd31966914b55780ae8ea77993d&oe=606FB3A1", "width": 450}}, "target": {"id": "1482553391838799", "url": "https://www.facebook.com/www.HumanTraffickingUSA.org/photos/a.321009044659912/1482553391838799/?type=3"}, "type": "photo", "url": "https://www.facebook.com/www.HumanTraffickingUSA.org/photos/a.321009044659912/1482553391838799/?type=3"}]}, "id": "1003344626383879_1633230083395327"}