{"created_time": "2017-10-10T14:14:00+0000", "message": "\"People were in denial you know how could a safe community that supports its children have something like this going on?\" said Soroptimist member Laura Powell. \"It's truly stunning, in a very bad way but in fact it does exist.\"", "permalink_url": "https://www.facebook.com/1003344626383879/posts/1627600630624939/", "attachments": {"data": [{"description": "KENNEWICK, Wash.-- The United Way and Soroptimist International of Pasco joined together to host an event called Stop Human Trafficking Community Conversation.", "media": {"image": {"height": 720, "src": "https://external-lax3-1.xx.fbcdn.net/safe_image.php?d=AQGMDPFyKUgTIhGu&w=720&h=720&url=https%3A%2F%2Fbuffer-media-uploads.s3.amazonaws.com%2F59d7a7a9c3453dfd61b03813%2F68bb04bd54b8f6c530695e0b77de298276a0511d_1aa3f9a5b18057a1a1a1413b6c7aef4e60bd3290_facebook&cfs=1&sx=468&sy=0&sw=720&sh=720&_nc_cb=1&_nc_hash=AQED3Nv51JNpRRGd", "width": 720}}, "target": {"url": "http://l.facebook.com/l.php?u=http%3A%2F%2Fj.mp%2F2wC70YY&h=AT1bnH8xdU42fS99rH6QxS7le03yLw_gZL_UetnXEshjY7ObTXT2VFeQ_zIkp99HK8f9pwGxfkE_WCT329GZwAULxtZDNaaAWTXKf7Jj1Sx0vlCSAeYe9x67zI3lKEaA&s=1"}, "title": "Local organizations host event to bring human trafficking awareness", "type": "share", "url": "http://l.facebook.com/l.php?u=http%3A%2F%2Fj.mp%2F2wC70YY&h=AT1bnH8xdU42fS99rH6QxS7le03yLw_gZL_UetnXEshjY7ObTXT2VFeQ_zIkp99HK8f9pwGxfkE_WCT329GZwAULxtZDNaaAWTXKf7Jj1Sx0vlCSAeYe9x67zI3lKEaA&s=1"}]}, "id": "1003344626383879_1627600630624939"}