{"created_time": "2017-10-04T14:14:01+0000", "message": "\u201cIt\u2019s crucial to get folks the knowledge that there is help out there \u2014 there is a light at the end of the tunnel.\u201d", "permalink_url": "https://www.facebook.com/1003344626383879/posts/1621894111195591/", "attachments": {"data": [{"description": "The tipster\u2019s account was grim. A woman suffered broken ribs and a punctured lung at from a man who had been forcing her into prostitution.", "media": {"image": {"height": 370, "src": "https://external-lax3-1.xx.fbcdn.net/safe_image.php?d=AQGKuS-6iGswhKx8&w=370&h=370&url=https%3A%2F%2Fbuffer-media-uploads.s3.amazonaws.com%2F59d173a953ab90e8247df44a%2Ffe1b59b1db9b7a4732c95caf980492b8e1832e4a_37f92d96b6a853a88485fc035c9fb8766797f2a2_facebook&cfs=1&sx=129&sy=0&sw=370&sh=370&_nc_cb=1&_nc_hash=AQGC1zUk7-VVc_4q", "width": 370}}, "target": {"url": "http://l.facebook.com/l.php?u=http%3A%2F%2Fj.mp%2F2xIyxvE&h=AT3jIaXphVKobqUfjTaOSFpEz0nzgn6JAdz8V68Bb8UgV9JUk4tQ6n1UwLMnVhdOFzgB9jWHoKenZzhzSJvIwMgzMEoG6rbVVn3ZP5AVP3uVb9aG5fdn5hidPPkNzBNG&s=1"}, "title": "More trafficking victims turn to hotline with pleas for help", "type": "share", "url": "http://l.facebook.com/l.php?u=http%3A%2F%2Fj.mp%2F2xIyxvE&h=AT3jIaXphVKobqUfjTaOSFpEz0nzgn6JAdz8V68Bb8UgV9JUk4tQ6n1UwLMnVhdOFzgB9jWHoKenZzhzSJvIwMgzMEoG6rbVVn3ZP5AVP3uVb9aG5fdn5hidPPkNzBNG&s=1"}]}, "id": "1003344626383879_1621894111195591"}