{"created_time": "2017-10-03T20:04:01+0000", "message": "Hawley announced, \u201cI look forward to partnering with Missouri\u2019s business leaders to end the scourge of modern-day slavery.\u201d", "permalink_url": "https://www.facebook.com/1003344626383879/posts/1621262784592057/", "attachments": {"data": [{"description": "Josh Hawley continues to push the fight against human trafficking as one of his feature objectives during his tenure as Missouri Attorney General.Hawley announced Tuesdsay the formation of a new\u2026", "media": {"image": {"height": 555, "src": "https://external-lax3-1.xx.fbcdn.net/safe_image.php?d=AQHcB1M-K3zSk6Fl&w=555&h=555&url=https%3A%2F%2Fbuffer-media-uploads.s3.amazonaws.com%2F59cd52f634e95dbb722dea50%2Fd290989cb6a3eda1a272be108fb891b1addd9536_e79d8cfc434cd668b9bc650b98b28910792a9657_facebook&cfs=1&sx=150&sy=0&sw=555&sh=555&_nc_cb=1&_nc_hash=AQHhwNFr90DzeL2i", "width": 555}}, "target": {"url": "http://l.facebook.com/l.php?u=http%3A%2F%2Fj.mp%2F2xAFMWl&h=AT3T0um-oLniBpipWjgGM801g-RavHKjIilPasUyq05TolkGdzepIMMUMo-q2U0rxNJ_tkdz0HZ3-OTFT_n7ouiqNmecSgDSoEaZtMYGNjo_7kttJRqJn0n_6hEbx2d-&s=1"}, "title": "Missouri AG announces statewide council to combat human trafficking", "type": "share", "url": "http://l.facebook.com/l.php?u=http%3A%2F%2Fj.mp%2F2xAFMWl&h=AT3T0um-oLniBpipWjgGM801g-RavHKjIilPasUyq05TolkGdzepIMMUMo-q2U0rxNJ_tkdz0HZ3-OTFT_n7ouiqNmecSgDSoEaZtMYGNjo_7kttJRqJn0n_6hEbx2d-&s=1"}]}, "id": "1003344626383879_1621262784592057"}