{"created_time": "2017-08-27T23:04:00+0000", "message": "Traffickers often seek out and abuse fellow Americans and others around the world who are struggling to get by, trying to get away from violent conditions at home and looking for help. We must do all that we can to stop this exploitation and ensure victims have access to the help they need.", "permalink_url": "https://www.facebook.com/1003344626383879/posts/1588788454506157/", "attachments": {"data": [{"description": "In the 2017 Trafficking in Persons report, U.S. Secretary of State Rex W. Tillerson wrote, \u201cHuman trafficking is one of the most tragic human rights issues of our time. It", "media": {"image": {"height": 497, "src": "https://external-lax3-1.xx.fbcdn.net/safe_image.php?d=AQG07V4353gBb0wW&w=497&h=497&url=https%3A%2F%2Fbuffer-media-uploads.s3.amazonaws.com%2F59a07aafa6ef17176853e5e1%2F5f5f76c42a2b97f187575c60bf01d9f76975b77a_f22b4a5de4d13f5dc75fc06c68cb4e4674a53c5a_facebook&cfs=1&sx=0&sy=0&sw=497&sh=497&_nc_cb=1&_nc_hash=AQEl2sS8qUZpGbGm", "width": 497}}, "target": {"url": "http://l.facebook.com/l.php?u=http%3A%2F%2Fj.mp%2F2xzykXZ&h=AT1EhvuW3lARGBbD3UNaC6OgTT-Y97in3PFhq0e1EK95ZxOreTmpaI8MuITLxmucDuQZBqgtjDNLzyi1Rj_twYlFSTQhKwcmHOt3_MMnvKgDZIApBNKQZssrMedLWqA0&s=1"}, "title": "Combating human trafficking", "type": "share", "url": "http://l.facebook.com/l.php?u=http%3A%2F%2Fj.mp%2F2xzykXZ&h=AT1EhvuW3lARGBbD3UNaC6OgTT-Y97in3PFhq0e1EK95ZxOreTmpaI8MuITLxmucDuQZBqgtjDNLzyi1Rj_twYlFSTQhKwcmHOt3_MMnvKgDZIApBNKQZssrMedLWqA0&s=1"}]}, "id": "1003344626383879_1588788454506157"}