{"created_time": "2017-08-24T23:04:00+0000", "message": "Brian Ulicny, a resident who runs a data science lab, became involved with the organization after working on a project to help companies identify suppliers involved with forced labor. He attended a hackathon in New York to learn how online data could be used to combat sex trafficking, and after meeting a team from Cambridge, decided to hold a similar hack-athon in Boston, designed to use data to help law enforcement reduce demand for paid sex by arresting buyers rather than sellers.", "permalink_url": "https://www.facebook.com/1003344626383879/posts/1586219181429751/", "attachments": {"data": [{"description": "Winchester is not a community with human trafficking on its mind. The last time the police department made an arrest for prostitution was in 2014. Before", "media": {"image": {"height": 720, "src": "https://external-lax3-1.xx.fbcdn.net/safe_image.php?d=AQHw_K7OGKYkKPLo&w=720&h=720&url=https%3A%2F%2Fbuffer-media-uploads.s3.amazonaws.com%2F599c897e12b756251aafb145%2F8c2be570a87a94426b6e6dee78e8af63da67f987_b3d1f2b6657b7b5400d4c21f677f842a9e0bbe5f_facebook&cfs=1&sx=95&sy=0&sw=3024&sh=3024&_nc_cb=1&_nc_hash=AQH_j_EMFGJD5oQW", "width": 720}}, "target": {"url": "http://l.facebook.com/l.php?u=http%3A%2F%2Fj.mp%2F2w1cXiS&h=AT0h1QN7m_X2zcFY64kf-elwSkw8FWt4cXjYJTv1eVELOUqXOwtoYD-J93NFc2Ics1niOVgzIIG4CBcOKiPIXaYGUVLVh5KdMxCpfxIQdxMzHbN2hHVSTzfl98XCqfhf&s=1"}, "title": "Meet the Winchester residents battling human trafficking", "type": "share", "url": "http://l.facebook.com/l.php?u=http%3A%2F%2Fj.mp%2F2w1cXiS&h=AT0h1QN7m_X2zcFY64kf-elwSkw8FWt4cXjYJTv1eVELOUqXOwtoYD-J93NFc2Ics1niOVgzIIG4CBcOKiPIXaYGUVLVh5KdMxCpfxIQdxMzHbN2hHVSTzfl98XCqfhf&s=1"}]}, "id": "1003344626383879_1586219181429751"}