{"created_time": "2017-08-17T21:11:05+0000", "message": "Today is National Nonprofit Day. We could not do all that we do with out the help of our amazing team, volunteers, and our community of supporters. Thank you!", "permalink_url": "https://www.facebook.com/1003344626383879/posts/1579866055398397/", "attachments": {"data": [{"description": "Today is National Nonprofit Day. We could not do all that we do with out the help of our amazing team, volunteers, and our community of supporters. Thank you!", "media": {"image": {"height": 604, "src": "https://scontent-lax3-1.xx.fbcdn.net/v/t1.0-9/s720x720/20841989_1579865675398435_6091685367887943105_n.jpg?_nc_cat=109&ccb=1-3&_nc_sid=8024bb&_nc_ohc=L4_QLSVg6dAAX-wYO3t&_nc_ht=scontent-lax3-1.xx&tp=7&oh=1ab3d0625b234a43d54974acf58d4ecc&oe=606F9A3C", "width": 720}}, "target": {"id": "1579865675398435", "url": "https://www.facebook.com/helperase/photos/a.1029649477086727/1579865675398435/?type=3"}, "type": "photo", "url": "https://www.facebook.com/helperase/photos/a.1029649477086727/1579865675398435/?type=3"}]}, "id": "1003344626383879_1579866055398397"}