{"created_time": "2017-08-09T14:40:03+0000", "message": "Police in Ottawa are looking for a suspected trafficker who preyed on vulnerable girls from a group home.", "permalink_url": "https://www.facebook.com/1003344626383879/posts/1572110956173907/", "attachments": {"data": [{"description": "Police have issued an arrest warrant for an Ottawa woman accused of recruiting young girls from group homes for the purposes of human trafficking.", "media": {"image": {"height": 664, "src": "https://external-lax3-1.xx.fbcdn.net/safe_image.php?d=AQHN08jBDaFTuuNf&w=664&h=664&url=https%3A%2F%2Fi.cbc.ca%2F1.4239434.1502226828%21%2FfileImage%2FhttpImage%2Fimage.jpg_gen%2Fderivatives%2F16x9_1180%2Fmarina-javier.jpg&cfs=1&sx=189&sy=0&sw=664&sh=664&_nc_cb=1&_nc_hash=AQFREEhuPSLvvGuZ", "width": 664}}, "target": {"url": "http://l.facebook.com/l.php?u=http%3A%2F%2Fwww.cbc.ca%2Fnews%2Fcanada%2Fottawa%2Fmarina-javier-wanted-human-trafficking-1.4239404&h=AT2GzMkJgotZimtZ0Txlm8urMATbz6Y_dsSEhT4NawkI3xzmRYBkf1co6Ug_gnqQFQMCBWprSoVouX7-8WlT7ck7ik3QWSSLJhl9Mz6HYz6otIaeZ5joZQRhbOqlXUId&s=1"}, "title": "Police issue arrest warrant for suspected human trafficker", "type": "share", "url": "http://l.facebook.com/l.php?u=http%3A%2F%2Fwww.cbc.ca%2Fnews%2Fcanada%2Fottawa%2Fmarina-javier-wanted-human-trafficking-1.4239404&h=AT2GzMkJgotZimtZ0Txlm8urMATbz6Y_dsSEhT4NawkI3xzmRYBkf1co6Ug_gnqQFQMCBWprSoVouX7-8WlT7ck7ik3QWSSLJhl9Mz6HYz6otIaeZ5joZQRhbOqlXUId&s=1"}]}, "id": "1003344626383879_1572110956173907"}