{"created_time": "2018-08-27T20:10:06+0000", "message": "\"We're just hoping to provide a lifeline to victims of human trafficking during their situations when they may not know that they're victims.\"", "permalink_url": "https://www.facebook.com/1003344626383879/posts/2002895386428793/", "attachments": {"data": [{"description": "TALLAHASSEE, FL (WTXL) -- The U.S. Department of Defense says human trafficking is the world's fastest growing crime and it's a problem locally that can affect anyone. One group is", "media": {"image": {"height": 630, "src": "https://external-lax3-1.xx.fbcdn.net/safe_image.php?d=AQHdtoKJ0DfPD8TI&w=630&h=630&url=https%3A%2F%2Fbloximages.newyork1.vip.townnews.com%2Fwtxl.com%2Fcontent%2Ftncms%2Fassets%2Fv3%2Feditorial%2F4%2Fc6%2F4c6673c6-a8b7-11e8-b4a2-47faadaa3885%2F5b81d9f41fde2.image.jpg%3Fresize%3D1120%252C630&cfs=1&_nc_cb=1&_nc_hash=AQGBgsTrdhVU-hcM", "width": 630}}, "target": {"url": "https://l.facebook.com/l.php?u=https%3A%2F%2Fbuff.ly%2F2whCNQR&h=AT3Ox72tETeC4PI7czR8dENFDHs8Y0cht94qjUFbjFKOLngPm5weFuXasLcLYJt9ut4toBD42ZPIx8J_TMwyPLUzmx_vsmVxu9Dd7_BqR8bokztjUNtubXVHweULoqpC&s=1"}, "title": "Local group aims to fight human trafficking in a unique way", "type": "share", "url": "https://l.facebook.com/l.php?u=https%3A%2F%2Fbuff.ly%2F2whCNQR&h=AT3Ox72tETeC4PI7czR8dENFDHs8Y0cht94qjUFbjFKOLngPm5weFuXasLcLYJt9ut4toBD42ZPIx8J_TMwyPLUzmx_vsmVxu9Dd7_BqR8bokztjUNtubXVHweULoqpC&s=1"}]}, "id": "1003344626383879_2002895386428793"}