{"created_time": "2017-07-30T21:25:26+0000", "message": "Check out The Enitan Story Page, Bukola Oriola will be on their FB Live talking about Human Trafficking.", "message_tags": [{"id": "577517998978771", "name": "The Enitan Story", "type": "page", "offset": 10, "length": 16}, {"id": "10158549334791973", "name": "Bukola Oriola", "type": "user", "offset": 33, "length": 13}], "permalink_url": "https://www.facebook.com/1003344626383879/posts/1562684487116554/", "id": "1003344626383879_1562684487116554"}