{"created_time": "2017-07-27T02:57:21+0000", "message": "Here are some great ideas from Paving the Way for spreading awareness on World Day Against Trafficking in Persons.\n#GiveFreedom #HelpERASE", "message_tags": [{"id": "133685910134889", "name": "Paving the Way", "type": "page", "offset": 31, "length": 14}, {"id": "136724616510939", "name": "#GiveFreedom", "offset": 115, "length": 12}, {"id": "600288956648476", "name": "#helpERASE", "offset": 128, "length": 10}], "permalink_url": "https://www.facebook.com/1003344626383879/posts/1559009340817402/", "attachments": {"data": [{"description": "Human trafficking is a crime that exploits women, children and men for numerous purposes including forced labour and sex. The International Labour Organization estimates that 21 million people are victims of forced labour globally. This estimate also includes victims of human trafficking for labour\u2026", "media": {"image": {"height": 258, "src": "https://external-lax3-1.xx.fbcdn.net/safe_image.php?d=AQH_bF-FrXqP2jTs&w=258&h=258&url=http%3A%2F%2Fwww.un.org%2Fen%2Fevents%2Fhumantrafficking%2Fassets%2Fimg%2Ftrafficking-logo.jpg&cfs=1&_nc_cb=1&_nc_hash=AQG-LkpS5zc_pgSq", "width": 258}}, "target": {"url": "http://l.facebook.com/l.php?u=http%3A%2F%2Fwww.un.org%2Fen%2Fevents%2Fhumantrafficking%2F&h=AT3jIy0dc0cH40wbmeTPubgPZl2H-UBE-NJ4naIN0lpq5PLCfRHWZg5SPsXYaPCIKjcVzGFpS-feyHueaKMmP3gp6tPSa0jASylH3NLinLTwj7HcoF6epXGf1MspSHw7&s=1"}, "title": "World Day against Trafficking in Persons 30 July", "type": "share", "url": "http://l.facebook.com/l.php?u=http%3A%2F%2Fwww.un.org%2Fen%2Fevents%2Fhumantrafficking%2F&h=AT3jIy0dc0cH40wbmeTPubgPZl2H-UBE-NJ4naIN0lpq5PLCfRHWZg5SPsXYaPCIKjcVzGFpS-feyHueaKMmP3gp6tPSa0jASylH3NLinLTwj7HcoF6epXGf1MspSHw7&s=1"}]}, "id": "1003344626383879_1559009340817402"}