{"created_time": "2018-06-29T14:14:00+0000", "message": "$350.00 is the approximate cost for one officer to attend ERASE's 3-day  Human Trafficking Investigations Law Enforcement Course. Our next class is coming up at San Bernardino County Sheriff's Department Training Center.  Currently, there is a waitlist for other law enforcement agencies who would like to host a class in their community. You can #helpERASE child trafficking by making a donation today and sharing this post with your friends. https://buff.ly/2KxUCmY", "message_tags": [{"id": "600288956648476", "name": "#helpERASE", "offset": 347, "length": 10}], "permalink_url": "https://www.facebook.com/helperase/photos/a.1029649477086727/1905505796167753/?type=3", "attachments": {"data": [{"description": "$350.00 is the approximate cost for one officer to attend ERASE's 3-day  Human Trafficking Investigations Law Enforcement Course. Our next class is coming up at San Bernardino County Sheriff's Department Training Center.  Currently, there is a waitlist for other law enforcement agencies who would like to host a class in their community. You can #helpERASE child trafficking by making a donation today and sharing this post with your friends. https://buff.ly/2KxUCmY", "media": {"image": {"height": 604, "src": "https://scontent-lax3-1.xx.fbcdn.net/v/t1.0-9/s720x720/36461369_1905505802834419_899947750483820544_n.jpg?_nc_cat=104&ccb=1-3&_nc_sid=da1649&_nc_ohc=iyYFNITZsxIAX-lZGm5&_nc_ht=scontent-lax3-1.xx&tp=7&oh=d419a17dae4b3146caec7da2a32baa55&oe=60701747", "width": 720}}, "target": {"id": "1905505796167753", "url": "https://www.facebook.com/helperase/photos/a.1029649477086727/1905505796167753/?type=3"}, "title": "Timeline Photos", "type": "photo", "url": "https://www.facebook.com/helperase/photos/a.1029649477086727/1905505796167753/?type=3"}]}, "id": "1003344626383879_1905505796167753"}