{"created_time": "2017-06-16T11:14:01+0000", "permalink_url": "https://www.facebook.com/1003344626383879/posts/1511541485564188/", "attachments": {"data": [{"description": "Blue Heart International and Victory Outreach Church of South Sacramento have partnered to conduct 'Operation Code Red' -- a night where volunteers and experts hit the streets to put and end to human\u2026", "media": {"image": {"height": 360, "src": "https://external-lax3-1.xx.fbcdn.net/safe_image.php?d=AQF7OJLG7JWeultz&w=360&h=360&url=http%3A%2F%2Fkxtv-download.edgesuite.net%2Fvideo%2F2629157%2F2629157_Still.jpg&cfs=1&sx=280&sy=0&sw=360&sh=360&_nc_cb=1&_nc_hash=AQHMKX_viBiyBtQG", "width": 360}}, "target": {"url": "http://l.facebook.com/l.php?u=http%3A%2F%2Fbuff.ly%2F2sZhLmW&h=AT3Px1KjUMR3e6jzOXfLZz6sHdpfjxej-PpR-bGOjwLtNTEIM7PC0tenwDr-R11A1TYK11xG7-l_hu8pq58WETX2i7kNODhAbz-We3esD8rkrlieZtCXjnVrtQBIG3ax&s=1"}, "title": "Operation Code Red: Putting and end to human trafficking", "type": "share", "url": "http://l.facebook.com/l.php?u=http%3A%2F%2Fbuff.ly%2F2sZhLmW&h=AT3Px1KjUMR3e6jzOXfLZz6sHdpfjxej-PpR-bGOjwLtNTEIM7PC0tenwDr-R11A1TYK11xG7-l_hu8pq58WETX2i7kNODhAbz-We3esD8rkrlieZtCXjnVrtQBIG3ax&s=1"}]}, "id": "1003344626383879_1511541485564188"}