{"created_time": "2017-05-14T11:14:01+0000", "permalink_url": "https://www.facebook.com/1003344626383879/posts/1474821095902894/", "attachments": {"data": [{"description": "It's a national problem that you might not think happens in La Crosse, but human trafficking is becoming a growing problem in the La Crosse area. Human trafficking is defined as a type of slavery,\u2026", "media": {"image": {"height": 359, "src": "https://external-lax3-1.xx.fbcdn.net/safe_image.php?d=AQEMcPj7DSuJpLOP&w=359&h=359&url=https%3A%2F%2Fbuffer-previews.s3.amazonaws.com%2Fpreview.393b76af55e9c36b91c83c62f7a11af6.jpg&cfs=1&_nc_cb=1&_nc_hash=AQEZ7t06KthuhltR", "width": 359}}, "target": {"url": "http://l.facebook.com/l.php?u=http%3A%2F%2Fbuff.ly%2F2qBodT8&h=AT1p4F-WUaYHccED1nk9LNW22UgRYL2LllF871WxonGdkW36fO_QToWpBZAXpoBVu2XcWgOz3J-kLmL6Fw-WQsQNTvBhT7raMcKCwAaB09po3sxkIoluYp_WRNSRFsBU&s=1"}, "title": "Conference addresses human trafficking", "type": "share", "url": "http://l.facebook.com/l.php?u=http%3A%2F%2Fbuff.ly%2F2qBodT8&h=AT1p4F-WUaYHccED1nk9LNW22UgRYL2LllF871WxonGdkW36fO_QToWpBZAXpoBVu2XcWgOz3J-kLmL6Fw-WQsQNTvBhT7raMcKCwAaB09po3sxkIoluYp_WRNSRFsBU&s=1"}]}, "id": "1003344626383879_1474821095902894"}