{"created_time": "2017-04-20T00:01:50+0000", "message": "\"Does anybody hear her?\" Do children/teens know who to turn to if they need to talk?", "permalink_url": "https://www.facebook.com/helperase/videos/1447123932005944/", "attachments": {"data": [{"media": {"image": {"height": 720, "src": "https://scontent-lax3-1.xx.fbcdn.net/v/t15.5256-10/p720x720/18072294_1447139962004341_8298659749755355136_n.jpg?_nc_cat=108&ccb=1-3&_nc_sid=ad6a45&_nc_ohc=H4zzMfdXz8wAX_bfYVD&_nc_ht=scontent-lax3-1.xx&tp=6&oh=60981f1ca42053c7cca59a3ed6c7ac92&oe=6071CDB5", "width": 720}}, "target": {"id": "1447123932005944", "url": "https://www.facebook.com/helperase/videos/1447123932005944/"}, "title": "Does Anybody Hear Her?", "type": "video_inline", "url": "https://www.facebook.com/helperase/videos/1447123932005944/"}]}, "id": "1003344626383879_1447123932005944"}