{"created_time": "2017-03-22T01:00:31+0000", "message": "Johns - Prostitutes - Pimps - The truth behind the labels.", "permalink_url": "https://www.facebook.com/helperase/videos/1412395838812087/", "attachments": {"data": [{"media": {"image": {"height": 640, "src": "https://scontent-lax3-1.xx.fbcdn.net/v/t15.5256-10/17453138_1412371285481209_7364090559956254720_n.jpg?_nc_cat=102&ccb=1-3&_nc_sid=ad6a45&_nc_ohc=e50WxXCl7JIAX_gQcEg&_nc_ht=scontent-lax3-1.xx&oh=6cbe3ad084ff8083e1f89182ce642211&oe=6070ACD0", "width": 360}}, "target": {"id": "1412395838812087", "url": "https://www.facebook.com/helperase/videos/1412395838812087/"}, "title": "Johns - Prostitutes - Pimps - The truth behind the labels", "type": "video_inline", "url": "https://www.facebook.com/helperase/videos/1412395838812087/"}]}, "id": "1003344626383879_1412395838812087"}