{"created_time": "2019-10-01T14:04:01+0000", "message": "Randolph County tourism group tackles human trafficking-\u201cWe're not going to be hospitable to traffickers. We're going to be inhospitable,\" O'Kelley said.\nhttps://buff.ly/2mDY5Xp #travel #tourism #notforsale", "message_tags": [{"id": "418119348280767", "name": "#travel", "offset": 178, "length": 7}, {"id": "135554073283107", "name": "#tourism", "offset": 186, "length": 8}, {"id": "250927571710798", "name": "#NotForSale", "offset": 195, "length": 11}], "permalink_url": "https://www.facebook.com/helperase/photos/a.1029649477086727/2638164229568569/?type=3", "attachments": {"data": [{"description": "Randolph County tourism group tackles human trafficking-\u201cWe're not going to be hospitable to traffickers. We're going to be inhospitable,\" O'Kelley said.\nhttps://buff.ly/2mDY5Xp #travel #tourism #notforsale", "media": {"image": {"height": 430, "src": "https://scontent-lax3-2.xx.fbcdn.net/v/t1.0-9/s720x720/71115649_2638164236235235_7312717657264881664_o.jpg?_nc_cat=106&ccb=1-3&_nc_sid=da1649&_nc_ohc=YYTVZF3yRM0AX8q--V8&_nc_ht=scontent-lax3-2.xx&tp=7&oh=338da1c68531dbbc3698973826adc97d&oe=606E45B4", "width": 720}}, "target": {"id": "2638164229568569", "url": "https://www.facebook.com/helperase/photos/a.1029649477086727/2638164229568569/?type=3"}, "title": "Timeline Photos", "type": "photo", "url": "https://www.facebook.com/helperase/photos/a.1029649477086727/2638164229568569/?type=3"}]}, "id": "1003344626383879_2638164229568569"}