{"created_time": "2018-08-13T00:56:20+0000", "message": "Running for a great cause!", "permalink_url": "https://www.facebook.com/1003344626383879/posts/1978392022212463/", "attachments": {"data": [{"description": "A big shout out to Running Lab Brighton for hosting our informal team run today! You guys were amazing hosts as usual!!! LR\ud83d\udc99RL #loveruns #runninglab", "description_tags": [{"id": "506312786055355", "length": 20, "name": "Running Lab Brighton", "offset": 19, "type": "page"}], "media": {"image": {"height": 720, "src": "https://scontent-lax3-1.xx.fbcdn.net/v/t1.0-9/p720x720/39065793_990445644471485_6070676358655115264_o.jpg?_nc_cat=102&ccb=1-3&_nc_sid=2d5d41&_nc_ohc=OsLsYsoSOD8AX__M25E&_nc_ht=scontent-lax3-1.xx&tp=6&oh=f8cb1ceeb73411b2c529b48cf440df84&oe=606DF746", "width": 720}}, "target": {"id": "990445637804819", "url": "https://www.facebook.com/LoveRunsDetroit/photos/a.612087075640679/990445637804819/?type=3"}, "title": "Timeline Photos", "type": "photo", "url": "https://www.facebook.com/LoveRunsDetroit/photos/a.612087075640679/990445637804819/?type=3"}]}, "id": "1003344626383879_1978392022212463"}