{"created_time": "2019-08-21T14:04:05+0000", "message": "Exploiting vulnerable children that were under their care is unacceptable! \nOwners of Joshua Home arrested, charged with trafficking boys in Burnet Co. TX.", "permalink_url": "https://www.facebook.com/1003344626383879/posts/2561915097193483/", "attachments": {"data": [{"description": "They are both accused of \u201cknowingly\u201d trafficking four underage boys and \u201cthrough force, fraud or coercion\u201d making them \u201cengage in forced labor or services.\u201d", "media": {"image": {"height": 720, "src": "https://external-lax3-1.xx.fbcdn.net/safe_image.php?d=AQGQnFzLo9YJPrhV&w=720&h=720&url=https%3A%2F%2Fwww.kxan.com%2Fwp-content%2Fuploads%2Fsites%2F40%2F2019%2F08%2Fgary-wiggins-meaghann-wiggins.jpg%3Fw%3D1280%26h%3D720%26crop%3D1&cfs=1&sx=0&sy=0&sw=720&sh=720&_nc_cb=1&_nc_hash=AQF7SNOEvr5LbvP1", "width": 720}}, "target": {"url": "https://l.facebook.com/l.php?u=https%3A%2F%2Fbuff.ly%2F2P5pWwQ&h=AT0CUwvDrCFhfL9fdnpjMCxkapQTK1gLX1laNKKYD-4wY73nsG9svAGSP8serUD8L_mGe37zhvA5hkSueS1fpgaUh3cZWYnDvjG3Aka4eMWqxyO_jXQfS3K5vNIstpFp&s=1"}, "title": "Owners of Joshua Home arrested, charged with trafficking boys in Burnet Co.", "type": "share", "url": "https://l.facebook.com/l.php?u=https%3A%2F%2Fbuff.ly%2F2P5pWwQ&h=AT0CUwvDrCFhfL9fdnpjMCxkapQTK1gLX1laNKKYD-4wY73nsG9svAGSP8serUD8L_mGe37zhvA5hkSueS1fpgaUh3cZWYnDvjG3Aka4eMWqxyO_jXQfS3K5vNIstpFp&s=1"}]}, "id": "1003344626383879_2561915097193483"}