{"created_time": "2019-05-24T20:10:02+0000", "message": "\u201cFederal prosecutors indicted five people accused of forcing 14 Mexican immigrants to work in farms in Wisconsin, where they \u201cwere victims of a severe form of human trafficking.\u201d", "permalink_url": "https://www.facebook.com/1003344626383879/posts/2402435619808099/", "attachments": {"data": [{"description": "MILWAUKEE \u2014 Federal prosecutors indicted five people accused of forcing 14 Mexican immigrants to work in farms in Wisconsin, where they \"were victims of a severe form of human trafficking.\" Prosecutors said in a grand jury indictment unsealed Tuesday that the workers had their documents seized to ...", "media": {"image": {"height": 433, "src": "https://external-lax3-1.xx.fbcdn.net/safe_image.php?d=AQEkP36RUVm1tu-J&w=433&h=433&url=http%3A%2F%2Flocaltvwiti.files.wordpress.com%2F2019%2F05%2Fgettyimages-923901356.jpg%3Fquality%3D85%26strip%3Dall&cfs=1&_nc_cb=1&_nc_hash=AQEElt-uib-q7Pwl", "width": 433}}, "target": {"url": "https://l.facebook.com/l.php?u=https%3A%2F%2Fbuff.ly%2F2woeFeR&h=AT27AR75NC1KAxy_RavAMBu9T2FHz9aL9_SN64knEYmtGjnC8G8Bf0ZJHH6dE-BANk-eNZGOBPKndCUVBAZI0_RHQHt3t1EoO0LTMpnt1D4rgSqMTK310Ys4pEY56RlW&s=1"}, "title": "\u2018Severe form of human trafficking:\u2019 5 indicted in Wisconsin accused of forced immigrant labor", "type": "share", "url": "https://l.facebook.com/l.php?u=https%3A%2F%2Fbuff.ly%2F2woeFeR&h=AT27AR75NC1KAxy_RavAMBu9T2FHz9aL9_SN64knEYmtGjnC8G8Bf0ZJHH6dE-BANk-eNZGOBPKndCUVBAZI0_RHQHt3t1EoO0LTMpnt1D4rgSqMTK310Ys4pEY56RlW&s=1"}]}, "id": "1003344626383879_2402435619808099"}