{"created_time": "2018-06-19T14:14:06+0000", "message": "There are many misconceptions about Sex Trafficking. Making up stories on social media only contributes to the problem. Visit helperase.org to learn more.\n\u201cPolice -\u201cthe complainant has since said there was no sex trafficking attempt and made up that part.\u201d\u201d https://buff.ly/2lfgvtc", "message_tags": [], "permalink_url": "https://www.facebook.com/1003344626383879/posts/1889929597725373/", "attachments": {"data": [{"media": {"image": {"height": 398, "src": "https://scontent-lax3-2.xx.fbcdn.net/v/t1.0-9/s720x720/35814923_1889929461058720_3936224006503399424_o.jpg?_nc_cat=107&ccb=1-3&_nc_sid=8024bb&_nc_ohc=4_YaEwczQ-cAX89hv8E&_nc_ht=scontent-lax3-2.xx&tp=7&oh=bbbf6c06995aa8796e38257494648d0d&oe=60718114", "width": 720}}, "subattachments": {"data": [{"description": "There are many misconceptions about Sex Trafficking. Making up stories on social media only contributes to the problem. Visit helperase.org to learn more.\n\u201cPolice -\u201cthe complainant has since said there was no sex trafficking attempt and made up that part.\u201d\u201d https://buff.ly/2lfgvtc", "media": {"image": {"height": 398, "src": "https://scontent-lax3-2.xx.fbcdn.net/v/t1.0-9/s720x720/35814923_1889929461058720_3936224006503399424_o.jpg?_nc_cat=107&ccb=1-3&_nc_sid=8024bb&_nc_ohc=4_YaEwczQ-cAX89hv8E&_nc_ht=scontent-lax3-2.xx&tp=7&oh=bbbf6c06995aa8796e38257494648d0d&oe=60718114", "width": 720}}, "target": {"id": "1889929454392054", "url": "https://www.facebook.com/helperase/photos/a.1029649477086727/1889929454392054/?type=3"}, "type": "photo", "url": "https://www.facebook.com/helperase/photos/a.1029649477086727/1889929454392054/?type=3"}, {"description": "There are many misconceptions about Sex Trafficking. Making up stories on social media only contributes to the problem. Visit helperase.org to learn more.\n\u201cPolice -\u201cthe complainant has since said there was no sex trafficking attempt and made up that part.\u201d\u201d https://buff.ly/2lfgvtc", "media": {"image": {"height": 405, "src": "https://scontent-lax3-1.xx.fbcdn.net/v/t1.0-9/s720x720/35629138_1889929531058713_500615984952901632_n.jpg?_nc_cat=102&ccb=1-3&_nc_sid=8024bb&_nc_ohc=ixVSNyWqEz8AX9PMSqr&_nc_ht=scontent-lax3-1.xx&tp=7&oh=9d35b40b208d5cfbfa689b71ee00920b&oe=606E6598", "width": 720}}, "target": {"id": "1889929524392047", "url": "https://www.facebook.com/helperase/photos/a.1029649477086727/1889929524392047/?type=3"}, "type": "photo", "url": "https://www.facebook.com/helperase/photos/a.1029649477086727/1889929524392047/?type=3"}]}, "target": {"id": "1889929597725373", "url": "https://www.facebook.com/1003344626383879/posts/1889929597725373/"}, "title": "Photos from ERASE Child Trafficking's post", "type": "album", "url": "https://www.facebook.com/1003344626383879/posts/1889929597725373/"}]}, "id": "1003344626383879_1889929597725373"}