{"created_time": "2018-06-18T14:14:00+0000", "message": "\"$77 million of fiscal 2018 human trafficking funding included language for the first time ever prohibiting the use of grants to help survivors clear their criminal records that resulted from their victimization.\" https://buff.ly/2JZqygR", "message_tags": [], "permalink_url": "https://www.facebook.com/helperase/photos/a.1029649477086727/1888481647870168/?type=3", "attachments": {"data": [{"description": "\"$77 million of fiscal 2018 human trafficking funding included language for the first time ever prohibiting the use of grants to help survivors clear their criminal records that resulted from their victimization.\" https://buff.ly/2JZqygR", "media": {"image": {"height": 382, "src": "https://scontent-lax3-1.xx.fbcdn.net/v/t1.0-9/35544811_1888481654536834_5848632996197826560_n.jpg?_nc_cat=101&ccb=1-3&_nc_sid=da1649&_nc_ohc=XaBJkHbNu5gAX_J3lyn&_nc_ht=scontent-lax3-1.xx&oh=c39754e3b4721e96d67090cc907882eb&oe=60701B86", "width": 640}}, "target": {"id": "1888481647870168", "url": "https://www.facebook.com/helperase/photos/a.1029649477086727/1888481647870168/?type=3"}, "title": "Timeline Photos", "type": "photo", "url": "https://www.facebook.com/helperase/photos/a.1029649477086727/1888481647870168/?type=3"}]}, "id": "1003344626383879_1888481647870168"}