{"created_time": "2018-08-22T14:04:05+0000", "message": "\"Administration for Children's Services Commissioner David Hansell said that nearly 3,000 children and young adult trafficking survivors, under ACS supervision, are being offered the free service to erase the ink forced on them as a sign of ownership.\"", "permalink_url": "https://www.facebook.com/1003344626383879/posts/1994976647220667/", "attachments": {"data": [{"description": "Nearly 3,000 children and young adult trafficking survivors are being offered the service.", "media": {"image": {"height": 720, "src": "https://external-lax3-1.xx.fbcdn.net/safe_image.php?d=AQFsdqWygTe3xMGL&w=720&h=720&url=http%3A%2F%2Fa57.foxnews.com%2Fimages.foxnews.com%2Fcontent%2Ffox-news%2Flifestyle%2F2018%2F08%2F21%2Ftattoo-removal-program-offers-free-service-to-young-sex-trafficking-survivors%2F_jcr_content%2Fpar%2Ffeatured_image%2Fmedia-0.img.jpg%2F0%2F0%2F1534861552232.jpg%3Fve%3D1&cfs=1&_nc_cb=1&_nc_hash=AQHt97keG6hCAPDs", "width": 720}}, "target": {"url": "https://l.facebook.com/l.php?u=https%3A%2F%2Fbuff.ly%2F2N8rFML&h=AT3h00yCKKEJwsijJ7rP-CcEFMAry-mUpafOno3VsMQ-_PnzmSIbav1CCTPw23UIVZ_pvq-4pocoN4fQ6s9Heo_7s-HmiMA2eZGHGTT3HDRWoPCewotM0LFnKE9R96S-&s=1"}, "title": "Tattoo removal program offers free service to young sex-trafficking survivors", "type": "share", "url": "https://l.facebook.com/l.php?u=https%3A%2F%2Fbuff.ly%2F2N8rFML&h=AT3h00yCKKEJwsijJ7rP-CcEFMAry-mUpafOno3VsMQ-_PnzmSIbav1CCTPw23UIVZ_pvq-4pocoN4fQ6s9Heo_7s-HmiMA2eZGHGTT3HDRWoPCewotM0LFnKE9R96S-&s=1"}]}, "id": "1003344626383879_1994976647220667"}