{"created_time": "2018-05-28T20:04:01+0000", "message": "\u201cIt\u2019s sending a message to the hotel and motel industry. Don\u2019t allow this to happen, and if you do, you\u2019re going to be exposed,\u201d\nhttps://buff.ly/2ITRrlt", "message_tags": [], "permalink_url": "https://www.facebook.com/helperase/photos/a.1029649477086727/1864723506912649/?type=3", "attachments": {"data": [{"description": "\u201cIt\u2019s sending a message to the hotel and motel industry. Don\u2019t allow this to happen, and if you do, you\u2019re going to be exposed,\u201d\nhttps://buff.ly/2ITRrlt", "media": {"image": {"height": 372, "src": "https://scontent-lax3-1.xx.fbcdn.net/v/t1.0-9/33617075_1864723513579315_7031078518314237952_n.jpg?_nc_cat=110&ccb=1-3&_nc_sid=da1649&_nc_ohc=wpdSg-1NZaUAX9Azs9h&_nc_ht=scontent-lax3-1.xx&oh=c1bac20c91b14152170efb42f479fef6&oe=6070E444", "width": 616}}, "target": {"id": "1864723506912649", "url": "https://www.facebook.com/helperase/photos/a.1029649477086727/1864723506912649/?type=3"}, "title": "Timeline Photos", "type": "photo", "url": "https://www.facebook.com/helperase/photos/a.1029649477086727/1864723506912649/?type=3"}]}, "id": "1003344626383879_1864723506912649"}