{"created_time": "2018-05-24T14:14:02+0000", "message": "Missing 15yo recovered by police.", "permalink_url": "https://www.facebook.com/1003344626383879/posts/1860396944011972/", "attachments": {"data": [{"description": "HANFORD \u2014 According to the Hanford Police Department, two people have been arrested in connection with trafficking a missing 15-year-old Hanford girl.", "media": {"image": {"height": 435, "src": "https://external-lax3-1.xx.fbcdn.net/safe_image.php?d=AQEAeT37MkkNEEJ4&w=435&h=435&url=https%3A%2F%2Fbloximages.chicago2.vip.townnews.com%2Fhanfordsentinel.com%2Fcontent%2Ftncms%2Fassets%2Fv3%2Feditorial%2F6%2Fd7%2F6d776082-8a5c-5ef5-b335-6e119f799d72%2F5b05bd3f79d7e.image.jpg%3Fcrop%3D773%252C435%252C0%252C228%26resize%3D773%252C435%26order%3Dcrop%252Cresize&cfs=1&_nc_cb=1&_nc_hash=AQF7GgJvlO9H-4lc", "width": 435}}, "target": {"url": "https://l.facebook.com/l.php?u=https%3A%2F%2Fbuff.ly%2F2LpSD1D&h=AT0RCxNYTZQhrz6cly8iJKAsaeCQXhk0p5MJejjCBjPTbFY59L9rP3BkQ_MSlkLlevdnhhInKfpWPJggUfHJiFhkFL-IcjksL3muNM1NFuPrK4qO2206OmH8HN4fenrc&s=1"}, "title": "Two arrested after missing Hanford girl found", "type": "share", "url": "https://l.facebook.com/l.php?u=https%3A%2F%2Fbuff.ly%2F2LpSD1D&h=AT0RCxNYTZQhrz6cly8iJKAsaeCQXhk0p5MJejjCBjPTbFY59L9rP3BkQ_MSlkLlevdnhhInKfpWPJggUfHJiFhkFL-IcjksL3muNM1NFuPrK4qO2206OmH8HN4fenrc&s=1"}]}, "id": "1003344626383879_1860396944011972"}