{"created_time": "2018-02-06T15:14:15+0000", "message": "\u201cSex trafficking is actually very pervasive,\u201d Rep. Mary Kunesh-Podein, DFL-New Brighton, said. She co-authored the legislation. \u201cWe can\u2019t just stand idly by thinking that this isn\u2019t happening in our backyard.\u201d", "permalink_url": "https://www.facebook.com/1003344626383879/posts/1750172288367772/", "attachments": {"data": [{"description": "A bipartisan group of Minnesota lawmakers announced Monday, Jan. 29 they would introduce legislation during the coming 2018 session designed to help prevent sex trafficking in Minnesota through education.", "media": {"image": {"height": 630, "src": "https://external-lax3-1.xx.fbcdn.net/safe_image.php?d=AQFTJReLz3Dlwr9F&w=630&h=630&url=https%3A%2F%2Fbloximages.chicago2.vip.townnews.com%2Fwahpetondailynews.com%2Fcontent%2Ftncms%2Fassets%2Fv3%2Feditorial%2F4%2Fab%2F4ab570f0-069a-11e8-bdbd-ab445f9adba0%2F5a71df43eac84.image.jpg%3Fresize%3D630%252C630&cfs=1&_nc_cb=1&_nc_hash=AQFKiRA6W_QIaTNm", "width": 630}}, "target": {"url": "http://l.facebook.com/l.php?u=http%3A%2F%2Fj.mp%2F2EaFGIc&h=AT1myj8egObMMmTXRfgsMh-BIEr_okQI1ev_58h9Q6fYNzJi07FGJjJFJPlB5obWtTVx75ggIqbCFDfjnDCZjDawXhnO-OfSw3Tk5c3ytGQ6NigaVpO1iN3mNCtFFIg6&s=1"}, "title": "MN tackles sex trafficking with education", "type": "share", "url": "http://l.facebook.com/l.php?u=http%3A%2F%2Fj.mp%2F2EaFGIc&h=AT1myj8egObMMmTXRfgsMh-BIEr_okQI1ev_58h9Q6fYNzJi07FGJjJFJPlB5obWtTVx75ggIqbCFDfjnDCZjDawXhnO-OfSw3Tk5c3ytGQ6NigaVpO1iN3mNCtFFIg6&s=1"}]}, "id": "1003344626383879_1750172288367772"}