{"created_time": "2017-12-17T15:14:00+0000", "message": "How Colorado is Taking Action Against Human Trafficking \n\"These folks hide the children that they are trafficking and the work that they are doing, and kids are vulnerable victims.\"", "permalink_url": "https://www.facebook.com/1003344626383879/posts/1698066013578400/", "attachments": {"data": [{"description": "The large majority of human trafficking victims (71%) are women and girls, and one third are children.", "media": {"image": {"height": 320, "src": "https://external-lax3-1.xx.fbcdn.net/safe_image.php?d=AQFXvfNk30RU4d4c&w=320&h=320&url=https%3A%2F%2Fbuffer-media-uploads.s3.amazonaws.com%2F5a3077bd09df6a8161977a5a%2F02efba0e06911b94d4bbf2d7f56d08448b1c936b_229c3ff12be0e096b260189c90bab2cb7c84adf3_facebook&cfs=1&_nc_cb=1&_nc_hash=AQGhNo0-yAcwg1eL", "width": 320}}, "target": {"url": "http://l.facebook.com/l.php?u=http%3A%2F%2Fj.mp%2F2z4TQaQ&h=AT06aUi3muCEuC9f1SWkeppVwmjuPfsVhPjnLxdwUTDzQC17b2mbTFxTIGPKgRlh-LZQQgh4lOkgy-kx__bkRiPj-7jsy-BLHtQRWRYm4vtN_5c15vcgFJu0mBT6kJct&s=1"}, "title": "How Colorado is Taking Action Against Human Trafficking", "type": "share", "url": "http://l.facebook.com/l.php?u=http%3A%2F%2Fj.mp%2F2z4TQaQ&h=AT06aUi3muCEuC9f1SWkeppVwmjuPfsVhPjnLxdwUTDzQC17b2mbTFxTIGPKgRlh-LZQQgh4lOkgy-kx__bkRiPj-7jsy-BLHtQRWRYm4vtN_5c15vcgFJu0mBT6kJct&s=1"}]}, "id": "1003344626383879_1698066013578400"}