{"created_time": "2017-11-15T16:33:25+0000", "permalink_url": "https://www.facebook.com/1003344626383879/posts/1663597810358554/", "attachments": {"data": [{"description": "Congratulations to the States of West Virginia and California for being the most improved states in 2017 and to Tennessee for achieving the highest score!!! #PIC2017 #stoptheinjustice", "media": {"image": {"height": 720, "src": "https://scontent-lax3-1.xx.fbcdn.net/v/t1.0-9/23517901_10157284933788018_1098237814285083992_n.png?_nc_cat=103&ccb=1-3&_nc_sid=8024bb&_nc_ohc=YAkL18OxvDUAX8LQeGG&_nc_ht=scontent-lax3-1.xx&oh=5f48809b35b097bb89eda28c19d50f89&oe=6072844C", "width": 720}}, "target": {"id": "10157284933788018", "url": "https://www.facebook.com/sharedhopeinternational/photos/a.290210388017/10157284933788018/?type=3"}, "type": "photo", "url": "https://www.facebook.com/sharedhopeinternational/photos/a.290210388017/10157284933788018/?type=3"}]}, "id": "1003344626383879_1663597810358554"}