{"created_time": "2017-10-24T20:04:03+0000", "message": "St. Peters Crossfit hosted a 'Fit for Freedom' competition, aiming to raise money to fight human trafficking. The competition was birthed in 2008 when St. Louis-based organization 'Crisis Aid International' met with law enforcement to bring more light to sex trafficking in St. Louis and around the country", "permalink_url": "https://www.facebook.com/1003344626383879/posts/1641963802521955/", "attachments": {"data": [{"description": "There were 22 teams present for the competition, and each paid $120 towards the cause.", "media": {"image": {"height": 720, "src": "https://external-lax3-1.xx.fbcdn.net/safe_image.php?d=AQGBXsJ5XwmSNw0q&w=720&h=720&url=https%3A%2F%2Fbuffer-media-uploads.s3.amazonaws.com%2F59ec8b2bc3453d2b7c893f59%2F950615819f3a7970b3e5eaf04967ce0a92bb2835_f1c8610fe2fef26481755b0af563f82b13044d27_facebook&cfs=1&_nc_cb=1&_nc_hash=AQHYDISBmeS6kaq2", "width": 720}}, "target": {"url": "http://l.facebook.com/l.php?u=http%3A%2F%2Fj.mp%2F2yB9xqK&h=AT2HMOhf6HgqumJNyUUc9BQ27FR9ItTsQ3nb7SohNllqIwHAIPY6MRPmQ9p0om3YNEAOUaJbuSboBcqKNPO6ueFZYsjVbFk8yJHgbWHAkSrmYK5mK2IDRZyXTvYWgASZ&s=1"}, "title": "Competition breaks a sweat to help fight human trafficking", "type": "share", "url": "http://l.facebook.com/l.php?u=http%3A%2F%2Fj.mp%2F2yB9xqK&h=AT2HMOhf6HgqumJNyUUc9BQ27FR9ItTsQ3nb7SohNllqIwHAIPY6MRPmQ9p0om3YNEAOUaJbuSboBcqKNPO6ueFZYsjVbFk8yJHgbWHAkSrmYK5mK2IDRZyXTvYWgASZ&s=1"}]}, "id": "1003344626383879_1641963802521955"}