{"created_time": "2017-10-16T20:04:00+0000", "message": "\u201cThis will create even stronger provisions for this important measure which allows victims across the state to better seek assistance,\u201d Stephanie Richard, policy and legal services director for The Coalition to Abolish Slavery and Trafficking said. \u201cWe are proud to see important improvements made.\u201d", "permalink_url": "https://www.facebook.com/1003344626383879/posts/1634287743289561/", "attachments": {"data": [{"description": "It is now California law that human trafficking hotlines will have a text message option after Governor Jerry Brown signed a Senate Bill last week.    Through the legislation, written by Senator\u2026", "media": {"image": {"height": 720, "src": "https://external-lax3-1.xx.fbcdn.net/safe_image.php?d=AQEdySJIdV0_dgRQ&w=720&h=720&url=https%3A%2F%2Fbuffer-media-uploads.s3.amazonaws.com%2F59de72e9efda0cc62efc94e4%2Ff6be6ca910984ef05a237a180d464ceb8847c14a_2349851df269067d60231a36451a0de1dda27454_facebook&cfs=1&_nc_cb=1&_nc_hash=AQH9mxMuemF9XD7T", "width": 720}}, "target": {"url": "http://l.facebook.com/l.php?u=http%3A%2F%2Fj.mp%2F2yaiQxJ&h=AT1BavXRuP1LaeD4FNuekbpEcsesGESU2HXsRY3Y0Jg002q1IqlQmllf2TFXg189wcheazslJSQXDuZ74BqooGCscx_To3Kagh4dZsmXbWZ-IGsfyZ9k8tKygkDTdIpp&s=1"}, "title": "Text message hotline for human trafficking victims now state law", "type": "share", "url": "http://l.facebook.com/l.php?u=http%3A%2F%2Fj.mp%2F2yaiQxJ&h=AT1BavXRuP1LaeD4FNuekbpEcsesGESU2HXsRY3Y0Jg002q1IqlQmllf2TFXg189wcheazslJSQXDuZ74BqooGCscx_To3Kagh4dZsmXbWZ-IGsfyZ9k8tKygkDTdIpp&s=1"}]}, "id": "1003344626383879_1634287743289561"}