{"created_time": "2017-08-06T13:14:01+0000", "message": "The harsh reality of human beings taken by force, or deceit, and treated as commerce to be bought and sold, is a scourge that may be as old as humanity itself.", "permalink_url": "https://www.facebook.com/1003344626383879/posts/1569054596479543/", "attachments": {"data": [{"description": "It's a problem that is both well known, and yet often invisible. It goes by a name so commonly used that the name may be in danger of losing some of its", "media": {"image": {"height": 720, "src": "https://external-lax3-1.xx.fbcdn.net/safe_image.php?d=AQH3bVnl-aUcYvAY&w=720&h=720&url=https%3A%2F%2Fbuffer-media-uploads.s3.amazonaws.com%2F5984e1e7ef20021025ae8ca1%2F587c9866ad49e34c3dd2692ddb5642038c876eb2_e4fb38802108035461320b516519b4b31ee2a41a_facebook&cfs=1&sx=1536&sy=0&sw=3280&sh=3280&_nc_cb=1&_nc_hash=AQGwSY9TeWgYHxdg", "width": 720}}, "target": {"url": "https://l.facebook.com/l.php?u=https%3A%2F%2Fbuff.ly%2F2uc6PGB&h=AT2OK9T7EIzQK-_35vKQ0n4CienWo6Y8Z61tvMPUZ40c7ehabuI5dfPltDU0Q56y7Fj-ulKuCTKKNLrv1OAzqF8ZjUn66rYXFPVjmTR-g9474AkCKMYkGK_wqUynHxb2&s=1"}, "title": "EDITORIAL -- Shining a light on human trafficking", "type": "share", "url": "https://l.facebook.com/l.php?u=https%3A%2F%2Fbuff.ly%2F2uc6PGB&h=AT2OK9T7EIzQK-_35vKQ0n4CienWo6Y8Z61tvMPUZ40c7ehabuI5dfPltDU0Q56y7Fj-ulKuCTKKNLrv1OAzqF8ZjUn66rYXFPVjmTR-g9474AkCKMYkGK_wqUynHxb2&s=1"}]}, "id": "1003344626383879_1569054596479543"}