{"created_time": "2017-07-30T17:38:44+0000", "message": "Thank you SAMSA Wits for raising awareness about Human Trafficking. \n#Igivehope", "message_tags": [{"id": "1664361783825882", "name": "SAMSA Wits", "type": "page", "offset": 10, "length": 10}, {"id": "425949960835583", "name": "#igivehope", "offset": 69, "length": 10}], "permalink_url": "https://www.facebook.com/1003344626383879/posts/1562515367133466/", "attachments": {"data": [{"media": {"image": {"height": 551, "src": "https://scontent-lax3-1.xx.fbcdn.net/v/t1.0-9/20429998_1984368181825239_7427716266798650142_n.jpg?_nc_cat=101&ccb=1-3&_nc_sid=110474&_nc_ohc=02AvVWSei0IAX_wbH8S&_nc_ht=scontent-lax3-1.xx&oh=bfc0eeb1fc3d1152c1cff4a3e89748c7&oe=607274AB", "width": 451}}, "subattachments": {"data": [{"media": {"image": {"height": 551, "src": "https://scontent-lax3-1.xx.fbcdn.net/v/t1.0-9/20429998_1984368181825239_7427716266798650142_n.jpg?_nc_cat=101&ccb=1-3&_nc_sid=110474&_nc_ohc=02AvVWSei0IAX_wbH8S&_nc_ht=scontent-lax3-1.xx&oh=bfc0eeb1fc3d1152c1cff4a3e89748c7&oe=607274AB", "width": 451}}, "target": {"id": "1984368181825239", "url": "https://www.facebook.com/SAMSAWITS/photos/a.1672139009714826/1984368181825239/?type=3"}, "type": "photo", "url": "https://www.facebook.com/SAMSAWITS/photos/a.1672139009714826/1984368181825239/?type=3"}, {"media": {"image": {"height": 340, "src": "https://scontent-lax3-1.xx.fbcdn.net/v/t1.0-9/20430023_1984368231825234_6377414699023867384_n.jpg?_nc_cat=101&ccb=1-3&_nc_sid=110474&_nc_ohc=yXXNnOAe1PIAX--phao&_nc_ht=scontent-lax3-1.xx&oh=4c86c138ff0640fdbaf4623df9016e28&oe=606EF74E", "width": 680}}, "target": {"id": "1984368231825234", "url": "https://www.facebook.com/SAMSAWITS/photos/a.1672139009714826/1984368231825234/?type=3"}, "type": "photo", "url": "https://www.facebook.com/SAMSAWITS/photos/a.1672139009714826/1984368231825234/?type=3"}]}, "target": {"id": "1984368515158539", "url": "https://www.facebook.com/1664361783825882/posts/1984368515158539/"}, "title": "Photos from SAMSA Wits's post", "type": "album", "url": "https://www.facebook.com/1664361783825882/posts/1984368515158539/"}]}, "id": "1003344626383879_1562515367133466"}