{"created_time": "2017-06-07T00:07:00+0000", "permalink_url": "https://www.facebook.com/1003344626383879/posts/1500707923314211/", "attachments": {"data": [{"description": "Fredric I. Green, chief of the Sex Crimes Bureau in the Westchester County District Attorney's Office, defines human trafficking.", "media": {"image": {"height": 720, "src": "https://external-lax3-1.xx.fbcdn.net/safe_image.php?d=AQGD8-wi952_d6rE&w=720&h=720&url=https%3A%2F%2Fwww.gannett-cdn.com%2F-mm-%2Fc318e7f44d81a0e14aa5adc27a6558069891d40c%2Fr%3Dx1803%26c%3D3200x1800%2Fhttp%2Fbcdownload.gannett.edgesuite.net%2Fwestchester%2F37861007001%2F201706%2F3133%2F37861007001_5456305040001_5456286471001-vs.jpg%3FpubId%3D37861007001&cfs=1&sx=567&sy=0&sw=1800&sh=1800&_nc_cb=1&_nc_hash=AQEQkMFB8YAIbGt0", "width": 720}}, "target": {"url": "http://l.facebook.com/l.php?u=http%3A%2F%2Fbuff.ly%2F2sKEWjM&h=AT0Kt1el2vfphjzgF_Bs6lYs3nukhwGnDULnhZloHxJjNrgo9mcf4WVuxEdmZlP1kD-bjwfpyBlPkJXwaWYPggtPli-_fUlij9JIQ4IMdSu4v4MeXiHS4b1Q10-k-Blc&s=1"}, "title": "Video: Defining human trafficking", "type": "share", "url": "http://l.facebook.com/l.php?u=http%3A%2F%2Fbuff.ly%2F2sKEWjM&h=AT0Kt1el2vfphjzgF_Bs6lYs3nukhwGnDULnhZloHxJjNrgo9mcf4WVuxEdmZlP1kD-bjwfpyBlPkJXwaWYPggtPli-_fUlij9JIQ4IMdSu4v4MeXiHS4b1Q10-k-Blc&s=1"}]}, "id": "1003344626383879_1500707923314211"}