{"created_time": "2017-06-04T00:07:03+0000", "permalink_url": "https://www.facebook.com/1003344626383879/posts/1497579850293685/", "attachments": {"data": [{"description": "In an age of partisan conflict, few causes unite people of faith and secularism like the human trafficking crisis that enslaves approximately 45.8 million people around the world. Western Recorder is\u2026", "media": {"image": {"height": 233, "src": "https://external-lax3-1.xx.fbcdn.net/safe_image.php?d=AQElG0Y2ldZsuDEM&w=233&h=233&url=http%3A%2F%2Fwesternrecorder.org%2F1517.11sadler-human-trafficking-foe.jpg.image&cfs=1&sx=62&sy=0&sw=233&sh=233&_nc_cb=1&_nc_hash=AQEW-uOikDMCEapM", "width": 233}}, "target": {"url": "http://l.facebook.com/l.php?u=http%3A%2F%2Fbuff.ly%2F2qKPcMl&h=AT0ldve4Kz1gh2vYMadT4daNQQhXx5KylVflVHQMKoq2sfpxcPuOveCdnnqLxLWAkqyHKu3pM_WB7OHH8caVrWUtbOh3CtsyCQjS6PAM8UCdSjR4wjf-7YIi7BK7EGXB&s=1"}, "title": "Human trafficking foe enlists churches for the cause", "type": "share", "url": "http://l.facebook.com/l.php?u=http%3A%2F%2Fbuff.ly%2F2qKPcMl&h=AT0ldve4Kz1gh2vYMadT4daNQQhXx5KylVflVHQMKoq2sfpxcPuOveCdnnqLxLWAkqyHKu3pM_WB7OHH8caVrWUtbOh3CtsyCQjS6PAM8UCdSjR4wjf-7YIi7BK7EGXB&s=1"}]}, "id": "1003344626383879_1497579850293685"}