{"created_time": "2017-01-18T16:37:23+0000", "message": "Florida National University Human Trafficking Awareness Walk 2017", "message_tags": [{"id": "206847600571", "name": "Florida National University", "type": "page", "offset": 0, "length": 27}], "permalink_url": "https://www.facebook.com/helperase/videos/1349328428452162/", "attachments": {"data": [{"media": {"image": {"height": 720, "src": "https://scontent-lax3-2.xx.fbcdn.net/v/t15.5256-10/p720x720/16121024_1349330801785258_4263654527690866688_n.jpg?_nc_cat=106&ccb=1-3&_nc_sid=ad6a45&_nc_ohc=PybTWc8AdvQAX9mUB8w&_nc_ht=scontent-lax3-2.xx&tp=6&oh=a7d7a4b7cf6e02d2aee8622e9ef4c254&oe=6070C8B2", "width": 720}}, "target": {"id": "1349328428452162", "url": "https://www.facebook.com/helperase/videos/1349328428452162/"}, "type": "video_inline", "url": "https://www.facebook.com/helperase/videos/1349328428452162/"}]}, "id": "1003344626383879_1349328428452162"}