{"created_time": "2017-01-18T15:39:58+0000", "message": "Florida National University Human Trafficking Awareness Walk 2017", "message_tags": [{"id": "206847600571", "name": "Florida National University", "type": "page", "offset": 0, "length": 27}], "permalink_url": "https://www.facebook.com/helperase/videos/1349280568456948/", "attachments": {"data": [{"media": {"image": {"height": 720, "src": "https://scontent-lax3-2.xx.fbcdn.net/v/t15.5256-10/p720x720/16148100_1349289068456098_1243184429925400576_n.jpg?_nc_cat=107&ccb=1-3&_nc_sid=ad6a45&_nc_ohc=T8oaOuoagT4AX_qNBFg&_nc_ht=scontent-lax3-2.xx&tp=6&oh=a3d3493d6d762edb2f5481a1c90d1059&oe=6070ACB8", "width": 720}}, "target": {"id": "1349280568456948", "url": "https://www.facebook.com/helperase/videos/1349280568456948/"}, "type": "video_inline", "url": "https://www.facebook.com/helperase/videos/1349280568456948/"}]}, "id": "1003344626383879_1349280568456948"}