{"created_time": "2019-10-02T04:33:52+0000", "message": "ERASE was grateful to attend the Third Annual Combatting Human Trafficking Symposium in Washington DC. Many dedicated advocates and anti-human trafficking organizations came together in the fight against human trafficking. \n \u202a#humantrafficking\u202c #advocacy #collaboration #CHTSymposium\u202c #endhumantrafficking #washingtondc", "message_tags": [{"id": "146391798860479", "name": "#humantrafficking", "offset": 226, "length": 17}, {"id": "587644174598514", "name": "#advocacy", "offset": 245, "length": 9}, {"id": "321775487945349", "name": "#collaboration", "offset": 255, "length": 14}, {"id": "2612468752109303", "name": "#chtsymposium", "offset": 270, "length": 13}, {"id": "593609360666840", "name": "#endhumantrafficking", "offset": 285, "length": 20}, {"id": "128097550705273", "name": "#washingtonDC", "offset": 306, "length": 13}], "permalink_url": "https://www.facebook.com/helperase/photos/a.1029649477086727/2639334686118190/?type=3", "attachments": {"data": [{"description": "ERASE was grateful to attend the Third Annual Combatting Human Trafficking Symposium in Washington DC. Many dedicated advocates and anti-human trafficking organizations came together in the fight against human trafficking. \n \u202a#humantrafficking\u202c #advocacy #collaboration #CHTSymposium\u202c #endhumantrafficking #washingtondc", "media": {"image": {"height": 720, "src": "https://scontent-lax3-1.xx.fbcdn.net/v/t1.0-9/p720x720/71182172_2639334692784856_4665629961556590592_o.jpg?_nc_cat=101&ccb=1-3&_nc_sid=2d5d41&_nc_ohc=f-y0RDyY8zoAX_GidTd&_nc_ht=scontent-lax3-1.xx&tp=6&oh=9d2deab5c5cb49c9b89bb036c60ee96a&oe=606F2C14", "width": 720}}, "target": {"id": "2639334686118190", "url": "https://www.facebook.com/helperase/photos/a.1029649477086727/2639334686118190/?type=3"}, "title": "Timeline Photos", "type": "photo", "url": "https://www.facebook.com/helperase/photos/a.1029649477086727/2639334686118190/?type=3"}]}, "id": "1003344626383879_2639334686118190"}