{"created_time": "2018-06-28T14:14:03+0000", "message": "\u201cBut something like this changes people\u2019s lives, something like this changes generations, something like this is about freeing people from bondage, freeing people from slavery, physically but also spiritually\"", "permalink_url": "https://www.facebook.com/1003344626383879/posts/1903973822987617/", "attachments": {"data": [{"description": "Watson:", "media": {"image": {"height": 720, "src": "https://external-lax3-1.xx.fbcdn.net/safe_image.php?d=AQEP7Ktxynsa1M6l&w=720&h=720&url=https%3A%2F%2Fres.cloudinary.com%2Fnflclubs%2Fimage%2Fprivate%2Ft_editorial_landscape_12_desktop%2Fsaints%2Fxhc3idk8h4r08jwwb5xy&cfs=1&_nc_cb=1&_nc_hash=AQGRebGA-b72CkaX", "width": 720}}, "target": {"url": "https://l.facebook.com/l.php?u=https%3A%2F%2Fbuff.ly%2F2tAZQ74&h=AT0a94OWWs_Q4pIgPn52_b08VfBcJcrfden8Tu1IRK0ycMaWn8UATEBAUomGVsyA9QduC7DyH_2xu03B1XjcO7o6dv1KQ3lcZ0OQR1zCXkAscqLzUmWdG8I_YoTiCdV2&s=1"}, "title": "Saints tight end Benjamin Watson continues to give back", "type": "share", "url": "https://l.facebook.com/l.php?u=https%3A%2F%2Fbuff.ly%2F2tAZQ74&h=AT0a94OWWs_Q4pIgPn52_b08VfBcJcrfden8Tu1IRK0ycMaWn8UATEBAUomGVsyA9QduC7DyH_2xu03B1XjcO7o6dv1KQ3lcZ0OQR1zCXkAscqLzUmWdG8I_YoTiCdV2&s=1"}]}, "id": "1003344626383879_1903973822987617"}