{"created_time": "2018-05-16T20:04:00+0000", "message": "The month-long public awareness campaign featured social media posts, the development of a new website aimed at educating the public on human trafficking, and a press conference on Jan. 11 in Pontiac.", "permalink_url": "https://www.facebook.com/1003344626383879/posts/1853002158084784/", "attachments": {"data": [{"description": "An online campaign aimed at human trafficking has earned Oakland County a national award.", "media": {"image": {"height": 720, "src": "https://external-lax3-1.xx.fbcdn.net/safe_image.php?d=AQHxCFbOux_3x6D7&w=720&h=720&url=http%3A%2F%2Fwww.theoaklandpress.com%2Fapps%2Fpbcsi.dll%2Fstoryimage%2FOP%2F20180514%2FNEWS%2F180519910%2FAR%2F0%2FAR-180519910.jpg%3FMaxh%3D1500%26Maxw%3D1500&cfs=1&sx=213&sy=0&sw=1000&sh=1000&_nc_cb=1&_nc_hash=AQGoYeC8dtK_bDId", "width": 720}}, "target": {"url": "https://l.facebook.com/l.php?u=https%3A%2F%2Fbuff.ly%2F2rIBffB&h=AT1_sSKY6FC2TJeCdxF3QMYpOPFh7_fR_NdZypBCK-xg-2SjONiyTS5AFXZCAE0S4_ztBsWY9d3hhvBwYnBuLuNHHROqakAl3OXobVDRIj_9xvy67t6LtQ2H6lVbxt7b&s=1"}, "title": "Oakland County nationally recognized for human trafficking efforts", "type": "share", "url": "https://l.facebook.com/l.php?u=https%3A%2F%2Fbuff.ly%2F2rIBffB&h=AT1_sSKY6FC2TJeCdxF3QMYpOPFh7_fR_NdZypBCK-xg-2SjONiyTS5AFXZCAE0S4_ztBsWY9d3hhvBwYnBuLuNHHROqakAl3OXobVDRIj_9xvy67t6LtQ2H6lVbxt7b&s=1"}]}, "id": "1003344626383879_1853002158084784"}