{"created_time": "2018-05-10T14:14:05+0000", "message": "The Richmond region\u2019s location at the junction of interstates 64 and 95 makes the area an attractive place for traffickers, as does its large tourism and hospitality industry", "permalink_url": "https://www.facebook.com/1003344626383879/posts/1846957805355886/", "attachments": {"data": [{"description": "Human trafficking \u2013 a $150 billion global criminal enterprise, according to the International Labor Organization \u2013 is increasingly on the radars of law enforcement, politicians and nonprofits across the country.", "media": {"image": {"height": 720, "src": "https://external-lax3-1.xx.fbcdn.net/safe_image.php?d=AQH3x1thzWtwc1C4&w=720&h=720&url=https%3A%2F%2Fmedia.wric.com%2Fnxs-wrictv-media-us-east-1%2Fphoto%2F2018%2F05%2F08%2Fhuman-trafficking_37657352_ver1.0_1280_720_1525809749311_42051587_ver1.0_1280_720.jpg&cfs=1&_nc_cb=1&_nc_hash=AQGeWAcONP1teHRc", "width": 720}}, "target": {"url": "https://l.facebook.com/l.php?u=https%3A%2F%2Fbuff.ly%2F2I3GIob&h=AT1K_DwauJnf3AuHawFa4VLnz0G9pAppfcLHDwk_-ffSH353_EHmMRPvTzVkFmex8Ld6wLe31wUttbi6DZf6Pg13ELE0P0d4ZruoXa4_vU2Pz6iWPzYpyo2pMaYdiu6X&s=1"}, "title": "Human trafficking: Virginia battling a 'crime that hides in plain site'", "type": "share", "url": "https://l.facebook.com/l.php?u=https%3A%2F%2Fbuff.ly%2F2I3GIob&h=AT1K_DwauJnf3AuHawFa4VLnz0G9pAppfcLHDwk_-ffSH353_EHmMRPvTzVkFmex8Ld6wLe31wUttbi6DZf6Pg13ELE0P0d4ZruoXa4_vU2Pz6iWPzYpyo2pMaYdiu6X&s=1"}]}, "id": "1003344626383879_1846957805355886"}