{"created_time": "2018-01-19T21:04:02+0000", "message": "January is National Slavery and Human Trafficking Prevention Month, designed to draw awareness to our national problem with modern-day slavery. The Global Slavery Index \u2014 a country-by-country survey of human trafficking performed by anti-slavery nonprofit the Walk Free Foundation \u2014 estimates there are 57,700 people living in slavery in the United States.", "permalink_url": "https://www.facebook.com/1003344626383879/posts/1731877686863899/", "attachments": {"data": [{"description": "January is National Slavery and Human Trafficking Prevention Month, designed to draw awareness to our national problem with modern-day slavery.", "media": {"image": {"height": 630, "src": "https://external-lax3-1.xx.fbcdn.net/safe_image.php?d=AQFPm1gjs4LToMtU&w=630&h=630&url=https%3A%2F%2Fbloximages.newyork1.vip.townnews.com%2Fdaily-journal.com%2Fcontent%2Ftncms%2Fassets%2Fv3%2Feditorial%2F9%2F5e%2F95ee0caf-935f-5bb8-8dc1-5409e1377fbe%2F5a621088ab830.image.jpg%3Fresize%3D949%252C630&cfs=1&sx=319&sy=0&sw=630&sh=630&_nc_cb=1&_nc_hash=AQFUWqXgTEZmGJE6", "width": 630}}, "target": {"url": "http://l.facebook.com/l.php?u=http%3A%2F%2Fj.mp%2F2mQeBzu&h=AT0KxguZAreA6WR8s1qckkz0C3cA3cKpZ_w6tMi2j7zMqmDreBWRPMjYdmq89QcQNYIebZTm9HfAJ5R7A3GEAULHll5qq-vfzEfRHk4Xt_eu8G_TiT26CVOkf5VOtvWu&s=1"}, "title": "Human trafficking a national problem", "type": "share", "url": "http://l.facebook.com/l.php?u=http%3A%2F%2Fj.mp%2F2mQeBzu&h=AT0KxguZAreA6WR8s1qckkz0C3cA3cKpZ_w6tMi2j7zMqmDreBWRPMjYdmq89QcQNYIebZTm9HfAJ5R7A3GEAULHll5qq-vfzEfRHk4Xt_eu8G_TiT26CVOkf5VOtvWu&s=1"}]}, "id": "1003344626383879_1731877686863899"}