{"created_time": "2018-01-10T21:04:09+0000", "message": "Over the past year, the we have all worked hard on the objectives outlined for the task force and together have made some important strides. For the first time, we secured county funding for community outreach, training and prevention efforts.", "permalink_url": "https://www.facebook.com/1003344626383879/posts/1723323007719367/", "attachments": {"data": [{"description": "The Board of Commissioners will announce the launch of the new Oakland County Human Trafficking website.", "media": {"image": {"height": 720, "src": "https://external-lax3-1.xx.fbcdn.net/safe_image.php?d=AQE48ZfavN9PRg-w&w=720&h=720&url=https%3A%2F%2Fwww.gannett-cdn.com%2F-mm-%2F31b6d596bf2a1726bd347ff3e016855958deea67%2Fc%3D0-1245-2656-2739%26r%3Dx803%26c%3D1600x800%2Flocal%2F-%2Fmedia%2F2018%2F01%2F05%2FLivonia%2FB9330869879Z.1_20180105121641_000_G6GKPIFO3.1-0.jpg&cfs=1&_nc_cb=1&_nc_hash=AQHCxPx1b2Vk2fiB", "width": 720}}, "target": {"url": "http://l.facebook.com/l.php?u=http%3A%2F%2Fj.mp%2F2mg44yh&h=AT0gnIZzAdNLNjiHJ_c0XxSWddFFbO-Ucj0S9y1wH93eDjZJioKYOr8yv3GLYeRUFwnWOh38JseQ_tAtTja66vW5qzCJrNCNBlgw4ztjdtyDb3B8-Yrens6ragFT59yR&s=1"}, "title": "Human trafficking: Oakland County fights back", "type": "share", "url": "http://l.facebook.com/l.php?u=http%3A%2F%2Fj.mp%2F2mg44yh&h=AT0gnIZzAdNLNjiHJ_c0XxSWddFFbO-Ucj0S9y1wH93eDjZJioKYOr8yv3GLYeRUFwnWOh38JseQ_tAtTja66vW5qzCJrNCNBlgw4ztjdtyDb3B8-Yrens6ragFT59yR&s=1"}]}, "id": "1003344626383879_1723323007719367"}