{"created_time": "2017-12-06T01:05:14+0000", "message": "Missed Understandings #HelpErase", "message_tags": [{"id": "600288956648476", "name": "#helpERASE", "offset": 22, "length": 10}], "permalink_url": "https://www.facebook.com/helperase/videos/1685572014827800/", "attachments": {"data": [{"media": {"image": {"height": 360, "src": "https://scontent-lax3-1.xx.fbcdn.net/v/t15.5256-10/24510860_1685577741493894_6853962858825252864_n.jpg?_nc_cat=109&ccb=1-3&_nc_sid=ad6a45&_nc_ohc=eFVBhSj8uS8AX9N8D4g&_nc_oc=AQnn6QWsKRDaDXVsXusYO3UTRmFerubXew698jfO89O1XV03WE5_WizqRVCwltIRrRQ&_nc_ht=scontent-lax3-1.xx&oh=f2bea5fdc7d74c3649c264166c534d1e&oe=606EBD35", "width": 640}}, "target": {"id": "1685572014827800", "url": "https://www.facebook.com/helperase/videos/1685572014827800/"}, "type": "video_inline", "url": "https://www.facebook.com/helperase/videos/1685572014827800/"}]}, "id": "1003344626383879_1685572014827800"}