{"created_time": "2017-10-13T20:04:03+0000", "message": "The conference includes three keynote speakers and multiple workshops to address the issue of human trafficking and sexual exploitation", "permalink_url": "https://www.facebook.com/1003344626383879/posts/1631095720275430/", "attachments": {"data": [{"description": "Through education, advocacy and facilitation, the Spring Arbor University Coalition Against Human Trafficking is aiming to combat human trafficking locally, nationally and globally.", "media": {"image": {"height": 413, "src": "https://external-lax3-1.xx.fbcdn.net/safe_image.php?d=AQGD9ZPLzkTv6i5k&w=413&h=413&url=https%3A%2F%2Fbuffer-media-uploads.s3.amazonaws.com%2F59de714ddbfb3f5126fc94fa%2F96062525d3db435cec84ca8e2118ac533893f13f_7e0b679c25a7d89fee7806eebb589820c09d41bf_facebook&cfs=1&_nc_cb=1&_nc_hash=AQEYZgwiNQX6zTnq", "width": 413}}, "target": {"url": "http://l.facebook.com/l.php?u=http%3A%2F%2Fj.mp%2F2yh6R0h&h=AT1sD5TpAKGRvarerldSMkmqk7Unr2qX8jxjXQ1ktI_E6WcwkoG1MkOxvKBdpsM3V9_xtye_ppLb5pjFpSiMk8wKcM-1yBfK0Y0Cz3XWS5E6G3xAEP25_ncQizaSi4Va&s=1"}, "title": "Human trafficking topic of Spring Arbor University conference", "type": "share", "url": "http://l.facebook.com/l.php?u=http%3A%2F%2Fj.mp%2F2yh6R0h&h=AT1sD5TpAKGRvarerldSMkmqk7Unr2qX8jxjXQ1ktI_E6WcwkoG1MkOxvKBdpsM3V9_xtye_ppLb5pjFpSiMk8wKcM-1yBfK0Y0Cz3XWS5E6G3xAEP25_ncQizaSi4Va&s=1"}]}, "id": "1003344626383879_1631095720275430"}