{"created_time": "2017-10-11T15:04:46+0000", "message": "*****Recovered*****\nThank you for all the support and sharing that everyone did for this family. \nUpdated-10/25/17\n\nFB Community we need your help! Please share this poster and information so we can get this young lady back home. \nMissing Teen\nFlorence, NJ\nAge: 14\nRace: White      Sex: Female\nHeight: 5'02       Weight: 120\nEyes: Hazel       Hair: Brown\nLast Seen Wearing: Black Sweatshirt w/ Marilyn Monroe on it and black leggings.\nLast Known Location/TIme: Roebling NJ Oct 8, 2017\nAny information, please contact  Florence Police Department in NJ. Officer Brian Panero 609-267-8300", "permalink_url": "https://www.facebook.com/1003344626383879/posts/1628756460509356/", "attachments": {"data": [{"description": "*****Recovered*****\nThank you for all the support and sharing that everyone did for this family. \nUpdated-10/25/17\n\nFB Community we need your help! Please share this poster and information so we can get this young lady back home. \nMissing Teen\nFlorence, NJ\nAge: 14\nRace: White      Sex: Female\nHeight: 5'02       Weight: 120\nEyes: Hazel       Hair: Brown\nLast Seen Wearing: Black Sweatshirt w/ Marilyn Monroe on it and black leggings.\nLast Known Location/TIme: Roebling NJ Oct 8, 2017\nAny information, please contact  Florence Police Department in NJ. Officer Brian Panero 609-267-8300", "media": {"image": {"height": 377, "src": "https://scontent-lax3-1.xx.fbcdn.net/v/t31.0-8/s720x720/22339669_1628753930509609_2184744708673889674_o.jpg?_nc_cat=110&ccb=1-3&_nc_sid=8024bb&_nc_ohc=632ca0HncDAAX-vWTb8&_nc_ht=scontent-lax3-1.xx&tp=7&oh=d85f2fc9e9ecfa061fcb4a25fffe6021&oe=60728A28", "width": 720}}, "target": {"id": "1628753930509609", "url": "https://www.facebook.com/helperase/photos/a.1029649477086727/1628753930509609/?type=3"}, "type": "photo", "url": "https://www.facebook.com/helperase/photos/a.1029649477086727/1628753930509609/?type=3"}]}, "id": "1003344626383879_1628756460509356"}