{"created_time": "2017-05-24T02:10:18+0000", "message": "Florida Law Enforcement were out in full force! \nGreat job by all the departments involved. \n#LE #Florida", "message_tags": [{"id": "171980396286315", "name": "#le", "offset": 93, "length": 3}, {"id": "454301791307981", "name": "#florida", "offset": 97, "length": 8}], "permalink_url": "https://www.facebook.com/1003344626383879/posts/1486937601357910/", "attachments": {"data": [{"description": "The Polk County Sheriff's Office and partnering agencies worked together on an undercover investigation focusing on those who travel to have sex with minors and prostitution-related offenses and arrested a total of 39 suspects.\u00a0", "media": {"image": {"height": 443, "src": "https://external-lax3-1.xx.fbcdn.net/safe_image.php?d=AQFiCscdBCRn20IE&w=443&h=443&url=http%3A%2F%2Fmedia2.abcactionnews.com%2Fphoto%2F2017%2F05%2F23%2Farrests%2520polk%2520county%2520release_1495536801808_60034826_ver1.0_640_480.jpg&cfs=1&sx=98&sy=0&sw=443&sh=443&_nc_cb=1&_nc_hash=AQGm-psfygIuFcho", "width": 443}}, "target": {"url": "http://l.facebook.com/l.php?u=http%3A%2F%2Fwww.abcactionnews.com%2Fnews%2Fregion-polk%2Fmultiple-fl-agencies-arrest-39-suspects-during-undercover-child-sex-prostitution-sting&h=AT3bA18Ccfa5IHq7U8yVFQ8csNgRR-YLUaV3AhWjpBtqQ3t4ntKP9MbMybY0VALUdTMubTzgiB5D85CYcaGH-pSR1nYuRG8gh7yAWnjjcuxm6esmMDWtiSIM6XkN7QgR&s=1"}, "title": "Multiple FL agencies arrest 39 suspects during undercover child sex, prostitution sting", "type": "share", "url": "http://l.facebook.com/l.php?u=http%3A%2F%2Fwww.abcactionnews.com%2Fnews%2Fregion-polk%2Fmultiple-fl-agencies-arrest-39-suspects-during-undercover-child-sex-prostitution-sting&h=AT3bA18Ccfa5IHq7U8yVFQ8csNgRR-YLUaV3AhWjpBtqQ3t4ntKP9MbMybY0VALUdTMubTzgiB5D85CYcaGH-pSR1nYuRG8gh7yAWnjjcuxm6esmMDWtiSIM6XkN7QgR&s=1"}]}, "id": "1003344626383879_1486937601357910"}