{"created_time": "2017-09-24T20:04:00+0000", "message": "\u201cWe\u2019re encouraged by the number of people participating in this symposium who understand the need to learn more about what we\u2019re up against and more importantly, how we can help those who are victimized. It\u2019s proven to be a problem that has no barriers and can happen in our own back yards when we least expect it.\u201d", "permalink_url": "https://www.facebook.com/1003344626383879/posts/1613201208731548/", "attachments": {"data": [{"description": "Gov. John Bel Edwards and First Lady Donna Edwards participated in the first statewide symposium aimed at bringing together key leaders and stakeholders to end human trafficking in Louisiana.", "media": {"image": {"height": 360, "src": "https://external-lax3-1.xx.fbcdn.net/safe_image.php?d=AQEXrVVpUWzVVwZF&w=360&h=360&url=https%3A%2F%2Fbuffer-media-uploads.s3.amazonaws.com%2F59c3caf8efda0c2702e741a5%2F0bb37f4e41324c2d94c69c0849bdedbd7e384b33_b3446b7d7ac07d0169f0520d15d2c861bc514529_facebook&cfs=1&sx=170&sy=0&sw=360&sh=360&_nc_cb=1&_nc_hash=AQHXySe8oNlJ-IM5", "width": 360}}, "target": {"url": "http://l.facebook.com/l.php?u=http%3A%2F%2Fj.mp%2F2xhfEjp&h=AT0uSvEkpO9xzbecwdOtRDKGT1hLK4HY-oU1rNjY7KLohjfdJxOFJ8XOJXh4_It63GjWKx3Q0zYhXqUKzby5s0vnO3q6yidBCLeWAqzfmwByTM69b9TNx3mKOefz5hZc&s=1"}, "title": "Gov. and First Lady launch Human Trafficking Symposium", "type": "share", "url": "http://l.facebook.com/l.php?u=http%3A%2F%2Fj.mp%2F2xhfEjp&h=AT0uSvEkpO9xzbecwdOtRDKGT1hLK4HY-oU1rNjY7KLohjfdJxOFJ8XOJXh4_It63GjWKx3Q0zYhXqUKzby5s0vnO3q6yidBCLeWAqzfmwByTM69b9TNx3mKOefz5hZc&s=1"}]}, "id": "1003344626383879_1613201208731548"}