{"created_time": "2017-09-24T14:14:00+0000", "message": "Human trafficking is frequently a crime that makes headlines, but rarely one that people realize is going on in our neighborhoods or communities. In reality, they happen right under our noses every day.", "permalink_url": "https://www.facebook.com/1003344626383879/posts/1612921812092821/", "attachments": {"data": [{"description": "Human trafficking is frequently a crime that makes headlines, but rarely one that people realize is going on in our neighborhoods or communities.", "media": {"image": {"height": 719, "src": "https://external-lax3-1.xx.fbcdn.net/safe_image.php?d=AQEYkCxrUqO9iXJ6&w=719&h=719&url=https%3A%2F%2Fbuffer-media-uploads.s3.amazonaws.com%2F59c3ca1f97d619970135123b%2Fd438aa800a209736a5087381ac2b6c3684244e04_9cecc85797571d0839f93efce253cd26aacf0a76_facebook&cfs=1&sx=250&sy=0&sw=719&sh=719&_nc_cb=1&_nc_hash=AQF-ESZbzmoR_SmM", "width": 719}}, "target": {"url": "http://l.facebook.com/l.php?u=http%3A%2F%2Fj.mp%2F2w94etX&h=AT2HqGRhHtYEOWe5bOGGuP3zHlQxwZIIyb_rHiZxCegDzkav8LcIGHW4Nvle3nDeg0GM_cDgT89YFQIT5-vysHAmK3gZ3aEb8yWTjVPxRYHgpjWd_e6X6sTyFHZnNDnT&s=1"}, "title": "Life Crisis Center provides tips to scope out human trafficking operations", "type": "share", "url": "http://l.facebook.com/l.php?u=http%3A%2F%2Fj.mp%2F2w94etX&h=AT2HqGRhHtYEOWe5bOGGuP3zHlQxwZIIyb_rHiZxCegDzkav8LcIGHW4Nvle3nDeg0GM_cDgT89YFQIT5-vysHAmK3gZ3aEb8yWTjVPxRYHgpjWd_e6X6sTyFHZnNDnT&s=1"}]}, "id": "1003344626383879_1612921812092821"}