{"created_time": "2017-07-22T13:14:01+0000", "message": "\"The 400 staff at Shiva hotels - from receptionists to human resources staff to cleaners - will be trained as part of a company-wide campaign to tackle modern slavery.\"\nhttp://buff.ly/2ufKrsH", "message_tags": [], "permalink_url": "https://www.facebook.com/1003344626383879/posts/1553770228007980/", "attachments": {"data": [{"description": "Late check-in, no luggage, child in tow - signs of slavery? - By Anna Pujol-Mazzini LONDON, July 21 (Thomson Reuters Foundation) - Adult guests who check in with a child, repeat cash bookings or late\u2026", "media": {"image": {"height": 300, "src": "https://external-lax3-1.xx.fbcdn.net/safe_image.php?d=AQHdlcsMxGio15Nc&w=300&h=300&url=http%3A%2F%2Fstatic.dnaindia.com%2Fsites%2Fdefault%2Ffiles%2Fstyles%2Fsquare%2Fpublic%2F2017%2F07%2F20%2F594431-jet-airways.jpg&cfs=1&_nc_cb=1&_nc_hash=AQHeCmBC-h0ltUaO", "width": 300}}, "target": {"url": "http://l.facebook.com/l.php?u=http%3A%2F%2Fwww.dnaindia.com%2Fbusiness%2Freport-late-check-in-no-luggage-child-in-tow-signs-of-slavery-2509269&h=AT17miBQf43KeiTv3VeteOdLRlO4tvHGcj4yWC4SkQ-nXmJidtF8HQZ8d1aL2lY39PYxoLRts0Bg2uO-s4_TL9JrFvsOkb_lFyf2fz2YJAiH0eRL1iwlRaz7YfF7oeGN&s=1"}, "title": "Late check-in, no luggage, child in tow - signs of slavery? | Latest News & Updates at Daily News & Analysis", "type": "share", "url": "http://l.facebook.com/l.php?u=http%3A%2F%2Fwww.dnaindia.com%2Fbusiness%2Freport-late-check-in-no-luggage-child-in-tow-signs-of-slavery-2509269&h=AT17miBQf43KeiTv3VeteOdLRlO4tvHGcj4yWC4SkQ-nXmJidtF8HQZ8d1aL2lY39PYxoLRts0Bg2uO-s4_TL9JrFvsOkb_lFyf2fz2YJAiH0eRL1iwlRaz7YfF7oeGN&s=1"}]}, "id": "1003344626383879_1553770228007980"}