{"created_time": "2017-07-22T00:32:35+0000", "message": "Join us at 9pm EST. Kelley Alsobrook from Rise UP & Fight will talk about Human Trafficking Awareness.", "permalink_url": "https://www.facebook.com/1003344626383879/posts/1553188684732801/", "attachments": {"data": [{"media": {"image": {"height": 360, "src": "https://scontent-lax3-1.xx.fbcdn.net/v/t15.5256-10/20226995_1553242394727430_347747662117732352_n.jpg?_nc_cat=105&ccb=1-3&_nc_sid=ad6a45&_nc_ohc=u0M2La1dwpMAX9kx_7r&_nc_ht=scontent-lax3-1.xx&oh=1021c1e88fb17ab8a55a70d03940f29d&oe=6070CEB4", "width": 640}}, "target": {"id": "1549804888404514", "url": "https://www.facebook.com/helperase/videos/1549804888404514/"}, "type": "video_inline", "url": "https://www.facebook.com/helperase/videos/1549804888404514/"}]}, "id": "1003344626383879_1553188684732801"}