{"created_time": "2017-06-08T11:14:01+0000", "permalink_url": "https://www.facebook.com/1003344626383879/posts/1502239579827712/", "attachments": {"data": [{"description": "Give a child a smart phone and he or she practically has access to post and find out information with just a few keystrokes.", "media": {"image": {"height": 480, "src": "https://external-lax3-1.xx.fbcdn.net/safe_image.php?d=AQFHUywkN9NaUGB3&w=480&h=480&url=https%3A%2F%2Fbloximages.chicago2.vip.townnews.com%2Fthenewsherald.com%2Fcontent%2Ftncms%2Fassets%2Fv3%2Feditorial%2F7%2Ff2%2F7f270bc9-db20-5509-9a17-b4b3c00cf891%2F593076fe50cc7.image.jpg%3Fresize%3D640%252C480&cfs=1&sx=55&sy=0&sw=480&sh=480&_nc_cb=1&_nc_hash=AQGN7RyEQ52l3Rny", "width": 480}}, "target": {"url": "http://l.facebook.com/l.php?u=http%3A%2F%2Fbuff.ly%2F2qUll45&h=AT0r1kJeSUytHXk3pwVbAx8EJvAlZmW7-rgKh8O17a_7KtLYSc4A3LbTOAD4icVED_tBdlUHS9H7edCCbcWpH0s-Noznbyy-IC87Fja5ltweiH9wf_uMr8dNK7FW2eRE&s=1"}, "title": "Social media gives kids power right at their fingertips, Google presentation helps keep them safe", "type": "share", "url": "http://l.facebook.com/l.php?u=http%3A%2F%2Fbuff.ly%2F2qUll45&h=AT0r1kJeSUytHXk3pwVbAx8EJvAlZmW7-rgKh8O17a_7KtLYSc4A3LbTOAD4icVED_tBdlUHS9H7edCCbcWpH0s-Noznbyy-IC87Fja5ltweiH9wf_uMr8dNK7FW2eRE&s=1"}]}, "id": "1003344626383879_1502239579827712"}