{"created_time": "2017-06-08T00:07:06+0000", "permalink_url": "https://www.facebook.com/1003344626383879/posts/1501790666539270/", "attachments": {"data": [{"description": "For one night only this summer, Darrows Barn at Round Top Farm in Damariscotta will be transformed into a celebration of all things Thai in honor of a local organization that helps young women from\u2026", "media": {"image": {"height": 600, "src": "https://external-lax3-1.xx.fbcdn.net/safe_image.php?d=AQFRRpGU1o4mvnyB&w=600&h=600&url=https%3A%2F%2Fbuffer-previews.s3.amazonaws.com%2Fpreview.cd8ff03c1069d7268449ca8452707ad6.jpg&cfs=1&sx=78&sy=0&sw=600&sh=600&_nc_cb=1&_nc_hash=AQG6QK-LFr8fHfAa", "width": 600}}, "target": {"url": "http://l.facebook.com/l.php?u=http%3A%2F%2Fbuff.ly%2F2sKJUNr&h=AT2jcqLZ9J9zYygogfl0UFvZRGMnI5eXGOayyv9t03PUd48zuwDKGrNVEO610oJ7WdwCJoQPT6xVpOJa-TAEzKlWllLahbJYL9-C9FG3cOKC14X3CIbCDNMDuh-HcktJ&s=1"}, "title": "Community steps up for Sunflower Celebration and fights human trafficking", "type": "share", "url": "http://l.facebook.com/l.php?u=http%3A%2F%2Fbuff.ly%2F2sKJUNr&h=AT2jcqLZ9J9zYygogfl0UFvZRGMnI5eXGOayyv9t03PUd48zuwDKGrNVEO610oJ7WdwCJoQPT6xVpOJa-TAEzKlWllLahbJYL9-C9FG3cOKC14X3CIbCDNMDuh-HcktJ&s=1"}]}, "id": "1003344626383879_1501790666539270"}