{"created_time": "2017-05-31T13:11:39+0000", "message": "This event last week is a perfect example of what collaboration looks like. An incredible group of coming together to #empower our youth.", "message_tags": [{"id": "589095937786949", "name": "#empower", "offset": 118, "length": 8}], "permalink_url": "https://www.facebook.com/1003344626383879/posts/1493815570670113/", "attachments": {"data": [{"media": {"image": {"height": 405, "src": "https://scontent-lax3-1.xx.fbcdn.net/v/t15.5256-10/s720x720/18808735_10155509418700572_5217533744423895040_n.jpg?_nc_cat=110&ccb=1-3&_nc_sid=ad6a45&_nc_ohc=rKEpuSh2swgAX_X57aI&_nc_ht=scontent-lax3-1.xx&tp=7&oh=9dbff85ad78ebe766a453daa4643089a&oe=60721E21", "width": 720}}, "target": {"id": "10155509414935572", "url": "https://www.facebook.com/FloridaNationalUniversity/videos/10155509414935572/"}, "title": "Missing Children's Event 2017", "type": "video_inline", "url": "https://www.facebook.com/FloridaNationalUniversity/videos/10155509414935572/"}]}, "id": "1003344626383879_1493815570670113"}