{"created_time": "2017-05-30T22:57:53+0000", "message": "If you are in the New York City area on Thursday, June 1st, check out I AM STILL HERE at The People's Film Festival in Harlem, NY! The movie sheds light on the crisis of child trafficking in the U.S. It will also be showing at the New Jersey International Film Festival on June 11th.\n#IAmStillHere #HelpERASE #ChildTrafficking", "permalink_url": "https://www.facebook.com/1003344626383879/posts/1493264824058521/", "attachments": {"data": [{"description": "Join us in Harlem, NY June 1st for the opening of the @thepeoplesfilmfestival! Ticket purchase includes entrance to the after party so get your ticket now: www.thepeoplesfilmfestival.com", "media": {"image": {"height": 720, "src": "https://scontent-lax3-2.xx.fbcdn.net/v/t1.0-9/p720x720/18740407_1721844497830880_8767503391150638778_n.jpg?_nc_cat=107&ccb=1-3&_nc_sid=2d5d41&_nc_ohc=ZvCeEAmnvwAAX-EWtSf&_nc_ht=scontent-lax3-2.xx&tp=6&oh=51189869d4d0d2123cf170dd3375cf3b&oe=606FDDF9", "width": 720}}, "target": {"id": "1721844497830880", "url": "https://www.facebook.com/IAmStillHereMovie/photos/a.435552996460043/1721844497830880/?type=3"}, "title": "Timeline Photos", "type": "photo", "url": "https://www.facebook.com/IAmStillHereMovie/photos/a.435552996460043/1721844497830880/?type=3"}]}, "id": "1003344626383879_1493264824058521"}