{"created_time": "2018-09-19T14:04:01+0000", "message": "\"Human trafficking, often thought of as something that happens in other places, does hide in plain sight and can happen in any community.\"", "permalink_url": "https://www.facebook.com/1003344626383879/posts/2030126890372309/", "attachments": {"data": [{"description": "Conference hosted by St. Anne's aims to teach healthcare professionals signs of trafficking", "media": {"image": {"height": 720, "src": "https://external-lax3-1.xx.fbcdn.net/safe_image.php?d=AQFS2pjUV4nxydhl&w=720&h=720&url=http%3A%2F%2Fwww.heraldnews.com%2Fstoryimage%2FWL%2F20180914%2FNEWS%2F180918185%2FAR%2F0%2FAR-180918185.jpg&cfs=1&sx=168&sy=0&sw=1512&sh=1512&_nc_cb=1&_nc_hash=AQG-LwqWZ_bf1tcd", "width": 720}}, "target": {"url": "https://l.facebook.com/l.php?u=https%3A%2F%2Fbuff.ly%2F2xtkkR5&h=AT1h70tCTWBLGJ-LgOf2CvvEeKj_jp_R3AbBnHuhc-N7-pFLhKpR2xvxT4kX2BOELtYj3UKAD6tPkRZXGX6Qzh1t8Qv1tdaMi4fnvlkCawDexhUH3IIjKUxtD-zEzZsQ&s=1"}, "title": "A new concern for healthcare workers: Spotting victims of human trafficking", "type": "share", "url": "https://l.facebook.com/l.php?u=https%3A%2F%2Fbuff.ly%2F2xtkkR5&h=AT1h70tCTWBLGJ-LgOf2CvvEeKj_jp_R3AbBnHuhc-N7-pFLhKpR2xvxT4kX2BOELtYj3UKAD6tPkRZXGX6Qzh1t8Qv1tdaMi4fnvlkCawDexhUH3IIjKUxtD-zEzZsQ&s=1"}]}, "id": "1003344626383879_2030126890372309"}