{"created_time": "2018-07-05T14:04:04+0000", "message": "\u201cElk Grove doctor hid non-citizens on her property, forced them into labor, DOJ says\u201d Forced labor is a form of human trafficking that\u2019s often overlooked. \nhttps://buff.ly/2MFRNhh", "message_tags": [], "permalink_url": "https://www.facebook.com/helperase/photos/a.1029649477086727/1915486825169650/?type=3", "attachments": {"data": [{"description": "\u201cElk Grove doctor hid non-citizens on her property, forced them into labor, DOJ says\u201d Forced labor is a form of human trafficking that\u2019s often overlooked. \nhttps://buff.ly/2MFRNhh", "media": {"image": {"height": 336, "src": "https://scontent-lax3-1.xx.fbcdn.net/v/t1.0-9/36622908_1915486835169649_2248154808085118976_n.jpg?_nc_cat=103&ccb=1-3&_nc_sid=da1649&_nc_ohc=LIh2UOUxr1QAX_4NgZn&_nc_ht=scontent-lax3-1.xx&oh=fa0827d555400a02cd66b2c62ce038c8&oe=606E9EA9", "width": 600}}, "target": {"id": "1915486825169650", "url": "https://www.facebook.com/helperase/photos/a.1029649477086727/1915486825169650/?type=3"}, "title": "Timeline Photos", "type": "photo", "url": "https://www.facebook.com/helperase/photos/a.1029649477086727/1915486825169650/?type=3"}]}, "id": "1003344626383879_1915486825169650"}