{"created_time": "2018-04-25T14:14:12+0000", "message": "Human trafficking is the fastest growing crime on the planet. Emerson said this is in part because it is being identified more, but it is still also growing.", "permalink_url": "https://www.facebook.com/1003344626383879/posts/1832062530178747/", "attachments": {"data": [{"description": "Jodi Emerson is trying to work herself out of a job.As a human trafficking advocate with Fierce Freedom, Emerson told the audience at Bethel Lutheran Church on Monday night that she hopes to go out of business, and effectively stop trafficking.", "media": {"image": {"height": 698, "src": "https://scontent-lax3-1.xx.fbcdn.net/v/t45.1600-4/c69.0.698.698a/p704x704/31332293_23842829500970713_1941903612447817728_n.png?_nc_cat=108&ccb=1-3&_nc_sid=eaa83b&_nc_ohc=B3YLV7vWmf8AX_VHNx1&_nc_ht=scontent-lax3-1.xx&_nc_tp=30&oh=7e638dc4de0ae90fa46f861b2fe47919&oe=60718B62", "width": 698}}, "target": {"url": "https://l.facebook.com/l.php?u=https%3A%2F%2Fbuff.ly%2F2HIo08W&h=AT1wfRSdPLDudNj_O9CsIqkpuZQP719AQ7EhbiW7zpV85pa9RGfeU7qJpDuQoHlyXGknJ4F0jSUVgGTd_KR02FqIICA1C1ryz7oLutWEyZQUoqm3egVEa5skZS5Nylvs&s=1"}, "title": "Bethel hears scale, signs of human trafficking", "type": "share", "url": "https://l.facebook.com/l.php?u=https%3A%2F%2Fbuff.ly%2F2HIo08W&h=AT1wfRSdPLDudNj_O9CsIqkpuZQP719AQ7EhbiW7zpV85pa9RGfeU7qJpDuQoHlyXGknJ4F0jSUVgGTd_KR02FqIICA1C1ryz7oLutWEyZQUoqm3egVEa5skZS5Nylvs&s=1"}]}, "id": "1003344626383879_1832062530178747"}