{"created_time": "2019-05-28T20:10:03+0000", "message": "\u201cIf my kid goes missing, wouldn\u2019t I want someone putting everything into it?\u201d said Detective Ian Mack, who is with the new Missing Persons Unit.\" #missing", "message_tags": [{"id": "126682420847427", "name": "#missing", "offset": 146, "length": 8}], "permalink_url": "https://www.facebook.com/1003344626383879/posts/2409323615785966/", "attachments": {"data": [{"description": "Thousands of people are reported missing across the DMV every year, so the Prince William County Police Department is creating a new unit that will specialize in uniting loved ones. \u201cIf my kid goes missing, wouldn\u2019t I want someone putting everything into it? \u201d said Detective Ian Ma...", "media": {"image": {"height": 555, "src": "https://external-lax3-1.xx.fbcdn.net/safe_image.php?d=AQEprKq90yosbdgJ&w=555&h=555&url=http%3A%2F%2Fstatic-16.sinclairstoryline.com%2Fresources%2Fmedia%2Fa2c3e74b-7d36-4b7d-9a05-cebae254545e-large16x9_missing.PNG%3F1559004089604&cfs=1&sx=0&sy=0&sw=555&sh=555&_nc_cb=1&_nc_hash=AQGC56Kwqc-k5bFX", "width": 555}}, "target": {"url": "https://l.facebook.com/l.php?u=https%3A%2F%2Fbuff.ly%2F2Md4MeR&h=AT1h-OVa5rloz4dTNG3EKJn0hQDRwvTcnfvUjDEfwVqcTT4kWto2Y1gINyXjrwrTq_wE4sB0hrMuKp04VBpf2Y_4wveZl7pCMmaub19R1d2R2QevJGbPpJ9gC3hPq2f7&s=1"}, "title": "Prince William police create Missing Persons Unit to more effectively handle missing cases", "type": "share", "url": "https://l.facebook.com/l.php?u=https%3A%2F%2Fbuff.ly%2F2Md4MeR&h=AT1h-OVa5rloz4dTNG3EKJn0hQDRwvTcnfvUjDEfwVqcTT4kWto2Y1gINyXjrwrTq_wE4sB0hrMuKp04VBpf2Y_4wveZl7pCMmaub19R1d2R2QevJGbPpJ9gC3hPq2f7&s=1"}]}, "id": "1003344626383879_2409323615785966"}