{"created_time": "2018-01-19T20:08:02+0000", "message": "According to the International Labour Organization, more than 20 million people worldwide are victims of compelled labor, with nearly 5 million trafficked into the commercial sex industry.  Severe forms of trafficking in persons is defined by the federal Trafficking Victims Protection Act (\u201cTVPA\u201d) as the participation in a commercial sex act or some other form of labor induced through force, fraud, or coercion.  At its core, human trafficking is about abuse and cruelty toward human beings, and is a gross violation of human rights.", "permalink_url": "https://www.facebook.com/1003344626383879/posts/1731836776867990/", "attachments": {"data": [{"description": "By Jessica Emerson, director of the Human Trafficking Prevention Project (HTPP) at the University of Baltimore School of Law; and Laurie Culkin, project coordinator for the Human Trafficking Prevention Project at Maryland Volunteer Lawyers Service (MVLS). According to the International Labour Organi...", "media": {"image": {"height": 720, "src": "https://external-lax3-1.xx.fbcdn.net/safe_image.php?d=AQHdvAe2J1v0e5BM&w=720&h=720&url=https%3A%2F%2Fwhatweekly.com%2Fwp-content%2Fuploads%2F2018%2F01%2Fcloud.jpeg&cfs=1&_nc_cb=1&_nc_hash=AQF9lG0NEZJW6OpK", "width": 720}}, "target": {"url": "http://l.facebook.com/l.php?u=http%3A%2F%2Fj.mp%2F2DNjL7n&h=AT1EqwXNapmejebY1y9v08wuG3BBQ2m9ksrd6VzAh2fa2fRP8zyL7p7-aVaUCMvrg74kampIgJbzUPfdUOEZ-Gw1GOncaucvrmgio2Rb7kLRLagEWJOD6Axfn98GVmBv&s=1"}, "title": "Human Trafficking Risk and Vulnerability: What Marylanders Need to Know", "type": "share", "url": "http://l.facebook.com/l.php?u=http%3A%2F%2Fj.mp%2F2DNjL7n&h=AT1EqwXNapmejebY1y9v08wuG3BBQ2m9ksrd6VzAh2fa2fRP8zyL7p7-aVaUCMvrg74kampIgJbzUPfdUOEZ-Gw1GOncaucvrmgio2Rb7kLRLagEWJOD6Axfn98GVmBv&s=1"}]}, "id": "1003344626383879_1731836776867990"}