{"created_time": "2018-01-13T15:14:04+0000", "message": "\u201cThe help that Rochester Optical is providing to these women through this fundraiser is worth so much more than a piece of jewelry or a pair of glasses,\" said Christalin Velraj of Ruhamah\u2019s Jewelry. \"It\u2019s a chance, a real chance at a normal life and we are so grateful to have partnered with them on this.\"", "permalink_url": "https://www.facebook.com/1003344626383879/posts/1725880574130277/", "attachments": {"data": [{"description": "ROCHESTER, N.Y. (WHAM) - Rochester Optical has announced their partnership with local nonprofits, Freedom Firm and the Rochester Regional Coalition Against Human Trafficking in fundraising efforts to help end human trafficking of women and girls. Beginning", "media": {"image": {"height": 555, "src": "https://external-lax3-1.xx.fbcdn.net/safe_image.php?d=AQFj8qEeIfivpUOd&w=555&h=555&url=http%3A%2F%2Fstatic-35.sinclairstoryline.com%2Fresources%2Fmedia%2F4362d6c6-8198-4964-b9c3-458c4c52924a-large16x9_trafficking.JPG%3F1515427908703&cfs=1&_nc_cb=1&_nc_hash=AQFYzZlh0XOTeX6f", "width": 555}}, "target": {"url": "http://l.facebook.com/l.php?u=http%3A%2F%2Fj.mp%2F2EmHxpT&h=AT26zLJdJ4KOwCQNmGz_cgGqaJM3jnaHRCWejI_zQ2WkrzSOt1zb6iSzne4nhTDUPYBJJw0CJmS7z766PPOutW0u4qRF2ABM5AI7ojupPMYKkZXDMRyACrmJll9-a1kY&s=1"}, "title": "Rochester Optical announces fundraiser to help end human trafficking of women and girls", "type": "share", "url": "http://l.facebook.com/l.php?u=http%3A%2F%2Fj.mp%2F2EmHxpT&h=AT26zLJdJ4KOwCQNmGz_cgGqaJM3jnaHRCWejI_zQ2WkrzSOt1zb6iSzne4nhTDUPYBJJw0CJmS7z766PPOutW0u4qRF2ABM5AI7ojupPMYKkZXDMRyACrmJll9-a1kY&s=1"}]}, "id": "1003344626383879_1725880574130277"}