{"created_time": "2017-09-29T20:04:00+0000", "message": "It is an undeniable fact that the Darknet has contributed to something positive, but a study has shown that 57% of its contents are illegal activities including human trafficking. The anonymity of the Darknet makes it difficult for organizations to effectively find all human traffickers as it is likely that there may be a huge number of them operating secretly.", "permalink_url": "https://www.facebook.com/1003344626383879/posts/1617565094961826/", "attachments": {"data": [{"description": "Human trafficking has been a problem subjecting a lot of innocent people into captivity and slavery. The danger of this act is not only posed by its existence but also, how fast the curve of its\u2026", "media": {"image": {"height": 330, "src": "https://external-lax3-1.xx.fbcdn.net/safe_image.php?d=AQHHpPUE4uNXnK4q&w=330&h=330&url=https%3A%2F%2Fbuffer-media-uploads.s3.amazonaws.com%2F59cd509b34e95db5622dea56%2Fad702effb33140829e3bad05e840ebff4de9148b_548253f0a47451184efc55fc13a5039d36307ee7_facebook&cfs=1&_nc_cb=1&_nc_hash=AQFFz2V4ZvvhaXvG", "width": 330}}, "target": {"url": "http://l.facebook.com/l.php?u=http%3A%2F%2Fj.mp%2F2k7IKfL&h=AT3tjR6Nq-B6682Uv1mnxaCzpf8-dhnS2O8H0YLsb1kbxlLwHB5dfx0LHazlEB7pwqRkb7_ulnZyeqNZmhTTJ4qg8E8zGSMQW5lo8qFg9k_WySGFORbw2xIO-XtIf_WS&s=1"}, "title": "Expert Blames the Difficulties in Fighting Human Trafficking on the Darkweb - Deep Dot Web", "type": "share", "url": "http://l.facebook.com/l.php?u=http%3A%2F%2Fj.mp%2F2k7IKfL&h=AT3tjR6Nq-B6682Uv1mnxaCzpf8-dhnS2O8H0YLsb1kbxlLwHB5dfx0LHazlEB7pwqRkb7_ulnZyeqNZmhTTJ4qg8E8zGSMQW5lo8qFg9k_WySGFORbw2xIO-XtIf_WS&s=1"}]}, "id": "1003344626383879_1617565094961826"}