{"created_time": "2017-09-29T20:03:10+0000", "message": "Florida's Human Trafficking Summit 2017 is on Monday in Orlando. Looking forward to a great day of collaboration with others in the fight against #HumanTrafficking.", "message_tags": [{"id": "146391798860479", "name": "#humantrafficking", "offset": 146, "length": 17}], "permalink_url": "https://www.facebook.com/1003344626383879/posts/1617564404961895/", "attachments": {"data": [{"description": "Florida's Human Trafficking Summit 2017 is on Monday in Orlando. Looking forward to a great day of collaboration with others in the fight against #HumanTrafficking.", "media": {"image": {"height": 470, "src": "https://scontent-lax3-1.xx.fbcdn.net/v/t31.0-8/s720x720/22137150_1617562304962105_8598056131868148466_o.png?_nc_cat=109&ccb=1-3&_nc_sid=8024bb&_nc_ohc=W0uwc9PNzfgAX-RQr8-&_nc_ht=scontent-lax3-1.xx&_nc_tp=30&oh=22e7c5c85c1aee69a93725fc78264c6e&oe=60706767", "width": 720}}, "target": {"id": "1617562304962105", "url": "https://www.facebook.com/helperase/photos/a.1029649477086727/1617562304962105/?type=3"}, "type": "photo", "url": "https://www.facebook.com/helperase/photos/a.1029649477086727/1617562304962105/?type=3"}]}, "id": "1003344626383879_1617564404961895"}