{"created_time": "2017-09-07T23:04:00+0000", "message": "Together, Harold and Smith have trained 14 other volunteers to canvas hotels in the Coulee Region, alerting them to signs of human trafficking.  According to Smith, one of the telltale signs of trafficking is a female, often 12-14 years of age traveling with an older \"Boyfriend.\" Smith said that many trafficking connections often get started on Facebook using the Messenger app.", "permalink_url": "https://www.facebook.com/1003344626383879/posts/1598566106861725/", "attachments": {"data": [{"description": "Helen Harold and Maddie Smith are an unlikely pair. Yet, the two have joined forces to put local human trafficking in the crosshairs.", "media": {"image": {"height": 200, "src": "https://external-lax3-1.xx.fbcdn.net/safe_image.php?d=AQHBqw1sRw8rBqiP&w=200&h=200&url=https%3A%2F%2Fbuffer-media-uploads.s3.amazonaws.com%2F59ad89f60e0c27ec51308687%2F51c012f9d6681094e5cc443be4ef158b12ba58f0_00cbcb6673ba58f07f20f0840e5f0b8a56a77072_facebook&cfs=1&sx=56&sy=0&sw=200&sh=200&_nc_cb=1&_nc_hash=AQGoHvo1nU7nLbG3", "width": 200}}, "target": {"url": "http://l.facebook.com/l.php?u=http%3A%2F%2Fj.mp%2F2wBWWjI&h=AT1U1nbsu0wdTpsIEcM1_nBDcykwo7lwMc5Ptv71oJP7bucarpDP250bMKVg4h3used4isat9q8M1AYwNoIu0Q6qoVJF-q2yf0vYMBcBYsddy3tHNFvhlXC1YrUUb2zg&s=1"}, "title": "Coulee Region's Church Women United takes aim at trafficking", "type": "share", "url": "http://l.facebook.com/l.php?u=http%3A%2F%2Fj.mp%2F2wBWWjI&h=AT1U1nbsu0wdTpsIEcM1_nBDcykwo7lwMc5Ptv71oJP7bucarpDP250bMKVg4h3used4isat9q8M1AYwNoIu0Q6qoVJF-q2yf0vYMBcBYsddy3tHNFvhlXC1YrUUb2zg&s=1"}]}, "id": "1003344626383879_1598566106861725"}