{"created_time": "2017-09-06T23:04:09+0000", "message": "There are no hard numbers on how many human-trafficking victims passed through North Dakota, and until 2016, the state didn't track human trafficking. \"What we want to do is treat victims like victims and not like perpetrators,\" Heitkamp said of anti-trafficking efforts, including the Abolish Human Trafficking Act.", "permalink_url": "https://www.facebook.com/1003344626383879/posts/1597672273617775/", "attachments": {"data": [{"description": "Sept. 03\u2013DICKINSON, N.D. \u2014 Darianne Johnson and her staff look back at the women who have come through the Domestic Violence and Rape Crisis Center in Dickinson and realize some of their clients were\u2026", "media": {"image": {"height": 323, "src": "https://external-lax3-1.xx.fbcdn.net/safe_image.php?d=AQFQl_4BDjtJril2&w=323&h=323&url=https%3A%2F%2Fbuffer-media-uploads.s3.amazonaws.com%2F59ad862990f1ee7f56cb5052%2Fef34873379e4bf60d8a2e898ae28406d34ffaf15_81d65535ace0c5ce5264add5e08af0ce7e140e7f_facebook&cfs=1&sx=64&sy=0&sw=323&sh=323&_nc_cb=1&_nc_hash=AQEXwqlYq7T2p3ge", "width": 323}}, "target": {"url": "http://l.facebook.com/l.php?u=http%3A%2F%2Fj.mp%2F2gFWOeN&h=AT26fyabB2dkrCYDJ0LlXV8u0wVFBdZvinfVdPg9BRHIQSlJIaLP71Td_lUtt8OHySBGX4LOezkORxwM64WvTaqz4SBAkQoyFO0sQOXjcqJt2PV9nZJPl_h3Ie8pQu2B&s=1"}, "title": "Hidden numbers: Accurate picture of human trafficking difficult, but agencies strive to recognize it", "type": "share", "url": "http://l.facebook.com/l.php?u=http%3A%2F%2Fj.mp%2F2gFWOeN&h=AT26fyabB2dkrCYDJ0LlXV8u0wVFBdZvinfVdPg9BRHIQSlJIaLP71Td_lUtt8OHySBGX4LOezkORxwM64WvTaqz4SBAkQoyFO0sQOXjcqJt2PV9nZJPl_h3Ie8pQu2B&s=1"}]}, "id": "1003344626383879_1597672273617775"}