{"created_time": "2017-06-30T00:07:02+0000", "permalink_url": "https://www.facebook.com/1003344626383879/posts/1527372170647786/", "attachments": {"data": [{"description": "Washington D.C., Jun 28, 2017 / 04:51 pm (CNA/EWTN News).- With an estimated 20 million victims of human trafficking today, all governments must step up their enforcement efforts, a new report by the\u2026", "media": {"image": {"height": 227, "src": "https://external-lax3-1.xx.fbcdn.net/safe_image.php?d=AQHB8nDzAXf58LbQ&w=227&h=227&url=https%3A%2F%2Fbuffer-media-uploads.s3.amazonaws.com%2F59554e7f739b8bd30784f6d8%2Fae3014287b8af8b0052b75277d8ecc37dc413457_f5e454618ed3efae234185a3739411da953806f3_facebook&cfs=1&sx=53&sy=0&sw=227&sh=227&_nc_cb=1&_nc_hash=AQFOP1Ez4oKq-a8J", "width": 227}}, "target": {"url": "http://l.facebook.com/l.php?u=http%3A%2F%2Fbuff.ly%2F2tqrbdA&h=AT12fYjszbZMehM8dfFKollK-VdZziAARPW9klC5wW45Tb8kVQygjFBIhMhxl4NgrzAxLgsmbIPVMQTgjfvFCJk2fy3fcQF-gahpG0Yk2ctSIoGjUzsr3IO1AO3mTHoI&s=1"}, "title": "Enforcement is key in fight against human trafficking, report says", "type": "share", "url": "http://l.facebook.com/l.php?u=http%3A%2F%2Fbuff.ly%2F2tqrbdA&h=AT12fYjszbZMehM8dfFKollK-VdZziAARPW9klC5wW45Tb8kVQygjFBIhMhxl4NgrzAxLgsmbIPVMQTgjfvFCJk2fy3fcQF-gahpG0Yk2ctSIoGjUzsr3IO1AO3mTHoI&s=1"}]}, "id": "1003344626383879_1527372170647786"}