{"created_time": "2017-06-27T02:38:23+0000", "permalink_url": "https://www.facebook.com/1003344626383879/posts/1523533454364991/", "attachments": {"data": [{"target": {"url": "http://l.facebook.com/l.php?u=http%3A%2F%2Fcdn.netsmartz.org%2Ftipsheets%2Ftips_for_teens.pdf&h=AT3KYa5IW1Zxveu-mFiam2s0FTQ47Arw7K-Nv65AHXHN2dy0lwZFndTLULd9s3xwW_TFnqty9SGSVNpiAHQIxsmF2xtwbKt4WcSXi_56N9T2whnTnoR1lnuBbrIF9zpx&s=1"}, "title": "cdn.netsmartz.org", "type": "share", "url": "http://l.facebook.com/l.php?u=http%3A%2F%2Fcdn.netsmartz.org%2Ftipsheets%2Ftips_for_teens.pdf&h=AT3KYa5IW1Zxveu-mFiam2s0FTQ47Arw7K-Nv65AHXHN2dy0lwZFndTLULd9s3xwW_TFnqty9SGSVNpiAHQIxsmF2xtwbKt4WcSXi_56N9T2whnTnoR1lnuBbrIF9zpx&s=1"}]}, "id": "1003344626383879_1523533454364991"}