{"created_time": "2017-06-06T15:07:01+0000", "message": "If you are in #NewJersey and want to get involved in the fight against Human Trafficking, here is an event for you.", "message_tags": [{"id": "314863951970334", "name": "#newjersey", "offset": 14, "length": 10}], "permalink_url": "https://www.facebook.com/1003344626383879/posts/1500283990023271/", "attachments": {"data": [{"description": "#ThisWeek join us for our annual NJCAHT business meeting June 8, 10:30am Kean University! Hear from our interns.  #BeInspired as we hear #reports and #vision from our leaders.\n\n#BetterTogether #njUNITED4abolition", "description_tags": [{"id": "33035876673", "length": 15, "name": "Kean University", "offset": 73, "type": "page"}], "media": {"image": {"height": 500, "src": "https://scontent-lax3-2.xx.fbcdn.net/v/t31.0-8/s720x720/18815414_1055723554563567_8178198690453768095_o.jpg?_nc_cat=106&ccb=1-3&_nc_sid=2d5d41&_nc_ohc=cHWhiH78MTYAX_Q4S-X&_nc_ht=scontent-lax3-2.xx&tp=7&oh=3f8cc3bb3f733b816c732ff871424d78&oe=606F0EC2", "width": 720}}, "target": {"id": "1055723554563567", "url": "https://www.facebook.com/asafernj/photos/a.357461944389735/1055723554563567/?type=3"}, "title": "Timeline Photos", "type": "photo", "url": "https://www.facebook.com/asafernj/photos/a.357461944389735/1055723554563567/?type=3"}]}, "id": "1003344626383879_1500283990023271"}