{"created_time": "2017-06-04T02:00:37+0000", "message": "Via FDLE Please share this post! A Florida MISSING CHILD Alert has been issued for Naomi Jones, a black female, 12 years old, 5 feet 1 inches tall, 97 pounds, black hair, brown eyes, last seen in the 1000th block of East Johnson Avenue in Pensacola, Florida.  She was last seen wearing a red tank top and American flag denim shorts.  If you have any information on the whereabouts of this child please contact the Escambia County Sheriff's Office at 850-436-9630 or 911.", "message_tags": [{"id": "131933396847898", "name": "FDLE", "type": "page", "offset": 4, "length": 4}], "permalink_url": "https://www.facebook.com/1003344626383879/posts/1497672823617721/", "attachments": {"data": [{"description": "The FBI and FDLE are each offering a $10,000 reward for information leading to the recovery of Naomi Jones and the identification, arrest and conviction of the persons responsible. If you have any information call 9-1-1 or the Escambia County Sheriff's Office at 850-436-9630", "media": {"image": {"height": 250, "src": "https://scontent-lax3-1.xx.fbcdn.net/v/t1.0-9/18814402_1588580117849878_5245840055990559633_n.jpg?_nc_cat=110&ccb=1-3&_nc_sid=2d5d41&_nc_ohc=BXxaKHcV8GIAX_UlBvV&_nc_ht=scontent-lax3-1.xx&oh=ed212dbf74063e3d291ba4e4748c3c68&oe=6070206D", "width": 200}}, "target": {"id": "1588580117849878", "url": "https://www.facebook.com/FDLEpage/photos/a.270889352952301/1588580117849878/?type=3"}, "title": "Timeline Photos", "type": "photo", "url": "https://www.facebook.com/FDLEpage/photos/a.270889352952301/1588580117849878/?type=3"}]}, "id": "1003344626383879_1497672823617721"}