{"created_time": "2019-09-08T14:04:00+0000", "message": "\"York Regional Police responded to a report of gunshot in a guest room at the Holiday Inn Express and Suites on E. Pearce St. in Richmond Hill.\" https://buff.ly/2N2JHU1", "message_tags": [], "permalink_url": "https://www.facebook.com/helperase/photos/a.1029649477086727/2594685423916450/?type=3", "attachments": {"data": [{"description": "\"York Regional Police responded to a report of gunshot in a guest room at the Holiday Inn Express and Suites on E. Pearce St. in Richmond Hill.\" https://buff.ly/2N2JHU1", "media": {"image": {"height": 360, "src": "https://scontent-lax3-2.xx.fbcdn.net/v/t1.0-9/69642289_2594685433916449_2188781077105999872_n.jpg?_nc_cat=107&ccb=1-3&_nc_sid=da1649&_nc_ohc=D29BPlMGbJwAX94TRCS&_nc_ht=scontent-lax3-2.xx&oh=c02d728cbfa19a871ed2224d484e1f7e&oe=606FFCFE", "width": 640}}, "target": {"id": "2594685423916450", "url": "https://www.facebook.com/helperase/photos/a.1029649477086727/2594685423916450/?type=3"}, "title": "Timeline Photos", "type": "photo", "url": "https://www.facebook.com/helperase/photos/a.1029649477086727/2594685423916450/?type=3"}]}, "id": "1003344626383879_2594685423916450"}