{"created_time": "2018-06-06T14:14:01+0000", "message": "\u201cA lighthouse doesn\u2019t know upon who it shines, people just sail their ship toward it,\u201d he said. \u201cI met these people who are human lighthouses, they are everyday heroes.\u201d - You never know how a small act of kindness may shape a person\u2019s life.\nhttps://buff.ly/2JxWYBO", "message_tags": [], "permalink_url": "https://www.facebook.com/helperase/photos/a.1029649477086727/1873579869360346/?type=3", "attachments": {"data": [{"description": "\u201cA lighthouse doesn\u2019t know upon who it shines, people just sail their ship toward it,\u201d he said. \u201cI met these people who are human lighthouses, they are everyday heroes.\u201d - You never know how a small act of kindness may shape a person\u2019s life.\nhttps://buff.ly/2JxWYBO", "media": {"image": {"height": 399, "src": "https://scontent-lax3-1.xx.fbcdn.net/v/t1.0-9/34480472_1873579876027012_6932060276392984576_n.jpg?_nc_cat=109&ccb=1-3&_nc_sid=da1649&_nc_ohc=4T9mT3jUpnAAX-bN-37&_nc_ht=scontent-lax3-1.xx&oh=e7cf48113119fbc32e7d7be06bd53143&oe=6071464E", "width": 480}}, "target": {"id": "1873579869360346", "url": "https://www.facebook.com/helperase/photos/a.1029649477086727/1873579869360346/?type=3"}, "title": "Timeline Photos", "type": "photo", "url": "https://www.facebook.com/helperase/photos/a.1029649477086727/1873579869360346/?type=3"}]}, "id": "1003344626383879_1873579869360346"}