{"created_time": "2018-02-01T00:54:14+0000", "message": "#Missing\n#Fisher\n#Indiana \n\nhttps://www.wthr.com/article/fishers-police-asking-for-help-to-find-missing-girl", "message_tags": [], "permalink_url": "https://www.facebook.com/1003344626383879/posts/1744382738946727/", "attachments": {"data": [{"description": "Keyara Wilson was last seen at her home on January 24.", "media": {"image": {"height": 430, "src": "https://external-lax3-1.xx.fbcdn.net/safe_image.php?d=AQHVPw-QdEBS7RIq&w=430&h=430&url=https%3A%2F%2Fwww.wthr.com%2Fsites%2Fwthr.com%2Ffiles%2FKeyaraCropped.jpg&cfs=1&_nc_cb=1&_nc_hash=AQFkZ4j5dyS6Nm_0", "width": 430}}, "target": {"url": "https://l.facebook.com/l.php?u=https%3A%2F%2Fwww.wthr.com%2Farticle%2Ffishers-police-asking-for-help-to-find-missing-girl&h=AT3pM5CtUBHaxp3Yiq9eQLR7kArwX3-AuFHTPpLra2N1k9TuXyLYqKAqAk92zkKxCrEKnT5Xb8kmPxyaXrV9W76lzQTNgeStvHKmrwoNmdTAueGpyP3ZqfRKuL11Hbv8&s=1"}, "title": "Fishers police asking for help to find missing girl", "type": "share", "url": "https://l.facebook.com/l.php?u=https%3A%2F%2Fwww.wthr.com%2Farticle%2Ffishers-police-asking-for-help-to-find-missing-girl&h=AT3pM5CtUBHaxp3Yiq9eQLR7kArwX3-AuFHTPpLra2N1k9TuXyLYqKAqAk92zkKxCrEKnT5Xb8kmPxyaXrV9W76lzQTNgeStvHKmrwoNmdTAueGpyP3ZqfRKuL11Hbv8&s=1"}]}, "id": "1003344626383879_1744382738946727"}