{"created_time": "2018-01-19T17:53:35+0000", "message": "If you are in the #Memphis area be sure to check out this free event.", "message_tags": [{"id": "219562358183113", "name": "#Memphis", "offset": 18, "length": 8}], "permalink_url": "https://www.facebook.com/1003344626383879/posts/1731708813547453/", "attachments": {"data": [{"description": "We are super excited about this wonderful opportunity. The Neely Agency, LLC is having their mixer on Sun Jan 21, 2017, in Memphis, TN. The event includes Networking, Mini Fashion Show, Taping of Cable Show, and a Panel Discussion with our very own Kelley Alsobrook. Proceeds from the event will benefit our programs. They are working to raise awareness by holding this event during National Human Trafficking and Slavery Prevention Month.  Please see the flyer for all the details. #Grateful", "description_tags": [{"id": "119176831604074", "length": 21, "name": "The Neely Agency, LLC", "offset": 55, "type": "page"}, {"id": "5193342517373834", "length": 16, "name": "Kelley Alsobrook", "offset": 249, "type": "user"}], "media": {"image": {"height": 720, "src": "https://scontent-lax3-1.xx.fbcdn.net/v/t31.0-8/s720x720/26240704_1724114550973546_3388161101473508797_o.jpg?_nc_cat=102&ccb=1-3&_nc_sid=8024bb&_nc_ohc=tDH1WA0FGKoAX8ln7x1&_nc_ht=scontent-lax3-1.xx&tp=7&oh=aba807cb1335290d094f33b23a5e7a5d&oe=606FA9A1", "width": 484}}, "target": {"id": "1724114550973546", "url": "https://www.facebook.com/helperase/photos/a.1029649477086727/1724114550973546/?type=3"}, "type": "photo", "url": "https://www.facebook.com/helperase/photos/a.1029649477086727/1724114550973546/?type=3"}]}, "id": "1003344626383879_1731708813547453"}