{"created_time": "2017-09-13T21:56:35+0000", "permalink_url": "https://www.facebook.com/1003344626383879/posts/1603510909700578/", "attachments": {"data": [{"description": "Join us for a screening of Stopping Traffic. Sept 29 - Oct 5 at AMC Elmwood Palace 20. Find more screenings at:  http://ow.ly/hAaG30f7Ztl", "media": {"image": {"height": 720, "src": "https://scontent-lax3-1.xx.fbcdn.net/v/t31.0-8/s720x720/21743838_1458267027559803_2692208230091296045_o.jpg?_nc_cat=103&ccb=1-3&_nc_sid=da1649&_nc_ohc=I7JVQ-dgSXcAX_PFFsU&_nc_ht=scontent-lax3-1.xx&tp=7&oh=df50c04d2f1bcb0ee39f4b1e641be016&oe=606FC831", "width": 469}}, "target": {"id": "1458267027559803", "url": "https://www.facebook.com/EdenHouseNOLA/photos/a.474489875937528/1458267027559803/?type=3"}, "title": "Timeline Photos", "type": "photo", "url": "https://www.facebook.com/EdenHouseNOLA/photos/a.474489875937528/1458267027559803/?type=3"}]}, "id": "1003344626383879_1603510909700578"}