{"created_time": "2017-08-28T13:14:00+0000", "message": "\u201cIt may well be a teacher, or somebody who works at a pharmacy, or some kind of medical professional who recognizes the signs of a child being victimized and alert law enforcement\"", "permalink_url": "https://www.facebook.com/1003344626383879/posts/1589234221128247/", "attachments": {"data": [{"description": "Experts say Jackson is becoming an attractive place for human trafficking.", "media": {"image": {"height": 540, "src": "https://external-lax3-1.xx.fbcdn.net/safe_image.php?d=AQFeOB_ItoOcwaUH&w=540&h=540&url=https%3A%2F%2Fbuffer-media-uploads.s3.amazonaws.com%2F59a07b1fa6ef17e16a53e5dc%2F67eaf17f1a67ba074bbb1719173e4da4fc90f0cd_0e554a2a4b4c5f4531c59dff00640a747ab17814_facebook&cfs=1&sx=331&sy=0&sw=540&sh=540&_nc_cb=1&_nc_hash=AQGBhe6vczXSx0lS", "width": 540}}, "target": {"url": "http://l.facebook.com/l.php?u=http%3A%2F%2Fj.mp%2F2wFJ9eP&h=AT3EkGyYNQY2DrVw_eOfsY5a-CmidehlAzrmbeg3-HvbxWbNDhNtCcEqw8lgx70lZbYjVvuDSY6SdfZuZIl5ojBZj7SMI59LAS1EiSMDYocWn4H6ELxI4Zujp_U64KZE&s=1"}, "title": "Spotting signs of human trafficking focus of forum at Jackson College", "type": "share", "url": "http://l.facebook.com/l.php?u=http%3A%2F%2Fj.mp%2F2wFJ9eP&h=AT3EkGyYNQY2DrVw_eOfsY5a-CmidehlAzrmbeg3-HvbxWbNDhNtCcEqw8lgx70lZbYjVvuDSY6SdfZuZIl5ojBZj7SMI59LAS1EiSMDYocWn4H6ELxI4Zujp_U64KZE&s=1"}]}, "id": "1003344626383879_1589234221128247"}