{"created_time": "2017-07-13T00:07:00+0000", "permalink_url": "https://www.facebook.com/1003344626383879/posts/1542751745776495/", "attachments": {"data": [{"description": "It\u2019s 10 p.m., do you know where your kids are? Strangers might.", "media": {"image": {"height": 530, "src": "https://external-lax3-1.xx.fbcdn.net/safe_image.php?d=AQGIeGo8JxCAKv6H&w=530&h=530&url=https%3A%2F%2Fbuffer-media-uploads.s3.amazonaws.com%2F5965922bb88ede7e71cb2965%2Ffb4860c33547db3cc178843dc95ddb2b19ddc845_3610ec87e577089c793693d8fae32fe7ed6f40bb_facebook&cfs=1&_nc_cb=1&_nc_hash=AQGPukIIVZvKWeSo", "width": 530}}, "target": {"url": "http://l.facebook.com/l.php?u=http%3A%2F%2Fbuff.ly%2F2uPi4l5&h=AT2woRM_fsr2AKGaw-EWava-iQJqmf3wHwk4f5QV4Y8Iu6HkAhHNveimSmQmX3Vllhp84sGy6kohhAtJdBjnvIesf7z20aLbbyQ1aBYSQfj0ENg-OdWG8uRwP0Yemc03&s=1"}, "title": "Social media safety starts at home", "type": "share", "url": "http://l.facebook.com/l.php?u=http%3A%2F%2Fbuff.ly%2F2uPi4l5&h=AT2woRM_fsr2AKGaw-EWava-iQJqmf3wHwk4f5QV4Y8Iu6HkAhHNveimSmQmX3Vllhp84sGy6kohhAtJdBjnvIesf7z20aLbbyQ1aBYSQfj0ENg-OdWG8uRwP0Yemc03&s=1"}]}, "id": "1003344626383879_1542751745776495"}