{"created_time": "2018-07-17T04:09:59+0000", "permalink_url": "https://www.facebook.com/1003344626383879/posts/1933412503377082/", "attachments": {"data": [{"media": {"image": {"height": 405, "src": "https://scontent-lax3-1.xx.fbcdn.net/v/t1.0-9/s720x720/37154788_204674233578718_2095533415804698624_o.jpg?_nc_cat=110&ccb=1-3&_nc_sid=8024bb&_nc_ohc=fo2xAwyDW0UAX9CGN9z&_nc_ht=scontent-lax3-1.xx&tp=7&oh=f849fd545bfb391f0adb2b41dc2df0e5&oe=607010FF", "width": 720}}, "subattachments": {"data": [{"media": {"image": {"height": 405, "src": "https://scontent-lax3-1.xx.fbcdn.net/v/t1.0-9/s720x720/37154788_204674233578718_2095533415804698624_o.jpg?_nc_cat=110&ccb=1-3&_nc_sid=8024bb&_nc_ohc=fo2xAwyDW0UAX9CGN9z&_nc_ht=scontent-lax3-1.xx&tp=7&oh=f849fd545bfb391f0adb2b41dc2df0e5&oe=607010FF", "width": 720}}, "target": {"id": "204674230245385", "url": "https://www.facebook.com/rusht5180/photos/a.204674986911976/204674230245385/?type=3"}, "type": "photo", "url": "https://www.facebook.com/rusht5180/photos/a.204674986911976/204674230245385/?type=3"}, {"media": {"image": {"height": 405, "src": "https://scontent-lax3-1.xx.fbcdn.net/v/t1.0-9/s720x720/37223077_204674246912050_6407072576828342272_o.jpg?_nc_cat=109&ccb=1-3&_nc_sid=8024bb&_nc_ohc=a6Qha8nx3HQAX_RlHKg&_nc_ht=scontent-lax3-1.xx&tp=7&oh=b2356321c18acabe595d7b15f408cb5e&oe=60706DBF", "width": 720}}, "target": {"id": "204674240245384", "url": "https://www.facebook.com/rusht5180/photos/a.204674986911976/204674240245384/?type=3"}, "type": "photo", "url": "https://www.facebook.com/rusht5180/photos/a.204674986911976/204674240245384/?type=3"}, {"media": {"image": {"height": 405, "src": "https://scontent-lax3-1.xx.fbcdn.net/v/t1.0-9/s720x720/37161440_204674270245381_7734476449230356480_o.jpg?_nc_cat=100&ccb=1-3&_nc_sid=8024bb&_nc_ohc=CkqtOYhYusUAX84XtBx&_nc_ht=scontent-lax3-1.xx&tp=7&oh=4156a2fc844e041d9a8f4c71d5955779&oe=606F41A4", "width": 720}}, "target": {"id": "204674266912048", "url": "https://www.facebook.com/rusht5180/photos/a.204674986911976/204674266912048/?type=3"}, "type": "photo", "url": "https://www.facebook.com/rusht5180/photos/a.204674986911976/204674266912048/?type=3"}]}, "target": {"id": "204674983578643", "url": "https://www.facebook.com/182380879141387/posts/204674983578643/"}, "title": "Photos from Rotarians United to Stop Human Trafficking's post", "type": "album", "url": "https://www.facebook.com/182380879141387/posts/204674983578643/"}]}, "id": "1003344626383879_1933412503377082"}