{"created_time": "2017-07-03T11:14:00+0000", "permalink_url": "https://www.facebook.com/1003344626383879/posts/1531939380191065/", "attachments": {"data": [{"description": "WASHINGTON - In a speech at the State Department unveiling the Trafficking in Persons report (TIP), Ivanka Trump emphasized the issue as one of the administration's top priorities.As a mother it's\u2026", "media": {"image": {"height": 554, "src": "https://external-lax3-1.xx.fbcdn.net/safe_image.php?d=AQFyA0pL1NTyHvqd&w=554&h=554&url=https%3A%2F%2Fbuffer-media-uploads.s3.amazonaws.com%2F595554af29f69f1467a56665%2F4e61cefe46b93ddca87e44a795b282f36123c5f1_e5ea68db9ffa9a06dacd6ff1108f4b2e1be37ff9_facebook&cfs=1&_nc_cb=1&_nc_hash=AQFSBQ-mDaBEJ6rF", "width": 554}}, "target": {"url": "http://l.facebook.com/l.php?u=http%3A%2F%2Fbuff.ly%2F2tusrgH&h=AT0IJrWa06XtNymeCqGh7oW1E8wbCxjNI_WU53eH4Gp-XG7HiZY4QqwfpHGqv37NX5hhuaIoRu4zE6o4OCiQjm33IfTW2clF3_4CDkmaJ5OA_qqO2qSMejagEgovoBeM&s=1"}, "title": "Ivanka Trump: Ending human trafficking is a priority", "type": "share", "url": "http://l.facebook.com/l.php?u=http%3A%2F%2Fbuff.ly%2F2tusrgH&h=AT0IJrWa06XtNymeCqGh7oW1E8wbCxjNI_WU53eH4Gp-XG7HiZY4QqwfpHGqv37NX5hhuaIoRu4zE6o4OCiQjm33IfTW2clF3_4CDkmaJ5OA_qqO2qSMejagEgovoBeM&s=1"}]}, "id": "1003344626383879_1531939380191065"}