{"created_time": "2018-08-31T16:20:46+0000", "message": "In America today, trafficking children has become more profitable than selling guns and easier than selling drugs. 83% of Sex Trafficking Victims in Americ are identified as U.S. Citizens that are being bought and sold by U.S Citizens. United States agencies estimate that:\n\u2022On average, 46 children \u2013 the equivalent of two average size classrooms \u2013 are lured by traffickers in the U.S. each day\n\u2022Only 1-2% of child trafficking victims are recovered\n\u2022The average victim\u2019s age is 11 to 14 years old\n\u2022The average lifespan of a victim is 7 years\n\nWith your help, we can continue our programs that will keep children from disappearing, help bring children home, and hold traffickers accountable for their crimes. To donate click the link in our profile. Your help is appreciated and makes a difference!\nhttps://www.erasechildtrafficking.org", "message_tags": [], "permalink_url": "https://www.facebook.com/1003344626383879/posts/2007312909320374/", "attachments": {"data": [{"description": "In America today, trafficking children has become more profitable than selling guns and easier than selling drugs. 83% of Sex Trafficking Victims in Americ are identified as U.S. Citizens that are being bought and sold by U.S Citizens. United States agencies estimate that:\n\u2022On average, 46 children \u2013 the equivalent of two average size classrooms \u2013 are lured by traffickers in the U.S. each day\n\u2022Only 1-2% of child trafficking victims are recovered\n\u2022The average victim\u2019s age is 11 to 14 years old\n\u2022The average lifespan of a victim is 7 years\n\nWith your help, we can continue our programs that will keep children from disappearing, help bring children home, and hold traffickers accountable for their crimes. To donate click the link in our profile. Your help is appreciated and makes a difference!\nhttps://www.erasechildtrafficking.org", "media": {"image": {"height": 720, "src": "https://scontent-lax3-2.xx.fbcdn.net/v/t1.0-9/p720x720/40427742_2007312875987044_9023182954058219520_o.jpg?_nc_cat=107&ccb=1-3&_nc_sid=8024bb&_nc_ohc=TKWOsRmTuo8AX-F9iVM&_nc_ht=scontent-lax3-2.xx&tp=6&oh=34d40d5a22a4a88d68100ccf3e43a527&oe=60702697", "width": 720}}, "target": {"id": "2007312872653711", "url": "https://www.facebook.com/helperase/photos/a.1029649477086727/2007312872653711/?type=3"}, "type": "photo", "url": "https://www.facebook.com/helperase/photos/a.1029649477086727/2007312872653711/?type=3"}]}, "id": "1003344626383879_2007312909320374"}