{"created_time": "2017-10-19T11:33:00+0000", "message": "We are working with 2 survivors who just escaped their traffickers. We need to raise $1500.00 for relocation and medical care. Please consider donating to help in their recovery.  No amount is too small. ~ Thank you!\nText FREE to 91999", "permalink_url": "https://www.facebook.com/1003344626383879/posts/1636447196406949/", "attachments": {"data": [{"description": "We are working with 2 survivors who just escaped their traffickers. We need to raise $1500.00 for relocation and medical care. Please consider donating to help in their recovery.  No amount is too small. ~ Thank you!\nText FREE to 91999", "media": {"image": {"height": 604, "src": "https://scontent-lax3-2.xx.fbcdn.net/v/t1.0-9/s720x720/22687543_1636445863073749_337411441341885407_n.jpg?_nc_cat=106&ccb=1-3&_nc_sid=8024bb&_nc_ohc=pi0Br-8uLLIAX-sYb0k&_nc_ht=scontent-lax3-2.xx&tp=7&oh=75f70caf4a5178f0225ec8dbe9d505c9&oe=6071D93A", "width": 720}}, "target": {"id": "1636445863073749", "url": "https://www.facebook.com/helperase/photos/a.1029649477086727/1636445863073749/?type=3"}, "type": "photo", "url": "https://www.facebook.com/helperase/photos/a.1029649477086727/1636445863073749/?type=3"}]}, "id": "1003344626383879_1636447196406949"}