{"created_time": "2017-12-05T15:14:05+0000", "message": "79 Arrests Made in Massive Child Trafficking and Pornography Sting. Among those arrested were a police officer, a swim coach, a piano teacher, and a youth minister.", "permalink_url": "https://www.facebook.com/1003344626383879/posts/1685119841539684/", "attachments": {"data": [{"description": "TRENTON, NJ \u2013 Arrests of 79 targeted sex offenders and persons possessing child pornography have been made in a massive operation that stretched from New Jersey to California,...", "media": {"image": {"height": 381, "src": "https://external-lax3-1.xx.fbcdn.net/safe_image.php?d=AQH7yEORFE7CjfrR&w=381&h=381&url=https%3A%2F%2Fbuffer-media-uploads.s3.amazonaws.com%2F5a259afd936392624219c4a8%2F1f13df9df1f4f75e1e14b3e01ec76ae70f019ff6_2617a73b2a7d14c720e2767914210a6d0d0316f6_facebook&cfs=1&sx=0&sy=60&sw=381&sh=381&_nc_cb=1&_nc_hash=AQHFk2FoaALzpMVM", "width": 381}}, "target": {"url": "http://l.facebook.com/l.php?u=http%3A%2F%2Fj.mp%2F2iLReco&h=AT14CEW0fQjSRY_GguN-nY-8zvMNIGMORJHo75wDy0XpTSqF9CpviHTNaKGuQbiAPWQ6LnIg5e5g4kUhSnGT5afZ_OC_Z_KS9BC6EvEsn8p5INnw5rmwmOmLzuRZRSVG&s=1"}, "title": "79 Arrests Made in Massive Child Trafficking and Pornography Sting", "type": "share", "url": "http://l.facebook.com/l.php?u=http%3A%2F%2Fj.mp%2F2iLReco&h=AT14CEW0fQjSRY_GguN-nY-8zvMNIGMORJHo75wDy0XpTSqF9CpviHTNaKGuQbiAPWQ6LnIg5e5g4kUhSnGT5afZ_OC_Z_KS9BC6EvEsn8p5INnw5rmwmOmLzuRZRSVG&s=1"}]}, "id": "1003344626383879_1685119841539684"}