{"created_time": "2019-09-16T20:10:02+0000", "message": "Frank Sabella, a detective at the Cumberland County Prosecutor\u2019s Office, said human trafficking in this region could look like anything from farm labor to a domestic violence situation where a man might force a woman into sex work to support a mutual drug habit. #NewJersey #LawEnforcement #EndHumanTrafficking", "message_tags": [{"id": "314863951970334", "name": "#newjersey", "offset": 263, "length": 10}, {"id": "136623053176488", "name": "#lawenforcement", "offset": 274, "length": 15}, {"id": "593609360666840", "name": "#endhumantrafficking", "offset": 290, "length": 20}], "permalink_url": "https://www.facebook.com/1003344626383879/posts/2609930655725260/", "attachments": {"data": [{"description": "The death last month of accused trafficker Jeffrey Epstein is just a public example of how justice is delayed, or nonexistent, for victims of human", "media": {"image": {"height": 720, "src": "https://external-lax3-1.xx.fbcdn.net/safe_image.php?w=720&h=720&url=https%3A%2F%2Fwww.burlingtoncountytimes.com%2Fstoryimage%2FPA%2F20190913%2FNEWS%2F190919487%2FAR%2F0%2FAR-190919487.jpg&cfs=1&sx=786&sy=0&sw=3499&sh=3499&_nc_cb=1&_nc_hash=AQHSSOyGSzcUBxaU", "width": 720}}, "target": {"url": "https://l.facebook.com/l.php?u=https%3A%2F%2Fbuff.ly%2F2ArVR0h&h=AT3s8r09TZbhvc_P7q8Zn_dUbHc7GyzgCvcBXidy0ut0XC9qUITixX8yZsvxxFILY-ibW4-ZhrLlyt5Av_st-F3uyqU00yDX0Gpy0-gWcjhFeM9uHcw8BEWfqy0eFeSx&s=1"}, "title": "In the world of sex trafficking, justice is hard to find", "type": "share", "url": "https://l.facebook.com/l.php?u=https%3A%2F%2Fbuff.ly%2F2ArVR0h&h=AT3s8r09TZbhvc_P7q8Zn_dUbHc7GyzgCvcBXidy0ut0XC9qUITixX8yZsvxxFILY-ibW4-ZhrLlyt5Av_st-F3uyqU00yDX0Gpy0-gWcjhFeM9uHcw8BEWfqy0eFeSx&s=1"}]}, "id": "1003344626383879_2609930655725260"}