{"created_time": "2019-06-13T22:33:41+0000", "message": "Brandon Marquis Jennings, guilty of sex trafficking, production of child pornography, transporting a minor in interstate commerce for a sexual offense, coercing and enticing victims to travel between states for prostitution and operating an interstate prostitution enterprise. \n#Raleigh #Leo #MakingADifference https://buff.ly/2WFAJRX", "message_tags": [{"id": "351579404960543", "name": "#raleigh", "offset": 278, "length": 8}, {"id": "479647825436380", "name": "#Leo", "offset": 287, "length": 4}, {"id": "136254236549866", "name": "#makingadifference", "offset": 292, "length": 18}], "permalink_url": "https://www.facebook.com/helperase/photos/a.1029649477086727/2437966412921686/?type=3", "attachments": {"data": [{"description": "Brandon Marquis Jennings, guilty of sex trafficking, production of child pornography, transporting a minor in interstate commerce for a sexual offense, coercing and enticing victims to travel between states for prostitution and operating an interstate prostitution enterprise. \n#Raleigh #Leo #MakingADifference https://buff.ly/2WFAJRX", "media": {"image": {"height": 720, "src": "https://scontent-lax3-1.xx.fbcdn.net/v/t1.0-9/p720x720/62239315_2437966416255019_7647937488190701568_o.jpg?_nc_cat=105&ccb=1-3&_nc_sid=da1649&_nc_ohc=dMD_IY55mCoAX9jhdZd&_nc_ht=scontent-lax3-1.xx&tp=6&oh=a7b8e751af93585e4e621b9e622ee078&oe=606E8733", "width": 720}}, "target": {"id": "2437966412921686", "url": "https://www.facebook.com/helperase/photos/a.1029649477086727/2437966412921686/?type=3"}, "title": "Timeline Photos", "type": "photo", "url": "https://www.facebook.com/helperase/photos/a.1029649477086727/2437966412921686/?type=3"}]}, "id": "1003344626383879_2437966412921686"}