{"created_time": "2019-02-27T15:04:02+0000", "message": "Sgt. Kathy Stewart from Hamilton Police Service in Ontario, Canada working hard to make a difference in the lives of human trafficking victims. \n\"Arrest is not the first priority,\" said Sgt. Kathy Stewart, who leads two other officers who work full time on Hamilton human trafficking cases. The real hope is always to rescue victims.\u201d https://buff.ly/2U9Z8K7", "message_tags": [{"id": "115195198508781", "name": "Hamilton Police Service", "type": "page", "offset": 24, "length": 23}], "permalink_url": "https://www.facebook.com/helperase/photos/a.1029649477086727/2261265047258491/?type=3", "attachments": {"data": [{"description": "Sgt. Kathy Stewart from Hamilton Police Service in Ontario, Canada working hard to make a difference in the lives of human trafficking victims. \n\"Arrest is not the first priority,\" said Sgt. Kathy Stewart, who leads two other officers who work full time on Hamilton human trafficking cases. The real hope is always to rescue victims.\u201d https://buff.ly/2U9Z8K7", "description_tags": [{"id": "115195198508781", "length": 23, "name": "Hamilton Police Service", "offset": 24, "type": "page"}], "media": {"image": {"height": 416, "src": "https://scontent-lax3-1.xx.fbcdn.net/v/t1.0-9/52980000_2261265050591824_447098330212728832_n.jpg?_nc_cat=108&ccb=1-3&_nc_sid=da1649&_nc_ohc=unDke0296agAX_nfr__&_nc_ht=scontent-lax3-1.xx&oh=2da8cfe1bdb71775da87aa823f872e1f&oe=6070E8DD", "width": 627}}, "target": {"id": "2261265047258491", "url": "https://www.facebook.com/helperase/photos/a.1029649477086727/2261265047258491/?type=3"}, "title": "Timeline Photos", "type": "photo", "url": "https://www.facebook.com/helperase/photos/a.1029649477086727/2261265047258491/?type=3"}]}, "id": "1003344626383879_2261265047258491"}