{"created_time": "2019-12-16T17:26:51+0000", "message": "Red Flags For Parents-Domestic Minor Sex Trafficking \u2800\n #ChildTrafficking\u2800\n#Awareness #RedFlags #Teens #Children #Parents  #Protect", "message_tags": [{"id": "303379326455737", "name": "#childtrafficking", "offset": 56, "length": 17}, {"id": "402127356550229", "name": "#awareness", "offset": 75, "length": 10}, {"id": "550017071686292", "name": "#redflags", "offset": 86, "length": 9}, {"id": "463487673722479", "name": "#teens", "offset": 96, "length": 6}, {"id": "449178375158111", "name": "#children", "offset": 103, "length": 9}, {"id": "267960656671381", "name": "#parents", "offset": 113, "length": 8}, {"id": "442454609165046", "name": "#protect", "offset": 123, "length": 8}], "permalink_url": "https://www.facebook.com/helperase/photos/a.1029649477086727/2804924909559166/?type=3", "attachments": {"data": [{"description": "Red Flags For Parents-Domestic Minor Sex Trafficking \u2800\n #ChildTrafficking\u2800\n#Awareness #RedFlags #Teens #Children #Parents  #Protect", "media": {"image": {"height": 720, "src": "https://scontent-lax3-1.xx.fbcdn.net/v/t1.0-9/p720x720/80009511_2804924916225832_5214885789711728640_o.jpg?_nc_cat=103&ccb=1-3&_nc_sid=2d5d41&_nc_ohc=eqXvNsIpdsAAX-KOLEd&_nc_ht=scontent-lax3-1.xx&tp=6&oh=310663a709cb4e054d54b4b384d5758c&oe=60711996", "width": 720}}, "target": {"id": "2804924909559166", "url": "https://www.facebook.com/helperase/photos/a.1029649477086727/2804924909559166/?type=3"}, "title": "Timeline Photos", "type": "photo", "url": "https://www.facebook.com/helperase/photos/a.1029649477086727/2804924909559166/?type=3"}]}, "id": "1003344626383879_2804924909559166"}