{"created_time": "2019-10-07T14:04:03+0000", "message": "\"Area fashion designers are putting their work on the runway to put human trafficking on display, as well.\"  #FashionIndustry #Endhumantrafficking", "message_tags": [{"id": "473340586054391", "name": "#fashionindustry", "offset": 109, "length": 16}, {"id": "593609360666840", "name": "#endhumantrafficking", "offset": 126, "length": 20}], "permalink_url": "https://www.facebook.com/1003344626383879/posts/2649956325056026/", "attachments": {"data": [{"description": "Area fashion designers are putting their work on the runway to put human trafficking on display, as well.", "media": {"image": {"height": 720, "src": "https://external-lax3-1.xx.fbcdn.net/safe_image.php?d=AQFu16lprPRELY1J&w=720&h=720&url=https%3A%2F%2Fmedia.channel3000.com%2Fmmm-wisctv-media-us-east-1%2Fphoto%2F2019%2F10%2F06%2F0037_01_frame_72_1570412982519_39484141_ver1.0_1280_720.jpeg&cfs=1&sx=278&sy=0&sw=720&sh=720&_nc_cb=1&_nc_hash=AQHl9TBqQ0gPAu9N", "width": 720}}, "target": {"url": "https://l.facebook.com/l.php?u=https%3A%2F%2Fbuff.ly%2F2On37D3&h=AT347HWSXJWaqvPXwjEFZNcXoSo-7a86pBPWKMa5baTOZ3xOlvu_ANxC9r_m92Ondu4Fovuhq7ZrqJKDpwgOF_YZPAWb_uHJnxYJCt3NYEI1YjY2G_qs_2fusmbeBgrH&s=1"}, "title": "\u2018It's a deep, dark situation': Fashion show shines light on human trafficking", "type": "share", "url": "https://l.facebook.com/l.php?u=https%3A%2F%2Fbuff.ly%2F2On37D3&h=AT347HWSXJWaqvPXwjEFZNcXoSo-7a86pBPWKMa5baTOZ3xOlvu_ANxC9r_m92Ondu4Fovuhq7ZrqJKDpwgOF_YZPAWb_uHJnxYJCt3NYEI1YjY2G_qs_2fusmbeBgrH&s=1"}]}, "id": "1003344626383879_2649956325056026"}