{"created_time": "2019-05-25T21:17:38+0000", "message": "National Missing Children\u2019s Day\n1/3 of teens on the street will be lured toward prostitution within 48 hours of leaving home. \n#missing #children #california", "message_tags": [{"id": "126682420847427", "name": "#missing", "offset": 127, "length": 8}, {"id": "449178375158111", "name": "#children", "offset": 136, "length": 9}, {"id": "159547397534721", "name": "#california", "offset": 146, "length": 11}], "permalink_url": "https://www.facebook.com/1003344626383879/posts/2404255196292808/", "attachments": {"data": [{"media": {"image": {"height": 720, "src": "https://scontent-lax3-1.xx.fbcdn.net/v/t15.5256-10/60040043_2244497899100650_8667956839050117120_n.jpg?_nc_cat=103&ccb=1-3&_nc_sid=ad6a45&_nc_ohc=ZUA7ykVSa3MAX9G7gPc&_nc_ht=scontent-lax3-1.xx&oh=fd054390c6846fe45b297362c374aded&oe=606E4B71", "width": 720}}, "target": {"id": "2244497702434003", "url": "https://www.facebook.com/helperase/videos/2244497702434003/"}, "type": "video_inline", "url": "https://www.facebook.com/helperase/videos/2244497702434003/"}]}, "id": "1003344626383879_2404255196292808"}