{"created_time": "2019-05-08T14:04:03+0000", "message": "\u201cStop waiting for children to ask for your help. Stop waiting for children to tell you they\u2019ve been a victim of rape, trafficking, or abuse. When you wait for a child to ask for your help, you\u2019re placing the burden on the child,\u201d Prestridge said.\u201d", "permalink_url": "https://www.facebook.com/1003344626383879/posts/2375302459188082/", "attachments": {"data": [{"description": "Captain Derek Prestridge graduated from the DPS Academy in summer 1995. He was originally stationed in Chambers County then was promoted to sergeant and moved to Orange County. Since then, he\u2019s been working on one project that now has gained national attention. Our Senora Scott went to Austin to s...", "media": {"image": {"height": 641, "src": "https://external-lax3-1.xx.fbcdn.net/safe_image.php?d=AQGKuGj8Ya6AAwyc&w=641&h=641&url=https%3A%2F%2Fmedia.myfoxzone.com%2Fassets%2FKIDY%2Fimages%2F9a0bcf58-32c3-45d2-be35-a5eb4f04b687%2F9a0bcf58-32c3-45d2-be35-a5eb4f04b687_1140x641.png&cfs=1&_nc_cb=1&_nc_hash=AQEGf49Y7kvKXuBC", "width": 641}}, "target": {"url": "https://l.facebook.com/l.php?u=https%3A%2F%2Fbuff.ly%2F2YemlfS&h=AT01PhCznLVzjC9NZJ4TgrSTlKZlZ2Ej4YZpwb2Gi32NQajaNCi4090IJqgDBk4YXU91Xg9BeAtYJEIvC63Wlz2SA2G38HvJfLjvLDAO1RrQ4vZrkFZ0XNAJf-rQ6W9c&s=1"}, "title": "EXCLUSIVE: Texas DPS captain speaks on training he created to rescue children from human trafficking", "type": "share", "url": "https://l.facebook.com/l.php?u=https%3A%2F%2Fbuff.ly%2F2YemlfS&h=AT01PhCznLVzjC9NZJ4TgrSTlKZlZ2Ej4YZpwb2Gi32NQajaNCi4090IJqgDBk4YXU91Xg9BeAtYJEIvC63Wlz2SA2G38HvJfLjvLDAO1RrQ4vZrkFZ0XNAJf-rQ6W9c&s=1"}]}, "id": "1003344626383879_2375302459188082"}