{"created_time": "2017-04-20T16:45:36+0000", "message": "Join us next Wednesday as Sgt. Marc Marty talks about best practices for families with online safety. April 26 @5pm PST/8pm EST. \n#family #onlinesafety #sextrafficking", "permalink_url": "https://www.facebook.com/helperase/photos/a.1029649477086727/1447972998587704/?type=3", "attachments": {"data": [{"description": "Join us next Wednesday as Sgt. Marc Marty talks about best practices for families with online safety. April 26 @5pm PST/8pm EST. \n#family #onlinesafety #sextrafficking", "media": {"image": {"height": 720, "src": "https://scontent-lax3-2.xx.fbcdn.net/v/t1.0-9/p720x720/18011018_1447972998587704_5327317639467081914_n.jpg?_nc_cat=107&ccb=1-3&_nc_sid=2d5d41&_nc_ohc=cwScsvGMwwYAX_LQGmd&_nc_ht=scontent-lax3-2.xx&tp=6&oh=0e08bc6cc2d3dba523daf0e9fe02233f&oe=6072E960", "width": 720}}, "target": {"id": "1447972998587704", "url": "https://www.facebook.com/helperase/photos/a.1029649477086727/1447972998587704/?type=3"}, "title": "Timeline Photos", "type": "photo", "url": "https://www.facebook.com/helperase/photos/a.1029649477086727/1447972998587704/?type=3"}]}, "id": "1003344626383879_1447972998587704"}