{"created_time": "2020-02-29T19:30:05+0000", "permalink_url": "https://www.facebook.com/1003344626383879/posts/2964202873631368/", "attachments": {"data": [{"description": "There will be a meeting on Sunday, March 22 at the DeKalb County Sheriff's Office. Everyone is welcome to join.", "media": {"image": {"height": 720, "src": "https://external-lax3-1.xx.fbcdn.net/safe_image.php?d=AQGKwzeL2EBfWb_Q&w=720&h=720&url=http%3A%2F%2Fmedia.heartlandtv.com%2Fimages%2FHuman%2BTrafficking%2B%281%29.jpg&cfs=1&_nc_cb=1&_nc_hash=AQFpy6T0a1m5gk5f", "width": 720}}, "target": {"url": "https://l.facebook.com/l.php?u=https%3A%2F%2Fwww.waaytv.com%2Fcontent%2Fnews%2FHuman-trafficking-task-force-created-for-Marshall-and-DeKalb-counties-568229151.html&h=AT2qgNZcfV6vJ1LMA_-bKL6xq4b7aX5k4I-up1XLpAzSSi0nLXkhRafkPWI8zW8nEZTP8S6ZIpIVTOSZra0ZiyhMa5Laap9yLWlcRqowpO_Qo_CVv4UmMcqs7jqIcfHV&s=1"}, "title": "'Parents selling ... children for drugs:\u2019 Human trafficking task force forms in Marshall, DeKalb", "type": "share", "url": "https://l.facebook.com/l.php?u=https%3A%2F%2Fwww.waaytv.com%2Fcontent%2Fnews%2FHuman-trafficking-task-force-created-for-Marshall-and-DeKalb-counties-568229151.html&h=AT2qgNZcfV6vJ1LMA_-bKL6xq4b7aX5k4I-up1XLpAzSSi0nLXkhRafkPWI8zW8nEZTP8S6ZIpIVTOSZra0ZiyhMa5Laap9yLWlcRqowpO_Qo_CVv4UmMcqs7jqIcfHV&s=1"}]}, "id": "1003344626383879_2964202873631368"}