{"created_time": "2018-10-16T00:31:43+0000", "message": "Who are the Victims of Human Trafficking? \nAnyone has the potential of becoming a Human Trafficking victim.  Circumstance, lifestyle, and mental/physical health issues may provide a trafficker with the needed opportunity to victimize people from all walks of life.", "permalink_url": "https://www.facebook.com/1003344626383879/posts/2063176780400653/", "attachments": {"data": [{"description": "Who are the Victims of Human Trafficking? \nAnyone has the potential of becoming a Human Trafficking victim.  Circumstance, lifestyle, and mental/physical health issues may provide a trafficker with the needed opportunity to victimize people from all walks of life.", "media": {"image": {"height": 640, "src": "https://scontent-lax3-2.xx.fbcdn.net/v/t1.0-9/44177265_2063176700400661_4558881676150702080_n.jpg?_nc_cat=106&ccb=1-3&_nc_sid=8024bb&_nc_ohc=Qcd_IirpMZwAX8lIAJR&_nc_ht=scontent-lax3-2.xx&oh=1bec37b67feb590c5525524757611f13&oe=606E04CE", "width": 640}}, "target": {"id": "2063176690400662", "url": "https://www.facebook.com/helperase/photos/a.1029649477086727/2063176690400662/?type=3"}, "type": "photo", "url": "https://www.facebook.com/helperase/photos/a.1029649477086727/2063176690400662/?type=3"}]}, "id": "1003344626383879_2063176780400653"}