{"created_time": "2018-10-04T14:04:03+0000", "message": "\u201cMy daughter was kidnapped in Atlanta at the age of 16,\u201d Pacley said. \u201cThat was over 11 years ago before this topic actually became a big deal. So, we went through a series of trauma.\u201d", "permalink_url": "https://www.facebook.com/1003344626383879/posts/2048002885251376/", "attachments": {"data": [{"description": "Home Local Riveting account of human trafficking at BCRI/FBI conference LocalLocal NewsMore NewsRiveting account of human trafficking at BCRI/FBI conference By Birmingham Times - September 20, 2018 572 0 SHARE Facebook Twitter From left: Dr. Melissa Peters, Carolyn Potter, Keba Green, AngelaMarie Pa...", "media": {"image": {"height": 720, "src": "https://external-lax3-1.xx.fbcdn.net/safe_image.php?d=AQFTSFEj3qGReHpZ&w=720&h=720&url=https%3A%2F%2Fwww.birminghamtimes.com%2Fwp-content%2Fuploads%2F2018%2F09%2FBCRIHumanTrafficking.jpg&cfs=1&sx=661&sy=0&sw=3024&sh=3024&_nc_cb=1&_nc_hash=AQHU7AQv0l6zuuM_", "width": 720}}, "target": {"url": "https://l.facebook.com/l.php?u=https%3A%2F%2Fbuff.ly%2F2y37hGk&h=AT3qWVU8nmn9YR9Xf7hJ3hTV7-qHUkDZCopz3DIdK97rK2dk5iSf8dL7wQA0yd0K6chQYaBkpOch4VQrk5N9gr9hJPPt6QKdFdzWVb0W7cfZSeOQPhMYa2WF11w8ARCT&s=1"}, "title": "Riveting account of human trafficking at BCRI/FBI conference | The Birmingham Times", "type": "share", "url": "https://l.facebook.com/l.php?u=https%3A%2F%2Fbuff.ly%2F2y37hGk&h=AT3qWVU8nmn9YR9Xf7hJ3hTV7-qHUkDZCopz3DIdK97rK2dk5iSf8dL7wQA0yd0K6chQYaBkpOch4VQrk5N9gr9hJPPt6QKdFdzWVb0W7cfZSeOQPhMYa2WF11w8ARCT&s=1"}]}, "id": "1003344626383879_2048002885251376"}