{"created_time": "2018-06-07T14:14:03+0000", "message": "\u201cNearly 160 children recovered during sex trafficking sting in the Atlanta Metro area.\u201d \nGreat job by the many agencies involved!\nThis type of operation demonstrates the importance of law enforcement officers being trained in HT investigations and the need for collaboration among all agencies.", "permalink_url": "https://www.facebook.com/1003344626383879/posts/1874572269261106/", "attachments": {"data": [{"description": "Operation Safe Summer was a collaborative effort between the FBI\u2019s Atlanta field office and 38 law enforcement agencies in six metro counties.", "media": {"image": {"height": 360, "src": "https://external-lax3-1.xx.fbcdn.net/safe_image.php?d=AQG4ZROjxWm7zBli&w=360&h=360&url=https%3A%2F%2Fwww.facebook.com%2Fads%2Fimage%2F%3Fd%3DAQISHnaSmD1ufg4QinjyVSQqkU8dpd3XrSoxeaBaFtSVYzp_nRvSN6xTDvl0-lpyotQQdO1hN1QdZxPLYQ1auIlfO4l_shQ1QDm2oHSfl25rAZnzSR8Dff5teqqP-UyewDpYnZ0iWsU3RLX4X-ocW97q&cfs=1&_nc_cb=1&_nc_hash=AQGGkWFbsPq9LHPd", "width": 360}}, "target": {"url": "https://l.facebook.com/l.php?u=https%3A%2F%2Fbuff.ly%2F2Jq0MC1&h=AT0iHtn3AVJP-HpptWfnY2ldCWqYNb3sQ8lJCucOGQhTEzBHuMGDarobG-jZBJ4vsyFo_1BVVoy4Bjkux4oMekr_kPELacT99AWNYtG4k3TQXc4GWwPnZ2PPW80OQNAv&s=1"}, "title": "Metro sex-trafficking sting rescues nearly 160 children, authorities say", "type": "share", "url": "https://l.facebook.com/l.php?u=https%3A%2F%2Fbuff.ly%2F2Jq0MC1&h=AT0iHtn3AVJP-HpptWfnY2ldCWqYNb3sQ8lJCucOGQhTEzBHuMGDarobG-jZBJ4vsyFo_1BVVoy4Bjkux4oMekr_kPELacT99AWNYtG4k3TQXc4GWwPnZ2PPW80OQNAv&s=1"}]}, "id": "1003344626383879_1874572269261106"}