{"created_time": "2018-06-06T12:25:50+0000", "permalink_url": "https://www.facebook.com/1003344626383879/posts/1873490426035957/", "attachments": {"data": [{"description": "- Former state Sen. Ralph Shortey, 36, is awaiting sentencing in Oklahoma City federal court for child sex trafficking. He faces at least 10 years in federal prison.", "media": {"image": {"height": 504, "src": "https://external-lax3-1.xx.fbcdn.net/safe_image.php?d=AQFjqvT6wquaxeBS&w=504&h=504&url=https%3A%2F%2Fcdn2.newsok.biz%2Fcache%2Fr960_blur-2c3d483bb7ee3cae9f7e13470327a225.jpg&cfs=1&sx=131&sy=0&sw=504&sh=504&_nc_cb=1&_nc_hash=AQH4jsaWY5Ht6pS4", "width": 504}}, "target": {"url": "https://l.facebook.com/l.php?u=https%3A%2F%2Fnewsok.com%2Farticle%2F5596647%2Fformer-oklahoma-senator-had-sex-with-victim-twice-in-year-before-police-found-them-at-hotel-prosecutors-reveal&h=AT2qpDLxt6ZfiJm2IJR-hmAkrtYpgx15sZMNpgPYGAV498RTXydEMw-CBKHdXPCCT99uDFIxaQx1otK6w2_wsWwAFbrN_EaVHCXIE_U7-CuysuujLqD0Qncauc0Itsf_&s=1"}, "title": "Former Oklahoma senator had sex with victim twice in year before police found them at hotel, prosecutors reveal", "type": "share", "url": "https://l.facebook.com/l.php?u=https%3A%2F%2Fnewsok.com%2Farticle%2F5596647%2Fformer-oklahoma-senator-had-sex-with-victim-twice-in-year-before-police-found-them-at-hotel-prosecutors-reveal&h=AT2qpDLxt6ZfiJm2IJR-hmAkrtYpgx15sZMNpgPYGAV498RTXydEMw-CBKHdXPCCT99uDFIxaQx1otK6w2_wsWwAFbrN_EaVHCXIE_U7-CuysuujLqD0Qncauc0Itsf_&s=1"}]}, "id": "1003344626383879_1873490426035957"}