{"created_time": "2018-05-08T14:14:02+0000", "message": "The girls\u2019 25-year-old mother pleaded guilty to charges in connection to the abuse of her two daughters, including two counts of trafficking a person for sexual servitude, two counts of first degree cruelty to children and two counts of enticing a child for indecent purposes.", "permalink_url": "https://www.facebook.com/1003344626383879/posts/1845096938875306/", "attachments": {"data": [{"description": "Three people have been convicted for the rape and sexual abuse of two Georgia girls, ages 5 and 6, who were intentionally taken by their mother to men\u2019s homes and were subjected to sexual assault for money.", "media": {"image": {"height": 641, "src": "https://external-lax3-1.xx.fbcdn.net/safe_image.php?d=AQFvuT9EVRkVQqox&w=641&h=641&url=http%3A%2F%2Fwww.newsobserver.com%2Flatest-news%2Fm959xx%2Fpicture210545674%2Falternates%2FLANDSCAPE_1140%2FPOLICE.jpg&cfs=1&_nc_cb=1&_nc_hash=AQEi7r51T5yVdryH", "width": 641}}, "target": {"url": "https://l.facebook.com/l.php?u=https%3A%2F%2Fbuff.ly%2F2FP0Us3&h=AT3b55PhR-zBDr-nBlv_f_EoH4BLXbms8BEBLf0Nk8JJgqX-MHGxSJkAje4xz9c1InFElpgC6ForPAnafId9afE7Y_GdR69MeeRLR8gfIxFy0HW4R83aZ93J4esd1MVV&s=1"}, "title": "Georgia mom pleads guilty to sex trafficking of her two young girls to drug dealer", "type": "share", "url": "https://l.facebook.com/l.php?u=https%3A%2F%2Fbuff.ly%2F2FP0Us3&h=AT3b55PhR-zBDr-nBlv_f_EoH4BLXbms8BEBLf0Nk8JJgqX-MHGxSJkAje4xz9c1InFElpgC6ForPAnafId9afE7Y_GdR69MeeRLR8gfIxFy0HW4R83aZ93J4esd1MVV&s=1"}]}, "id": "1003344626383879_1845096938875306"}