{"created_time": "2017-09-20T20:04:06+0000", "message": "Parent's please watch! Traffickers can be your next-door neighbor. Victims can be your child's friends. #Awareness", "message_tags": [{"id": "402127356550229", "name": "#awareness", "offset": 104, "length": 10}], "permalink_url": "https://www.facebook.com/1003344626383879/posts/1609517735766562/", "attachments": {"data": [{"description": "A Livonia modeling agency owner is accused of using his business to lure young girls for child pornography.", "media": {"image": {"height": 720, "src": "https://external-lax3-1.xx.fbcdn.net/safe_image.php?d=AQHaKVi9SA_MXejK&w=720&h=720&url=https%3A%2F%2Fbuffer-media-uploads.s3.amazonaws.com%2F59c2bbef2edc4e3158abcc84%2Fd522f31b6ce1d16d24e59aa71a62544fab4e0d01_8a220e5ee407c15b2a756f2acbe24ebc7c237c0d_facebook&cfs=1&sx=0&sy=0&sw=720&sh=720&_nc_cb=1&_nc_hash=AQFqOZuJUhU-yJ6k", "width": 720}}, "target": {"url": "http://l.facebook.com/l.php?u=http%3A%2F%2Fj.mp%2F2hh3UXC&h=AT1_qaZX0C693WCKUlv7PxtVZXnWMsaOxyNGrQ99jMFucLK70ZcBT6oubczS62MLFCgds3Q5jTH-YZOTROP5ERPr56iTUXQo3klElBgTV2l8VTdYBN4eaAPWUUHY8EI9&s=1"}, "title": "Livonia modeling agency owner charged with luring young girls for child porn", "type": "share", "url": "http://l.facebook.com/l.php?u=http%3A%2F%2Fj.mp%2F2hh3UXC&h=AT1_qaZX0C693WCKUlv7PxtVZXnWMsaOxyNGrQ99jMFucLK70ZcBT6oubczS62MLFCgds3Q5jTH-YZOTROP5ERPr56iTUXQo3klElBgTV2l8VTdYBN4eaAPWUUHY8EI9&s=1"}]}, "id": "1003344626383879_1609517735766562"}