{"created_time": "2019-08-30T14:06:13+0000", "message": "\u201cThe report of a case of sex trafficking came as a shock in this middle-class residential neighborhood of manicured lawns and stylish homes.\u201d- WHITESTOWN, Ind. (WTHR), RICH VAN WYK Full story on WTHR 13 News website. \n\nNews coverage of sex trafficking cases continue to increase, however the crime and victimization happen daily. Countless victims go unidentified and criminals undetected due to lack of awareness and training. With ERASE\u2019s Advanced Human Trafficking Investigations Law Enforcement Course, police officers can identifying victims of human trafficking and crimes committed against them more effectively. \n#endhumantrafficking #leo #makingadifference #training #stop #demand #sex #trafficking", "message_tags": [{"id": "593609360666840", "name": "#endhumantrafficking", "offset": 621, "length": 20}, {"id": "479647825436380", "name": "#Leo", "offset": 642, "length": 4}, {"id": "136254236549866", "name": "#makingadifference", "offset": 647, "length": 18}, {"id": "339250922843231", "name": "#training", "offset": 666, "length": 9}, {"id": "149318071897914", "name": "#stop", "offset": 676, "length": 5}, {"id": "435797849828298", "name": "#Demand", "offset": 682, "length": 7}, {"id": "254669938002503", "name": "#sex", "offset": 690, "length": 4}, {"id": "544444202257032", "name": "#trafficking", "offset": 695, "length": 12}], "permalink_url": "https://www.facebook.com/1003344626383879/posts/2578184555566537/", "attachments": {"data": [{"media": {"image": {"height": 720, "src": "https://scontent-lax3-1.xx.fbcdn.net/v/t15.5256-10/67618263_416948102274396_3914017144387403776_n.jpg?_nc_cat=110&ccb=1-3&_nc_sid=ad6a45&_nc_ohc=0Mnt5UsJ3qkAX8NJmMf&_nc_ht=scontent-lax3-1.xx&oh=c4748af7b82c6fc83980443cc71bd8c5&oe=606FA022", "width": 720}}, "target": {"id": "416947928941080", "url": "https://www.facebook.com/helperase/videos/416947928941080/"}, "type": "video_inline", "url": "https://www.facebook.com/helperase/videos/416947928941080/"}]}, "id": "1003344626383879_2578184555566537"}