{"created_time": "2018-07-29T17:40:03+0000", "message": "Thank you Theatrum Olga - Suomen Diakoniaopiston Lahden kampuksen opiskelijateatteri and Henna K. for creating and sharing this important information! Your video will help raise awareness about this horrible epidemic. #togetherwecanmakeadifferen\n#Repost @theatrumolga\n\u30fb\u30fb\u30fb\nIhmiskauppaa vastaan! July 30th is world day against trafficking in persons. Child trafficking is a global issue. Help us raise awareness! Share this video @sdo_kampukset @lahden_diakonialaitos @helperase #ihmiskauppa #helperase #childtrafficking #togetherwecanmakeadiene #givefreedom#speakforthevoiceless #worlddayagainsttraffickinginpersons", "message_tags": [{"id": "346797522084709", "name": "Theatrum Olga - Suomen Diakoniaopiston Lahden kampuksen opiskelijateatteri", "type": "page", "offset": 10, "length": 74}, {"id": "1051933534816715", "name": "#togetherwecanmakeadifferen", "offset": 218, "length": 27}, {"id": "141106619392182", "name": "#Repost", "offset": 246, "length": 7}, {"id": "151288821699149", "name": "#ihmiskauppa", "offset": 477, "length": 12}, {"id": "600288956648476", "name": "#helpERASE", "offset": 490, "length": 10}, {"id": "303379326455737", "name": "#childtrafficking", "offset": 501, "length": 17}, {"id": "2053204354750407", "name": "#togetherwecanmakeadiene", "offset": 519, "length": 24}, {"id": "136724616510939", "name": "#GiveFreedom", "offset": 544, "length": 12}, {"id": "738063672903810", "name": "#WorldDayAgainstTraffickinginPersons", "offset": 578, "length": 36}], "permalink_url": "https://www.facebook.com/helperase/videos/1954189154632750/", "attachments": {"data": [{"media": {"image": {"height": 640, "src": "https://scontent-lax3-2.xx.fbcdn.net/v/t15.5256-10/35998345_1954190001299332_3156628124486074368_n.jpg?_nc_cat=106&ccb=1-3&_nc_sid=ad6a45&_nc_ohc=seL2yV2BT6kAX-0Grht&_nc_ht=scontent-lax3-2.xx&oh=4b5ba7a698f5ec60362c0ca46f3ec05a&oe=6070937D", "width": 640}}, "target": {"id": "1954189154632750", "url": "https://www.facebook.com/helperase/videos/1954189154632750/"}, "title": "Theatrum Olga Raising Awareness about Human Trafficking.", "type": "video_inline", "url": "https://www.facebook.com/helperase/videos/1954189154632750/"}]}, "id": "1003344626383879_1954189154632750"}