{"created_time": "2018-04-27T04:15:02+0000", "message": "#amberalert\n#colorado\n#NorthDakota", "message_tags": [{"id": "554398124584147", "name": "#AmberAlert", "offset": 0, "length": 11}, {"id": "413423405415237", "name": "#colorado", "offset": 12, "length": 9}, {"id": "109709072531351", "name": "#northdakota", "offset": 22, "length": 12}], "permalink_url": "https://www.facebook.com/1003344626383879/posts/1833682173350116/", "attachments": {"data": [{"description": "The frantic search for a 12-year-old Colorado girl who is believed to have been abducted by her stepfather, a registered sex offender, is continuing.", "media": {"image": {"height": 720, "src": "https://scontent-lax3-1.xx.fbcdn.net/v/t45.1600-4/c273.0.720.720a/p720x720/31289907_6091545881710_7506236999448133632_n.jpg?_nc_cat=103&ccb=1-3&_nc_sid=eaa83b&_nc_ohc=ysM6cb47FN4AX8eLmKw&_nc_ht=scontent-lax3-1.xx&tp=27&oh=af316aad70dfd2aee6a0f20fec0f479b&oe=60701EBF", "width": 720}}, "target": {"url": "https://l.facebook.com/l.php?u=https%3A%2F%2Fcbsloc.al%2F2r2h9gZ%23.WuJdwzH10tA.facebook&h=AT34VR5_ERkVkuhdM7IkGwS1YMnV_yKxPqrk0WFKyXLPxDY4-m8Yj154Lt6mJiX2jCayYr0YkQwOcol2ZsotsJDiQK2v_BhNHWoIuG1auMcuLdIaItqHoNGHtd5GQ_HS&s=1"}, "title": "Amber Alert: Sex Offender May Be Driving Colorado Girl To North Dakota", "type": "share", "url": "https://l.facebook.com/l.php?u=https%3A%2F%2Fcbsloc.al%2F2r2h9gZ%23.WuJdwzH10tA.facebook&h=AT34VR5_ERkVkuhdM7IkGwS1YMnV_yKxPqrk0WFKyXLPxDY4-m8Yj154Lt6mJiX2jCayYr0YkQwOcol2ZsotsJDiQK2v_BhNHWoIuG1auMcuLdIaItqHoNGHtd5GQ_HS&s=1"}]}, "id": "1003344626383879_1833682173350116"}