{"created_time": "2017-07-26T00:13:39+0000", "message": "Why your voice is critical for World Day Against Trafficking in Persons on July 30. #GiveFreedom #HELPErase", "message_tags": [{"id": "136724616510939", "name": "#GiveFreedom", "offset": 84, "length": 12}, {"id": "600288956648476", "name": "#helpERASE", "offset": 97, "length": 10}], "permalink_url": "https://www.facebook.com/helperase/videos/1557760367608966/", "attachments": {"data": [{"media": {"image": {"height": 720, "src": "https://scontent-lax3-2.xx.fbcdn.net/v/t15.5256-10/p720x720/20425156_1557773487607654_3274099817948643328_n.jpg?_nc_cat=111&ccb=1-3&_nc_sid=ad6a45&_nc_ohc=yrEjQli3iMEAX-xvGHT&_nc_ht=scontent-lax3-2.xx&tp=6&oh=b32ec50e67919fae85667c812acbb8e0&oe=6072764C", "width": 720}}, "target": {"id": "1557760367608966", "url": "https://www.facebook.com/helperase/videos/1557760367608966/"}, "title": "Your Voice is Criticle", "type": "video_inline", "url": "https://www.facebook.com/helperase/videos/1557760367608966/"}]}, "id": "1003344626383879_1557760367608966"}