{"created_time": "2020-02-02T21:10:04+0000", "message": "\u201cthere's still a large population of people that don't understand what human trafficking really looks like.\u201d", "permalink_url": "https://www.facebook.com/1003344626383879/posts/2907255269326129/", "attachments": {"data": [{"description": "Some groups say that the super bowl\u2019s big crowds contributes heavily to an increase in sex trafficking. ABC 7 News spoke with the director of No Boundaries International, a faith-based organization that's driven to stop issues like human trafficking. ABC7\u2019s Maria Serrano reports on how h...", "media": {"image": {"height": 555, "src": "https://external-lax3-1.xx.fbcdn.net/safe_image.php?d=AQFGYXAj4zv9Ah6G&w=555&h=555&url=http%3A%2F%2Fstatic-23.sinclairstoryline.com%2Fresources%2Fmedia%2F639367c8-5089-4d24-9027-3992eea0ede0-large16x9_ScreenShot20200201at11.02.38PM.png%3F1580619786573&cfs=1&_nc_cb=1&_nc_hash=AQFFtWDENu-eXDsl", "width": 555}}, "target": {"url": "https://l.facebook.com/l.php?u=https%3A%2F%2Fbuff.ly%2F2vH8N3n&h=AT18Vmk6Xo4NXSq4Ml07-VJUiTfKI7mswB0d-uNKPWPzfpP7B9b23ceySPMxH7-5jlDIcUlOEJs8QnlRv_A2wwh02iiVPpX9cgwfyEa9ehVLhS3XY4TMv32H4xF_MOgd&s=1"}, "title": "Raising awareness on human trafficking", "type": "share", "url": "https://l.facebook.com/l.php?u=https%3A%2F%2Fbuff.ly%2F2vH8N3n&h=AT18Vmk6Xo4NXSq4Ml07-VJUiTfKI7mswB0d-uNKPWPzfpP7B9b23ceySPMxH7-5jlDIcUlOEJs8QnlRv_A2wwh02iiVPpX9cgwfyEa9ehVLhS3XY4TMv32H4xF_MOgd&s=1"}]}, "id": "1003344626383879_2907255269326129"}