{"created_time": "2019-01-28T15:04:01+0000", "message": "\u201cThis should paint a clear picture that Michigan won\u2019t harbor these criminals or anyone who lines their pockets by exploiting people and preying on our children.\u201d", "permalink_url": "https://www.facebook.com/1003344626383879/posts/2213824572002539/", "attachments": {"data": [{"description": "Michigan continues to crack down on human trafficking", "media": {"image": {"height": 630, "src": "https://external-lax3-1.xx.fbcdn.net/safe_image.php?d=AQEkGaTjnPtm2DZn&w=630&h=630&url=https%3A%2F%2Fewscripps.brightspotcdn.com%2Fdims4%2Fdefault%2Fac6b583%2F2147483647%2Fstrip%2Ftrue%2Fcrop%2F1500x788%2B0%2B250%2Fresize%2F1200x630%21%2Fquality%2F90%2F%3Furl%3Dhttps%253A%252F%252Fewscripps.brightspotcdn.com%252Fd1%252F23%252F9e8c21574776af9afe5394217bd0%252Fdana-nessel.jpg&cfs=1&sx=218&sy=0&sw=630&sh=630&_nc_cb=1&_nc_hash=AQEP7bzDw2_nNIsM", "width": 630}}, "target": {"url": "https://l.facebook.com/l.php?u=https%3A%2F%2Fbuff.ly%2F2sBsmVW&h=AT11eScke6cfdvcKthReZxb8ffqERgrngalz9VeszRVp-Nh_MkH65jxG8N4qaLhH3zI0eE_alx1pWIHqXXVfdf-y4IL6W0wi97wXJoESO0AhHw5TCaFQDpmT9_kYElPw&s=1"}, "title": "State won\u2019t harbor exploiters, traffickers of any kind", "type": "share", "url": "https://l.facebook.com/l.php?u=https%3A%2F%2Fbuff.ly%2F2sBsmVW&h=AT11eScke6cfdvcKthReZxb8ffqERgrngalz9VeszRVp-Nh_MkH65jxG8N4qaLhH3zI0eE_alx1pWIHqXXVfdf-y4IL6W0wi97wXJoESO0AhHw5TCaFQDpmT9_kYElPw&s=1"}]}, "id": "1003344626383879_2213824572002539"}