{"created_time": "2018-11-21T21:10:02+0000", "message": "\"The Dallas-Fort Worth area has approximately 6.8 million residents, so picture in your mind two-thirds of our entire region, and that's how many men, women, and children are in sex slavery in the world today.\"", "permalink_url": "https://www.facebook.com/1003344626383879/posts/2114195651965432/", "attachments": {"data": [{"description": "Slavery is here and now -- and your awareness of the signs of trafficking and what to do about them can and will contribute to an increase in the...", "media": {"image": {"height": 630, "src": "https://external-lax3-1.xx.fbcdn.net/safe_image.php?d=AQGHKpQ6dEkP78jn&w=630&h=630&url=https%3A%2F%2Fdallasnews.imgix.net%2F1524514726-trafficking.jpg_06-07-2014_Uid_State_1_1.jpg%3Fw%3D1200%26h%3D630%26format%3Djpg%26crop%3Dfaces%26fit%3Dcrop&cfs=1&sx=570&sy=0&sw=630&sh=630&_nc_cb=1&_nc_hash=AQGPu7sl1H2YKEUv", "width": 630}}, "target": {"url": "https://l.facebook.com/l.php?u=https%3A%2F%2Fbuff.ly%2F2PIM7cs&h=AT0BxHGCUNJdFgHG3_xpDhEzQ5AXu4zY0bV1RQzQQsxCHeawjxopSyKn80-LQgDQkLG1AV0-7v6vMmyDGW9pdkXEzcICH50mr4qw5CvLXjAlc6ehMb8YyUAoPvy-tW1h&s=1"}, "title": "Sex trafficking is a human crisis, and we must recognize and confront it", "type": "share", "url": "https://l.facebook.com/l.php?u=https%3A%2F%2Fbuff.ly%2F2PIM7cs&h=AT0BxHGCUNJdFgHG3_xpDhEzQ5AXu4zY0bV1RQzQQsxCHeawjxopSyKn80-LQgDQkLG1AV0-7v6vMmyDGW9pdkXEzcICH50mr4qw5CvLXjAlc6ehMb8YyUAoPvy-tW1h&s=1"}]}, "id": "1003344626383879_2114195651965432"}