{"created_time": "2019-07-18T01:27:55+0000", "message": "Found Safe! Thank you to EVERYONE that shared, liked, commented and supported getting the message out! #prayforemma #prayforanna #socialmedia #ForGood", "message_tags": [{"id": "477906902275941", "name": "#prayforemma", "offset": 103, "length": 12}, {"id": "362144427223970", "name": "#prayforanna", "offset": 116, "length": 12}, {"id": "431430386941743", "name": "#socialmedia", "offset": 129, "length": 12}, {"id": "124519191063475", "name": "#forgood", "offset": 142, "length": 8}], "permalink_url": "https://www.facebook.com/helperase/photos/a.1029649477086727/2500195103365483/?type=3", "attachments": {"data": [{"description": "Found Safe! Thank you to EVERYONE that shared, liked, commented and supported getting the message out! #prayforemma #prayforanna #socialmedia #ForGood", "media": {"image": {"height": 720, "src": "https://scontent-lax3-2.xx.fbcdn.net/v/t1.0-9/p720x720/67359251_2500195110032149_7272314951451017216_o.jpg?_nc_cat=107&ccb=1-3&_nc_sid=2d5d41&_nc_ohc=SvrWxRTTZZsAX8gDZnM&_nc_ht=scontent-lax3-2.xx&tp=6&oh=5fe65d2bf452c22c62599d1dbdf7f450&oe=606DD1C3", "width": 720}}, "target": {"id": "2500195103365483", "url": "https://www.facebook.com/helperase/photos/a.1029649477086727/2500195103365483/?type=3"}, "title": "Timeline Photos", "type": "photo", "url": "https://www.facebook.com/helperase/photos/a.1029649477086727/2500195103365483/?type=3"}]}, "id": "1003344626383879_2500195103365483"}