{"created_time": "2019-06-05T20:10:04+0000", "message": "\u201cI never heard much about human trafficking prior to being first lady,\u201d Edwards said. \u201cIt\u2019s one of those issues where you think, \u2018Oh, that doesn\u2019t happen in my community.\u2019 But it does. In fact, Louisiana has one of the highest trafficked areas.\u201d", "permalink_url": "https://www.facebook.com/1003344626383879/posts/2423416467710014/", "attachments": {"data": [{"description": "Louisiana first lady Donna Edwards met with local officials today at the Terrebonne Children\u2019s Advocacy Center\u00a0to discuss ways to\u00a0combat", "media": {"image": {"height": 720, "src": "https://external-lax3-1.xx.fbcdn.net/safe_image.php?d=AQF1l8STsuYsfMSr&w=720&h=720&url=https%3A%2F%2Fwww.dailycomet.com%2Fstoryimage%2FDA%2F20190604%2FNEWS%2F190609346%2FAR%2F0%2FAR-190609346.jpg&cfs=1&sx=2&sy=0&sw=2176&sh=2176&_nc_cb=1&_nc_hash=AQEstQk6qjSfoVzi", "width": 720}}, "target": {"url": "https://l.facebook.com/l.php?u=https%3A%2F%2Fbuff.ly%2F2IjmOXH&h=AT3K_LonTK99koRwL0VdvATy59VLDq5QPFlBYFtE_D-jpXv8UsA2U1upAmQe7hepvKXP1x9lcwTbLcDGlIL_5VKQgjeMKBtzCTEqZyLYnm__1l2fJ1L9RfP5stP73nmn&s=1"}, "title": "Louisiana's first lady visits Houma to dicuss human trafficking", "type": "share", "url": "https://l.facebook.com/l.php?u=https%3A%2F%2Fbuff.ly%2F2IjmOXH&h=AT3K_LonTK99koRwL0VdvATy59VLDq5QPFlBYFtE_D-jpXv8UsA2U1upAmQe7hepvKXP1x9lcwTbLcDGlIL_5VKQgjeMKBtzCTEqZyLYnm__1l2fJ1L9RfP5stP73nmn&s=1"}]}, "id": "1003344626383879_2423416467710014"}