{"created_time": "2020-02-17T21:10:04+0000", "message": "Victim advocacy officials said some parents are exploiting their own children and it\u2019s often linked to drug activity.", "permalink_url": "https://www.facebook.com/1003344626383879/posts/2939026329482356/", "attachments": {"data": [{"description": "BLAIR COUNTY, Pa. (WJAC) \u2013 There are an estimated 100,000 to 150,000 child sex workers in the U. S. The common perception of human trafficking often involves a kidnapping; someone is taken from their home, tossed into a vehicle and forced into prostitution. Though they don't yet know the exact...", "media": {"image": {"height": 555, "src": "https://external-lax3-1.xx.fbcdn.net/safe_image.php?d=AQF4VXBEOBPsFUEd&w=555&h=555&url=http%3A%2F%2Fstatic-10.sinclairstoryline.com%2Fresources%2Fmedia%2Fca88999c-a265-4e3f-a093-05e4ec172bda-large16x9_humantrafficking.PNG%3F1580415633149&cfs=1&_nc_cb=1&_nc_hash=AQEqCYPIFzmeFupY", "width": 555}}, "target": {"url": "https://l.facebook.com/l.php?u=https%3A%2F%2Fbuff.ly%2F32909qz&h=AT1_zZ2Z0JE1Uv0zyORfuAAcZUmsquVq9kt3HgvpcHlhKW7wlg61Q4R0OElMA00QH3U3YQ3LrI3u3v4EC7CC4jEvSbQ07lvAO6D_qNuLB1yz8RsiAjI6YNV3VVarI7xN&s=1"}, "title": "Officials: Parents selling own children into human trafficking", "type": "share", "url": "https://l.facebook.com/l.php?u=https%3A%2F%2Fbuff.ly%2F32909qz&h=AT1_zZ2Z0JE1Uv0zyORfuAAcZUmsquVq9kt3HgvpcHlhKW7wlg61Q4R0OElMA00QH3U3YQ3LrI3u3v4EC7CC4jEvSbQ07lvAO6D_qNuLB1yz8RsiAjI6YNV3VVarI7xN&s=1"}]}, "id": "1003344626383879_2939026329482356"}