{"created_time": "2018-11-19T06:32:58+0000", "permalink_url": "https://www.facebook.com/1003344626383879/posts/2110787318972932/", "attachments": {"data": [{"description": "Missing From: CONCORD, NC. Missing Date: Oct 28, 2018 12:00:00 AM. Sophie was last seen on October 28, 2018. She is biracial. Sophie is Black and White.", "media": {"image": {"height": 627, "src": "https://external-lax3-1.xx.fbcdn.net/safe_image.php?d=AQHnrVVXeV6f-Gws&w=627&h=627&url=https%3A%2F%2Fapi.missingkids.org%2Fmissingkids%2Fservlet%2FDynamicImageLoadServlet%3Faction%3DimageForFacebook%26imageName%3DNCMC1342779c1.jpg&cfs=1&sx=295&sy=0&sw=627&sh=627&_nc_cb=1&_nc_hash=AQHn-39MBWvAfP_n", "width": 627}}, "target": {"url": "http://l.facebook.com/l.php?u=http%3A%2F%2Fwww.missingkids.org%2Fposter%2FNCMC%2F1342779%2F1%23.W_IEqkmATfY.twitter&h=AT2G-zvGHiLbJuiw0qxzpJ3_xdp3n2Y6wmmWMjj_zgl78uZIwIgIJxGSni-MfyLcFIQHpJMU3w-gF1FAN1Ycc5SCYeZNryQ9H8Aerd577-4_UcSldf5Ne3nhRK3dXh0p&s=1"}, "title": "Have you seen this child? SOPHIE HILLIE", "type": "share", "url": "http://l.facebook.com/l.php?u=http%3A%2F%2Fwww.missingkids.org%2Fposter%2FNCMC%2F1342779%2F1%23.W_IEqkmATfY.twitter&h=AT2G-zvGHiLbJuiw0qxzpJ3_xdp3n2Y6wmmWMjj_zgl78uZIwIgIJxGSni-MfyLcFIQHpJMU3w-gF1FAN1Ycc5SCYeZNryQ9H8Aerd577-4_UcSldf5Ne3nhRK3dXh0p&s=1"}]}, "id": "1003344626383879_2110787318972932"}