{"created_time": "2018-10-21T14:04:03+0000", "message": "\u201cThe trauma that has been inflicted on someone [who has been trafficked]is \u2026 somewhat akin to someone who has experienced combat\u2014it\u2019s extremely significant trauma to the brain.\u201d", "permalink_url": "https://www.facebook.com/1003344626383879/posts/2070265223025142/", "attachments": {"data": [{"description": "Oct 17, 2018: In February, mother Sarah Peters traveled from Houston to Conroe with the intention of prostituting her 2-year-old daughter. Upon arrival, Peters was", "media": {"image": {"height": 561, "src": "https://external-lax3-1.xx.fbcdn.net/safe_image.php?d=AQGlnems9dyX5Y7L&w=561&h=561&url=https%3A%2F%2Fc4c5h4b3jv11qq3kf399hf3c-wpengine.netdna-ssl.com%2Fwp-content%2Fuploads%2F2018%2F10%2FCOM-10-25-1.jpg&cfs=1&_nc_cb=1&_nc_hash=AQEoaZJUU1jAnyBt", "width": 561}}, "target": {"url": "https://l.facebook.com/l.php?u=https%3A%2F%2Fbuff.ly%2F2PSDbgg&h=AT1ck9nnjMdSHDHhXbVOjZWGn5HKrUFta3W8l9PxMyEQ_rz6--bNv8MKXC9eVfWdUhlSg7cqyhNQPv72t1fWYZ30wIpwzcMrXDvvky8AAJnFszVfCfZ-V784-UQTxfEQ&s=1"}, "title": "Montgomery County agencies, nonprofit groups target rising sex trafficking challenges | Community Impact Newspaper", "type": "share", "url": "https://l.facebook.com/l.php?u=https%3A%2F%2Fbuff.ly%2F2PSDbgg&h=AT1ck9nnjMdSHDHhXbVOjZWGn5HKrUFta3W8l9PxMyEQ_rz6--bNv8MKXC9eVfWdUhlSg7cqyhNQPv72t1fWYZ30wIpwzcMrXDvvky8AAJnFszVfCfZ-V784-UQTxfEQ&s=1"}]}, "id": "1003344626383879_2070265223025142"}