{"created_time": "2019-07-23T20:10:05+0000", "message": "\"Trafficking happens in our backyard and under our noses, and it's a responsibility of all of us to look out for it and do what we can not to enable it,\"", "permalink_url": "https://www.facebook.com/1003344626383879/posts/2510766685641658/", "attachments": {"data": [{"description": "Billings has a parlor problem.", "media": {"image": {"height": 720, "src": "https://external-lax3-1.xx.fbcdn.net/safe_image.php?d=AQG7WDHCAZeJEuTx&w=720&h=720&url=https%3A%2F%2Fwww.gannett-cdn.com%2Fpresto%2F2019%2F07%2F20%2FPGRF%2F8af1b346-8d19-45ed-8611-f3d6b6599b84-AP19199735997581.jpg%3Fcrop%3D1999%2C1125%2Cx0%2Cy0%26width%3D3200%26height%3D1680%26fit%3Dbounds&cfs=1&_nc_cb=1&_nc_hash=AQGeHSm9mwNJQpt4", "width": 720}}, "target": {"url": "https://l.facebook.com/l.php?u=https%3A%2F%2Fbuff.ly%2F2YiEeh4&h=AT2NL8RYcAX3k0r4A4Ef9j7LMsqjYdtxLZ9H-pDK34eNmg9K7eicgDidnp3UMAWjVjsLXaRuFFodI7njYQJ6FmXe6JLvR_LRsbP4VdxSPuYnaP2jdBRj7rnAovQfPQoW&s=1"}, "title": "Advocates want landlords' help in sex trafficking battle in Billings", "type": "share", "url": "https://l.facebook.com/l.php?u=https%3A%2F%2Fbuff.ly%2F2YiEeh4&h=AT2NL8RYcAX3k0r4A4Ef9j7LMsqjYdtxLZ9H-pDK34eNmg9K7eicgDidnp3UMAWjVjsLXaRuFFodI7njYQJ6FmXe6JLvR_LRsbP4VdxSPuYnaP2jdBRj7rnAovQfPQoW&s=1"}]}, "id": "1003344626383879_2510766685641658"}