{"created_time": "2018-07-25T14:04:01+0000", "message": "'A multi-agency sting operation aimed at detecting human trafficking led to the arrest of six people on prostitution charges\"", "permalink_url": "https://www.facebook.com/1003344626383879/posts/1947116265340039/", "attachments": {"data": [{"description": "A multi-agency sting operation aimed at detecting human trafficking led to the arrest of six people on prostitution charges.", "media": {"image": {"height": 720, "src": "https://external-lax3-1.xx.fbcdn.net/safe_image.php?d=AQGadZ7svnChY6j8&w=720&h=720&url=https%3A%2F%2Fmedia.wate.com%2Fnxs-watetv-media-us-east-1%2Fphoto%2F2017%2F02%2F09%2Fpolice-lights_25051230_ver1.0_1280_720.jpg&cfs=1&_nc_cb=1&_nc_hash=AQFbmMD3QnIFQGrx", "width": 720}}, "target": {"url": "https://l.facebook.com/l.php?u=https%3A%2F%2Fbuff.ly%2F2Aauc72&h=AT1u29XkLVOL0QWWpwJWf0e6mXbTNBjZpKOavzc7IR1WU2-c2FcrGfGvIjBPbbghSG1-QKGrgKxERWE6fKXkQNaRTpEi5Hogg2mAsmUbobxxavbsR6W3Ftd6dtHEBw-u&s=1"}, "title": "Human trafficking sting nets 6 arrests in Knoxville, Lenoir City", "type": "share", "url": "https://l.facebook.com/l.php?u=https%3A%2F%2Fbuff.ly%2F2Aauc72&h=AT1u29XkLVOL0QWWpwJWf0e6mXbTNBjZpKOavzc7IR1WU2-c2FcrGfGvIjBPbbghSG1-QKGrgKxERWE6fKXkQNaRTpEi5Hogg2mAsmUbobxxavbsR6W3Ftd6dtHEBw-u&s=1"}]}, "id": "1003344626383879_1947116265340039"}