{"created_time": "2019-03-27T23:51:23+0000", "message": "Two teenage girls were held captive in a sex trafficking ring that lawyers contend was operated out of three Philadelphia hotels \u2014 the Roosevelt Inn, Days Inn and North American Motor Inns.", "permalink_url": "https://www.facebook.com/1003344626383879/posts/2300907116627617/", "attachments": {"data": [{"description": "The hotels named in the lawsuit are Roosevelt Inn, Days Inn and North American Motor Inns.", "media": {"image": {"height": 720, "src": "https://external-lax3-1.xx.fbcdn.net/safe_image.php?d=AQE2Fui4K8Etvw0Y&w=720&h=720&url=http%3A%2F%2Fcbsphilly.files.wordpress.com%2F2017%2F03%2Froosevelt-inn.jpg%3Fw%3D1500&cfs=1&_nc_cb=1&_nc_hash=AQFaqzBKx9rDyPXK", "width": 720}}, "target": {"url": "https://l.facebook.com/l.php?u=https%3A%2F%2Fbuff.ly%2F2TYOWIl&h=AT26ahnsxZzkPWSZBLwX7BK9N2PquQKyHpQOxE0F-gyeef0GX-thiRK3dDw20I3dRWdOS28uDzjS1vIYPhud8gwmh_eOj779z8KfCWkfiyQ0Mxgi5VcuWIy9zgP76pi0&s=1"}, "title": "\u2018Modern-Day Slavery\u2019: 3 Philadelphia Hotels Sued For Allegedly Turning Blind Eye To Teen Sex Trafficking Ring", "type": "share", "url": "https://l.facebook.com/l.php?u=https%3A%2F%2Fbuff.ly%2F2TYOWIl&h=AT26ahnsxZzkPWSZBLwX7BK9N2PquQKyHpQOxE0F-gyeef0GX-thiRK3dDw20I3dRWdOS28uDzjS1vIYPhud8gwmh_eOj779z8KfCWkfiyQ0Mxgi5VcuWIy9zgP76pi0&s=1"}]}, "id": "1003344626383879_2300907116627617"}