{"created_time": "2020-12-09T01:01:48+0000", "message": "Mental health and healing process for those that have been victimized by human trafficking", "permalink_url": "https://www.facebook.com/helperase/videos/398253454563444/", "attachments": {"data": [{"media": {"image": {"height": 720, "src": "https://scontent-lax3-1.xx.fbcdn.net/v/t15.5256-10/s720x720/129652560_399956317726491_8582921736215734645_n.jpg?_nc_cat=101&ccb=1-3&_nc_sid=ad6a45&_nc_ohc=1cVZwPN8bnMAX_Re7Rk&_nc_ht=scontent-lax3-1.xx&tp=7&oh=27201cb4ecddd0f673fc8ed67b409a0d&oe=607157E4", "width": 405}}, "target": {"id": "398253454563444", "url": "https://www.facebook.com/helperase/videos/398253454563444/"}, "type": "video_inline", "url": "https://www.facebook.com/helperase/videos/398253454563444/"}]}, "id": "1003344626383879_398253454563444"}