{"created_time": "2019-08-11T14:04:02+0000", "message": "\"The Horry County Sheriff\u2019s Office hosted a workshop with the ultimate goal to educate the community on how the to help victims.\"", "permalink_url": "https://www.facebook.com/1003344626383879/posts/2544187242299602/", "attachments": {"data": [{"description": "Horry County deputies and others in the community are learning how to eliminate human trafficking in our own backyard.", "media": {"image": {"height": 675, "src": "https://external-lax3-1.xx.fbcdn.net/safe_image.php?d=AQFhkjJejrGEfPQA&w=675&h=675&url=https%3A%2F%2Fwww.wmbfnews.com%2Fresizer%2FYVIyi1Vb9cTKg_r7h45u2ocNE90%3D%2F1200x0%2Farc-anglerfish-arc2-prod-raycom.s3.amazonaws.com%2Fpublic%2FUWYDP3DCZBDS3GPPI7I24QBATY.jpg&cfs=1&_nc_cb=1&_nc_hash=AQHW5lH7COTX1S0T", "width": 675}}, "target": {"url": "https://l.facebook.com/l.php?u=https%3A%2F%2Fbuff.ly%2F2yLYdXb&h=AT1XUdzTZOjyFOqkvWeOFrFraGgtasOEKfGLGe8R0yau0eMgqtbye0Q0QWXrU4hKrA2MzOmGNgAElFE_XWmE_e6DCD0TfTfeCjxgV1jC_8bJeb7Ae6t2wKYOyxz8EPa0&s=1"}, "title": "Horry County Sheriff\u2019s Office hosts workshop on combating human sex trafficking", "type": "share", "url": "https://l.facebook.com/l.php?u=https%3A%2F%2Fbuff.ly%2F2yLYdXb&h=AT1XUdzTZOjyFOqkvWeOFrFraGgtasOEKfGLGe8R0yau0eMgqtbye0Q0QWXrU4hKrA2MzOmGNgAElFE_XWmE_e6DCD0TfTfeCjxgV1jC_8bJeb7Ae6t2wKYOyxz8EPa0&s=1"}]}, "id": "1003344626383879_2544187242299602"}