{"created_time": "2019-08-03T18:58:20+0000", "message": "\u201cAddiction has become another weapon for traffickers,\u201d Senator Brown said in a recent conference call with reporters.", "permalink_url": "https://www.facebook.com/1003344626383879/posts/2530535253664801/", "attachments": {"data": [{"description": "Human traffickers refer to drugs as \u201cthe leash.\u201d Once their victims are addicted, they\u2019re much easier to control and to exploit for the trafficker\u2019s ...", "media": {"image": {"height": 449, "src": "https://external-lax3-1.xx.fbcdn.net/safe_image.php?d=AQGXDizFOecXv6TW&w=449&h=449&url=http%3A%2F%2Fwww.toledoblade.com%2Fimage%2F2019%2F08%2F01%2F600x_q90_a4-3_cTCjpg%2FUS-Senate-Fundraising-Portman-1.jpg&cfs=1&sx=151&sy=0&sw=449&sh=449&_nc_cb=1&_nc_hash=AQG7hUNRS6jcw5kC", "width": 449}}, "target": {"url": "https://l.facebook.com/l.php?u=https%3A%2F%2Fbuff.ly%2F2Kjwliw&h=AT0WAt8hO5DvQRpsa8DoZGvrW_9XsVl0crvK9dIM99roT_UGIqVyfzQZbSVtC3NMWPNDI8grPGW1V6l9WjMstCidcquQSFYbvGllzQDs5ClfzbZLl0lvUUTQ6xDuVBK_&s=1"}, "title": "Breaking the traffickers' grip", "type": "share", "url": "https://l.facebook.com/l.php?u=https%3A%2F%2Fbuff.ly%2F2Kjwliw&h=AT0WAt8hO5DvQRpsa8DoZGvrW_9XsVl0crvK9dIM99roT_UGIqVyfzQZbSVtC3NMWPNDI8grPGW1V6l9WjMstCidcquQSFYbvGllzQDs5ClfzbZLl0lvUUTQ6xDuVBK_&s=1"}]}, "id": "1003344626383879_2530535253664801"}