{"created_time": "2019-04-08T20:10:04+0000", "message": "\u201cThis is happening in our community. It\u2019s happening to our young women and young men. Human trafficking is growing, it is a billion-dollar industry, and it will continue to be an issue unless we address it\u201d", "permalink_url": "https://www.facebook.com/1003344626383879/posts/2318596068192055/", "attachments": {"data": [{"description": "GREENSBORO, N.C. -- We're hearing about human trafficking more frequently in the state and in the Piedmont Triad. It's a crime law enforcement are starting to learn more techniques about how to fight and using new methods to do it. Human trafficking is when someone is forced into labor or forced to....", "media": {"image": {"height": 675, "src": "https://external-lax3-1.xx.fbcdn.net/safe_image.php?d=AQFYG8h1-dST-vBw&w=675&h=675&url=http%3A%2F%2Flocaltvwghp.files.wordpress.com%2F2019%2F04%2Fpromo379004394.jpg%3Fquality%3D85%26strip%3Dall%26w%3D1200&cfs=1&sx=178&sy=0&sw=675&sh=675&_nc_cb=1&_nc_hash=AQEgWEPNOv-DY4XL", "width": 675}}, "target": {"url": "https://l.facebook.com/l.php?u=https%3A%2F%2Fbuff.ly%2F2U3yBgP&h=AT0HWHJXbmEG8-gFNdd6XwBVgk-Vn6a4sMTrR9Sh1T9QWIXNXw6cLPdNRNFbvJE3qMGyVxklAp6qsMgC7oF8VZdDjlh92UiEFP6w1Vxi7zv6RCySuYUeQN9XFqqYNnOQ&s=1"}, "title": "Local group addresses human trafficking in the Piedmont Triad", "type": "share", "url": "https://l.facebook.com/l.php?u=https%3A%2F%2Fbuff.ly%2F2U3yBgP&h=AT0HWHJXbmEG8-gFNdd6XwBVgk-Vn6a4sMTrR9Sh1T9QWIXNXw6cLPdNRNFbvJE3qMGyVxklAp6qsMgC7oF8VZdDjlh92UiEFP6w1Vxi7zv6RCySuYUeQN9XFqqYNnOQ&s=1"}]}, "id": "1003344626383879_2318596068192055"}