{"created_time": "2018-10-21T20:10:01+0000", "message": "\u201cThis is a silent walk, we\u2019re walking for those without a voice.\u201d", "permalink_url": "https://www.facebook.com/1003344626383879/posts/2070622052989459/", "attachments": {"data": [{"description": "A single file line of people dressed in black silently made its way from the State Capitol grounds north along Carson Street Saturday morning to raise awareness of human trafficking in Nevada, nationwide and around the world.", "media": {"image": {"height": 700, "src": "https://external-lax3-1.xx.fbcdn.net/safe_image.php?w=700&h=700&url=http%3A%2F%2Fcarsonnow.org%2Fsites%2Fwww.carsonnow.org%2Ffiles%2F100773-img_5415.jpg&cfs=1&sx=247&sy=0&sw=700&sh=700&_nc_cb=1&_nc_hash=AQFfLYfuaFKiQr9g", "width": 700}}, "target": {"url": "https://l.facebook.com/l.php?u=https%3A%2F%2Fbuff.ly%2F2yQdO7G&h=AT2J5Cv4HvFT56_iHHKIvBzCW5xAEwF3MNFL9pYN2n_7LRMyuYZg4RcZBLtfYFjwb71-FsKVC0CG3ORrFIN1YNcYjkagApoxtVIjkhMQJvc5_dpV_lz392w6bt2lQdW5&s=1"}, "title": "Walk For Freedom through downtown Carson City makes statement against human trafficking", "type": "share", "url": "https://l.facebook.com/l.php?u=https%3A%2F%2Fbuff.ly%2F2yQdO7G&h=AT2J5Cv4HvFT56_iHHKIvBzCW5xAEwF3MNFL9pYN2n_7LRMyuYZg4RcZBLtfYFjwb71-FsKVC0CG3ORrFIN1YNcYjkagApoxtVIjkhMQJvc5_dpV_lz392w6bt2lQdW5&s=1"}]}, "id": "1003344626383879_2070622052989459"}