{"created_time": "2018-06-20T20:04:00+0000", "message": "\"Just 3 percent of the survivors of sex trafficking were born outside the country. More than half come from upper- and middle-class homes. More than half of the transactions for commercial sex acts occur online. The face of sex trafficking is changing, and it\u2019s changing rapidly. The pace of change and the way it\u2019s changing is putting our families at risk.\u201d", "permalink_url": "https://www.facebook.com/1003344626383879/posts/1892000534184946/", "attachments": {"data": [{"description": "Editor\u2019s Note: This is the third in a four-part series on human trafficking. During a recent symposium on human trafficking, Alf Halvorson, pastor at Houston\u2019s Memorial Drive Presbyterian \u2026", "media": {"image": {"height": 720, "src": "https://external-lax3-1.xx.fbcdn.net/safe_image.php?d=AQE9Q2tWpAol3t1J&w=720&h=720&url=http%3A%2F%2Fcdn2.creativecirclemedia.com%2Fsealy%2Foriginal%2F20180618-134350-Rachel%2520Thomas%2520head%2520shot.png.jpg&cfs=1&sx=0&sy=17&sw=1283&sh=1283&_nc_cb=1&_nc_hash=AQGBpR5drTvxStdp", "width": 720}}, "target": {"url": "https://l.facebook.com/l.php?u=https%3A%2F%2Fbuff.ly%2F2lkGdfI&h=AT2fqdcFNBpGQOsA749abOsXTHIQKOpZxEQjLmXRYNf2lTyh4rA3e_CVQRHdOs0iNK25_yXOQHcuAHto4hcAe5zSrfxGHCdPbHpQMjfiQ_p3L77WbA3EKIgRCFUR-wTy&s=1"}, "title": "The faces of trafficking", "type": "share", "url": "https://l.facebook.com/l.php?u=https%3A%2F%2Fbuff.ly%2F2lkGdfI&h=AT2fqdcFNBpGQOsA749abOsXTHIQKOpZxEQjLmXRYNf2lTyh4rA3e_CVQRHdOs0iNK25_yXOQHcuAHto4hcAe5zSrfxGHCdPbHpQMjfiQ_p3L77WbA3EKIgRCFUR-wTy&s=1"}]}, "id": "1003344626383879_1892000534184946"}