{"created_time": "2019-11-05T15:53:00+0000", "message": "Great work by all involved! This is a perfect example of why we have a Law Enforcement Program. ERASE provides direct services to individuals victimized by human traffickers and we know that Law Enforcement is key to getting traffickers behind bars. Law enforcement led instruction is essential in delivering the training needed by other law enforcement new to investigating human trafficking crimes. The training we have provided over the last several years was developed by instructors who have in-depth experience in working with human trafficking investigations. Additional speakers in the class have been subject matter experts on using a victim-centered/trauma-informed approach and the importance of community and family involvement. The classes we presented have made a positive impact in the neighborhoods of the attending agencies and have changed the lives of many who have been victimized by traffickers. To learn more please visit https://www.erasechildtrafficking.org/human-trafficking-training  \n #LEOs #InlandEmpire #MakingADifference #LawEnforcementTraining #HumanTrafficking #PoliceInvestigations", "message_tags": [{"id": "483565565025604", "name": "#leos", "offset": 1012, "length": 5}, {"id": "142279659274078", "name": "#inlandempire", "offset": 1018, "length": 13}, {"id": "136254236549866", "name": "#makingadifference", "offset": 1032, "length": 18}, {"id": "564006293639446", "name": "#lawenforcementtraining", "offset": 1051, "length": 23}, {"id": "146391798860479", "name": "#humantrafficking", "offset": 1075, "length": 17}, {"id": "489805764428354", "name": "#policeinvestigations", "offset": 1093, "length": 21}], "permalink_url": "https://www.facebook.com/helperase/photos/a.1029649477086727/2712384455479879/?type=3", "attachments": {"data": [{"description": "Great work by all involved! This is a perfect example of why we have a Law Enforcement Program. ERASE provides direct services to individuals victimized by human traffickers and we know that Law Enforcement is key to getting traffickers behind bars. Law enforcement led instruction is essential in delivering the training needed by other law enforcement new to investigating human trafficking crimes. The training we have provided over the last several years was developed by instructors who have in-depth experience in working with human trafficking investigations. Additional speakers in the class have been subject matter experts on using a victim-centered/trauma-informed approach and the importance of community and family involvement. The classes we presented have made a positive impact in the neighborhoods of the attending agencies and have changed the lives of many who have been victimized by traffickers. To learn more please visit https://www.erasechildtrafficking.org/human-trafficking-training  \n #LEOs #InlandEmpire #MakingADifference #LawEnforcementTraining #HumanTrafficking #PoliceInvestigations", "media": {"image": {"height": 720, "src": "https://scontent-lax3-2.xx.fbcdn.net/v/t1.0-9/p720x720/73395391_2712384458813212_2386310475634704384_o.jpg?_nc_cat=107&ccb=1-3&_nc_sid=2d5d41&_nc_ohc=MtZwC7anz9gAX-eV583&_nc_oc=AQlUR0pWCk2xZ4UxWAj1wClm804J0Znwq8dEy5OYfFRBlLN3SAxbVgNla1YmHEKMg-s&_nc_ht=scontent-lax3-2.xx&tp=6&oh=ce066868434dd21a8e0fa54759fef9b3&oe=60715A56", "width": 720}}, "target": {"id": "2712384455479879", "url": "https://www.facebook.com/helperase/photos/a.1029649477086727/2712384455479879/?type=3"}, "title": "Timeline Photos", "type": "photo", "url": "https://www.facebook.com/helperase/photos/a.1029649477086727/2712384455479879/?type=3"}]}, "id": "1003344626383879_2712384455479879"}