{"created_time": "2019-09-09T20:10:00+0000", "message": "Human trafficking is slavery \u2014 and it\u2019s happening right here in Pa.\n\"A 19-year-old former cheerleader, who was studying at Indiana University of Pennsylvania, was last seen two years ago leaving a hotel in New York City.\" https://buff.ly/2ZOTiEG", "message_tags": [], "permalink_url": "https://www.facebook.com/helperase/photos/a.1029649477086727/2597064440345215/?type=3", "attachments": {"data": [{"description": "Human trafficking is slavery \u2014 and it\u2019s happening right here in Pa.\n\"A 19-year-old former cheerleader, who was studying at Indiana University of Pennsylvania, was last seen two years ago leaving a hotel in New York City.\" https://buff.ly/2ZOTiEG", "media": {"image": {"height": 431, "src": "https://scontent-lax3-2.xx.fbcdn.net/v/t1.0-9/69826297_2597064447011881_2657031051804672000_n.jpg?_nc_cat=106&ccb=1-3&_nc_sid=da1649&_nc_ohc=KamDdDSIVpcAX9fX9xB&_nc_ht=scontent-lax3-2.xx&oh=bb8d77546357da082f41a10d0da208fb&oe=606FF424", "width": 551}}, "target": {"id": "2597064440345215", "url": "https://www.facebook.com/helperase/photos/a.1029649477086727/2597064440345215/?type=3"}, "title": "Timeline Photos", "type": "photo", "url": "https://www.facebook.com/helperase/photos/a.1029649477086727/2597064440345215/?type=3"}]}, "id": "1003344626383879_2597064440345215"}