{"created_time": "2018-11-03T14:04:01+0000", "message": "\u201cTroopers were called to the Relax Inn at 30702 Sussex Highway on Wednesday, October 30, in the town of Laurel. They had received a tip that a woman was being held against her will. State Police officers arrived at the Inn just before 8:30 a.m. and discovered the 22-year-old victim.\u201d", "permalink_url": "https://www.facebook.com/1003344626383879/posts/2089524521099212/", "attachments": {"data": [{"description": "Four suspects accused of kidnapping and trafficking a young woman have been arrested and charged in Delaware.", "media": {"image": {"height": 470, "src": "https://external-lax3-1.xx.fbcdn.net/safe_image.php?d=AQFeSa9Vz4VFUgpk&w=470&h=470&url=https%3A%2F%2Fheavyeditorial.files.wordpress.com%2F2018%2F11%2Fsuspects-arrested-delaware.jpg%3Fquality%3D65%26strip%3Dall%26w%3D780&cfs=1&sx=151&sy=0&sw=470&sh=470&_nc_cb=1&_nc_hash=AQFjLIVmQgQBK9Vb", "width": 470}}, "target": {"url": "https://l.facebook.com/l.php?u=https%3A%2F%2Fbuff.ly%2F2SHSJp9&h=AT35DeeV-SfINUDC9z0-oXVp_f7Heb71WjC3gTEj9VsXMQffgHjOCkniIlHMv0GwHV71-WFnZN_tbctQ9n3i5pbq2KUpsvSccYBCybpfW0o6Pqgx9Rj2dpGUUokY4nYd&s=1"}, "title": "Delaware Human Trafficking Case: Four Suspects\u00a0Arrested", "type": "share", "url": "https://l.facebook.com/l.php?u=https%3A%2F%2Fbuff.ly%2F2SHSJp9&h=AT35DeeV-SfINUDC9z0-oXVp_f7Heb71WjC3gTEj9VsXMQffgHjOCkniIlHMv0GwHV71-WFnZN_tbctQ9n3i5pbq2KUpsvSccYBCybpfW0o6Pqgx9Rj2dpGUUokY4nYd&s=1"}]}, "id": "1003344626383879_2089524521099212"}