{"created_time": "2018-08-27T14:04:09+0000", "message": "\"A teen reportedly told authorities that on several occasions she was taken to Lexington, given illegal drugs and had sexual encounters with a man.\"", "permalink_url": "https://www.facebook.com/1003344626383879/posts/2002557543129244/", "attachments": {"data": [{"description": "A teen reportedly told authorities that on several occasions she was taken to Lexington, given illegal drugs and had sexual encounters with a man.", "media": {"image": {"height": 641, "src": "https://external-lax3-1.xx.fbcdn.net/safe_image.php?d=AQEUwgNXkx2HuYqr&w=641&h=641&url=https%3A%2F%2Fmedia.wfmynews2.com%2Fassets%2FWFMY%2Fimages%2F587235056%2F587235056_1140x641.jpg&cfs=1&sx=215&sy=0&sw=641&sh=641&_nc_cb=1&_nc_hash=AQHa5ns4kKxVp2zT", "width": 641}}, "target": {"url": "https://l.facebook.com/l.php?u=https%3A%2F%2Fbuff.ly%2F2o8KhRH&h=AT12olWsQOuEyIezf-uFW33pqO6I5othA6yQ0NEEIau3C665jnhABpMERex7u21QpY63K4EKtOOk6OdU6mU0aqKmxUWGGhoBW8DyZHGZaGUQFvbr1j0UapF4OBdE6lWN&s=1"}, "title": "Teen Exposes Human Trafficking Case in Davidson Co.; Suspect's Bond $5M", "type": "share", "url": "https://l.facebook.com/l.php?u=https%3A%2F%2Fbuff.ly%2F2o8KhRH&h=AT12olWsQOuEyIezf-uFW33pqO6I5othA6yQ0NEEIau3C665jnhABpMERex7u21QpY63K4EKtOOk6OdU6mU0aqKmxUWGGhoBW8DyZHGZaGUQFvbr1j0UapF4OBdE6lWN&s=1"}]}, "id": "1003344626383879_2002557543129244"}