{"created_time": "2018-03-10T15:14:05+0000", "message": "Operation Gauntlet, a series of online and street sting operations, took place in Midland and Ector Counties from February 16 to March 3, leading to the arrests of 62 suspects charged with Online Solicitation of a Minor, Prostitution, and more.", "permalink_url": "https://www.facebook.com/1003344626383879/posts/1784176081634059/", "attachments": {"data": [{"description": "Abilene police assisted in child sex crime, human trafficking, and prostitution sting operations that netted 62 arrests in West Texas last month.\u00a0", "media": {"image": {"height": 360, "src": "https://external-lax3-1.xx.fbcdn.net/safe_image.php?d=AQG6dfi-cH-zMkC-&w=360&h=360&url=http%3A%2F%2Fmedia.bigcountryhomepage.com%2Fnxsglobal%2Fbigcountryhomepage%2Fphoto%2F2018%2F03%2F08%2F62%2520arrested_1520534899827.png_36329032_ver1.0_640_360.jpg&cfs=1&_nc_cb=1&_nc_hash=AQHVzwhSil5e5Z7q", "width": 360}}, "target": {"url": "https://l.facebook.com/l.php?u=https%3A%2F%2Fbuff.ly%2F2G8qcmQ&h=AT0ApiWwDczmZYDER51QE8S_CVlfnMPmSIahKdn963i9Bv2fAkHcQ8SyI-LDFpQlu2mdKEZG4gmZca7gZcSk1VMV7zozPH-2tL-jfkA6Tjqr9Fv52RfBv36l97aEkTN4&s=1"}, "title": "Abilene police assist in child sex crime, human trafficking sting operations that netted 62 arrests", "type": "share", "url": "https://l.facebook.com/l.php?u=https%3A%2F%2Fbuff.ly%2F2G8qcmQ&h=AT0ApiWwDczmZYDER51QE8S_CVlfnMPmSIahKdn963i9Bv2fAkHcQ8SyI-LDFpQlu2mdKEZG4gmZca7gZcSk1VMV7zozPH-2tL-jfkA6Tjqr9Fv52RfBv36l97aEkTN4&s=1"}]}, "id": "1003344626383879_1784176081634059"}