{"created_time": "2018-01-17T01:08:57+0000", "message": "Everyday Frontlines exposed to Human Trafficking #HelpErase", "message_tags": [{"id": "600288956648476", "name": "#helpERASE", "offset": 49, "length": 10}], "permalink_url": "https://www.facebook.com/helperase/videos/1729003417151326/", "attachments": {"data": [{"media": {"image": {"height": 360, "src": "https://scontent-lax3-1.xx.fbcdn.net/v/t15.5256-10/26702346_1729007247150943_8150261328234151936_n.jpg?_nc_cat=110&ccb=1-3&_nc_sid=ad6a45&_nc_ohc=5Bpb_m_yedcAX_qxjkC&_nc_ht=scontent-lax3-1.xx&oh=145b9cfe1cea170f57ccb42bb8bb31d6&oe=607243AC", "width": 640}}, "target": {"id": "1729003417151326", "url": "https://www.facebook.com/helperase/videos/1729003417151326/"}, "title": "Everyday Frontlines exposed to Human Trafficking", "type": "video_inline", "url": "https://www.facebook.com/helperase/videos/1729003417151326/"}]}, "id": "1003344626383879_1729003417151326"}