{"created_time": "2018-04-17T20:04:25+0000", "message": "Senators Rob Portman (R- OH ) and Claire McCaskill (D-MO ) found evidence that one of the biggest sex-for-hire advertisers, classified ads site Backpage.com, knew it was trafficking children and even helped traffickers to avoid detection.", "message_tags": [], "permalink_url": "https://www.facebook.com/1003344626383879/posts/1824466587605008/", "attachments": {"data": [{"description": "As its CEO now admits, Backstage.com knew it was publishing ads for child sex traffickers and helped them cover their tracks.", "media": {"image": {"height": 427, "src": "https://scontent-lax3-1.xx.fbcdn.net/v/t45.1600-4/c81.0.427.427a/p450x450/31260251_6122560233520_3497376763732819968_n.png?_nc_cat=103&ccb=1-3&_nc_sid=eaa83b&_nc_ohc=KB5BdtASNz0AX_oIxbU&_nc_oc=AQmYrH_sPijakysFKMRTsgfXxw_E4JCHR69AuRAAXpgzf9741CWr4wGPLhjZspoWNPE&_nc_ht=scontent-lax3-1.xx&_nc_tp=30&oh=bd578dccdd4ccb4c7afb5ac25feb6964&oe=60726E53", "width": 427}}, "target": {"url": "https://l.facebook.com/l.php?u=https%3A%2F%2Fbuff.ly%2F2viVjdE&h=AT2Ytuq4WNUEV8alJQ_DZ8NWk7dCnhnymlTKYLvNY5G04rFVoSD40xxyDPW1buK7nvg2kRS8cnoOio59lCeMgOZKlqXegn5XenezlH8M6McMSEn4c3cBflZTevbhxjPA&s=1"}, "title": "Backpage Knew It Was Trafficking Children for Sex", "type": "share", "url": "https://l.facebook.com/l.php?u=https%3A%2F%2Fbuff.ly%2F2viVjdE&h=AT2Ytuq4WNUEV8alJQ_DZ8NWk7dCnhnymlTKYLvNY5G04rFVoSD40xxyDPW1buK7nvg2kRS8cnoOio59lCeMgOZKlqXegn5XenezlH8M6McMSEn4c3cBflZTevbhxjPA&s=1"}]}, "id": "1003344626383879_1824466587605008"}