{"created_time": "2017-09-03T13:14:02+0000", "message": "Many of the Brazilian women served as babysitters or helped in the church\u2019s school for little or no pay. The Brazilians told AP they were often physically or verbally assaulted.  \u201cThey kept us as slaves,\u201d one former Brazilian church member said. \u201cHow can you do that to people \u2013 claim you love them and then beat them in the name of God?\u201d", "permalink_url": "https://www.facebook.com/1003344626383879/posts/1594744000577269/", "attachments": {"data": [{"description": "U.S. Attorney Jill Rose says a joint human-trafficking of Word of Faith Fellowship in Spindale is making \u201cgreat progress\u201d here and in Brazil.", "media": {"image": {"height": 712, "src": "https://external-lax3-1.xx.fbcdn.net/safe_image.php?d=AQGNIv-ksRik7ZZy&w=712&h=712&url=https%3A%2F%2Fbuffer-media-uploads.s3.amazonaws.com%2F59ab46d80245492d1911a0ca%2Fe8211374af50f5cb1d166618986d9f1076f2b06b_d993039b84f7dd28277b16a001e3c23ac9cae781_facebook&cfs=1&_nc_cb=1&_nc_hash=AQGYX0kaVISI0lKz", "width": 712}}, "target": {"url": "http://l.facebook.com/l.php?u=http%3A%2F%2Fj.mp%2F2vUjn1A&h=AT2yGSow-PbNhVxGmHFv4-dq62-3j68Ctdtvg6pTb0MK9rRKD7VS51lSmNeDkqvjQt8jmRBAu_zsPd7UZG4tQUNiRUUoHEyJ0sUGVP8tH04V2THFTp4PDbe0338N5gjd&s=1"}, "title": "NC church known for \u2018blasting\u2019 out demons faces growing human-trafficking probe", "type": "share", "url": "http://l.facebook.com/l.php?u=http%3A%2F%2Fj.mp%2F2vUjn1A&h=AT2yGSow-PbNhVxGmHFv4-dq62-3j68Ctdtvg6pTb0MK9rRKD7VS51lSmNeDkqvjQt8jmRBAu_zsPd7UZG4tQUNiRUUoHEyJ0sUGVP8tH04V2THFTp4PDbe0338N5gjd&s=1"}]}, "id": "1003344626383879_1594744000577269"}