{"created_time": "2017-08-08T23:04:00+0000", "message": "Nearly 300 children have been reported missing in Philadelphia so far this year, but only one Amber Alert has been activated in the state.", "permalink_url": "https://www.facebook.com/1003344626383879/posts/1571561902895479/", "attachments": {"data": [{"description": "Nearly 300 children have been reported missing in Philadelphia so far this year, but only one Amber Alert has been activated in the state.", "media": {"image": {"height": 352, "src": "https://external-lax3-1.xx.fbcdn.net/safe_image.php?d=AQFzddxfMX4JBTCr&w=352&h=352&url=https%3A%2F%2Fbuffer-media-uploads.s3.amazonaws.com%2F5989cd68b6b0cd0f02e7c12f%2F4b78ce71d4845ffbf68ebb4a400d5c4df0de4c24_2692f8f9b6400f4e0a020f34493277edf0f917e1_facebook&cfs=1&_nc_cb=1&_nc_hash=AQEmaO1OfzCMxUrj", "width": 352}}, "target": {"url": "https://l.facebook.com/l.php?u=https%3A%2F%2Fbuff.ly%2F2wpSsfz&h=AT2heYySSjKZy99WJ6kHZHktcxsxt4E52aW1WeMmsKJzspG2JrWMA4uy97-wiHMDxxM1WBrRjXA7g6PNCO59ZIndr8M2z7fzt9CWflakIFsLD-bogBVPGrnPrgbeySL6&s=1"}, "title": "Philly Police Review Missing Persons Policy", "type": "share", "url": "https://l.facebook.com/l.php?u=https%3A%2F%2Fbuff.ly%2F2wpSsfz&h=AT2heYySSjKZy99WJ6kHZHktcxsxt4E52aW1WeMmsKJzspG2JrWMA4uy97-wiHMDxxM1WBrRjXA7g6PNCO59ZIndr8M2z7fzt9CWflakIFsLD-bogBVPGrnPrgbeySL6&s=1"}]}, "id": "1003344626383879_1571561902895479"}