{"created_time": "2019-09-18T14:04:04+0000", "message": "False reports like these lead people to miss the real threats of being lured into trafficking. Many people are lured through #socialmedia #peers or #boyfriends  \n\u201cWoman could face charges after lying in viral post about attempted luring at Pasco Walmart.\u201d", "message_tags": [{"id": "431430386941743", "name": "#socialmedia", "offset": 125, "length": 12}, {"id": "435195803227179", "name": "#PEERS", "offset": 138, "length": 6}, {"id": "478142032233591", "name": "#boyfriends", "offset": 148, "length": 11}], "permalink_url": "https://www.facebook.com/1003344626383879/posts/2613080592076933/", "attachments": {"data": [{"description": "According to Pasco Police, a woman\u2019s viral post about her child almost being taken from the Walmart off Road 68 is false. The post said multiple men were smiling and signaling at her daughter to go near them and that they were following her around the store but police said that Walmart securit...", "media": {"image": {"height": 549, "src": "https://external-lax3-1.xx.fbcdn.net/safe_image.php?d=AQFaorE5dzCTD3DN&w=549&h=549&url=http%3A%2F%2Fstatic-12.sinclairstoryline.com%2Fresources%2Fmedia%2Fbbfbc713-aad6-42ab-8ced-305f9344ff15-large16x9_1.jpg%3F1568757949567&cfs=1&_nc_cb=1&_nc_hash=AQH1gvkcPtvYgPRu", "width": 549}}, "target": {"url": "https://l.facebook.com/l.php?u=https%3A%2F%2Fbuff.ly%2F31wUeKL&h=AT2Gd-IJEbURsuOWvL79XWi4tLmCOYxpmc7o7IkPV5ruI8_CxFAz-OgCHxYJSVebz9oA8jOqKLAnJ1uNzxNWJGyO_u3cykFu5LSWrkfpEz0EL3rbwj9aMzfKaIsTVGi5&s=1"}, "title": "Woman could face charges after lying in viral post about attempted luring at Pasco Walmart", "type": "share", "url": "https://l.facebook.com/l.php?u=https%3A%2F%2Fbuff.ly%2F31wUeKL&h=AT2Gd-IJEbURsuOWvL79XWi4tLmCOYxpmc7o7IkPV5ruI8_CxFAz-OgCHxYJSVebz9oA8jOqKLAnJ1uNzxNWJGyO_u3cykFu5LSWrkfpEz0EL3rbwj9aMzfKaIsTVGi5&s=1"}]}, "id": "1003344626383879_2613080592076933"}