{"created_time": "2019-02-01T15:04:02+0000", "message": "\u201cSurvivors of human trafficking can be children, adults, friends or neighbors.\u201d", "permalink_url": "https://www.facebook.com/1003344626383879/posts/2219655651419431/", "attachments": {"data": [{"description": "MAYS LANDING \u2014 Survivors of human trafficking can be children, adults, friends or neighbors and may not even know, or be able to admit, they are being or have been", "media": {"image": {"height": 630, "src": "https://external-lax3-1.xx.fbcdn.net/safe_image.php?d=AQHdNVruy-EZavUZ&w=630&h=630&url=https%3A%2F%2Fbloximages.chicago2.vip.townnews.com%2Fpressofatlanticcity.com%2Fcontent%2Ftncms%2Fassets%2Fv3%2Feditorial%2F0%2Fa7%2F0a732f6d-5460-581e-a737-ca8dd1329f16%2F5c51eb4bf25d2.image.jpg%3Fcrop%3D1567%252C1175%252C98%252C0%26resize%3D840%252C630%26order%3Dcrop%252Cresize&cfs=1&sx=0&sy=0&sw=630&sh=630&_nc_cb=1&_nc_hash=AQH_nBWIjoCBL4CD", "width": 630}}, "target": {"url": "https://l.facebook.com/l.php?u=https%3A%2F%2Fbuff.ly%2F2DLYYCT&h=AT1_KadZZ3RmSXHlpw1b6div3H-bilb2BdMNWc9l5KgMQE1_NC3FLQIfUBXluvRkePbwI37FPHKRwnYuLuYjjQJmyInBtJiDGO2E4woyDb3k5TjE5DzqJsYLGiJd5Jh2&s=1"}, "title": "Atlantic Cape students learn about human trafficking", "type": "share", "url": "https://l.facebook.com/l.php?u=https%3A%2F%2Fbuff.ly%2F2DLYYCT&h=AT1_KadZZ3RmSXHlpw1b6div3H-bilb2BdMNWc9l5KgMQE1_NC3FLQIfUBXluvRkePbwI37FPHKRwnYuLuYjjQJmyInBtJiDGO2E4woyDb3k5TjE5DzqJsYLGiJd5Jh2&s=1"}]}, "id": "1003344626383879_2219655651419431"}