{"created_time": "2018-11-11T15:28:39+0000", "message": "A 'Veteran' -- whether active duty, honorably discharged, retired, or reserve -- is someone who, at one point in their life, wrote a blank check made payable to 'The United States of America,' for an amount of 'up to, and including their life.'\n\nThank you for your dedication. \u2764\ufe0f", "permalink_url": "https://www.facebook.com/helperase/photos/a.1029649477086727/2100557759995888/?type=3", "attachments": {"data": [{"description": "A 'Veteran' -- whether active duty, honorably discharged, retired, or reserve -- is someone who, at one point in their life, wrote a blank check made payable to 'The United States of America,' for an amount of 'up to, and including their life.'\n\nThank you for your dedication. \u2764\ufe0f", "media": {"image": {"height": 720, "src": "https://scontent-lax3-1.xx.fbcdn.net/v/t1.0-9/p720x720/45959555_2100557769995887_1830251947563679744_o.jpg?_nc_cat=101&ccb=1-3&_nc_sid=2d5d41&_nc_ohc=ey1zY8I6zzgAX_4T4Mi&_nc_ht=scontent-lax3-1.xx&tp=6&oh=065881ae8ac569c6182e84c28a7b585b&oe=6070AAFD", "width": 720}}, "target": {"id": "2100557759995888", "url": "https://www.facebook.com/helperase/photos/a.1029649477086727/2100557759995888/?type=3"}, "title": "Timeline Photos", "type": "photo", "url": "https://www.facebook.com/helperase/photos/a.1029649477086727/2100557759995888/?type=3"}]}, "id": "1003344626383879_2100557759995888"}