{"created_time": "2018-09-13T14:04:39+0000", "message": "\"Traffickers target young adults typically between the ages of 14 to mid 30s, looking for people who could be easily persuaded and taken advantage of.\"", "permalink_url": "https://www.facebook.com/1003344626383879/posts/2023084327743232/", "attachments": {"data": [{"description": "The secret world of Human Trafficking September 11, 2018September 10, 2018 Christina Mclaughlin Leave a comment Illegal crimes have always been a lucrative industry in the United States, yet one sector has proven to be an evil that has a particularly complicated arrangement. Human trafficking is def...", "media": {"image": {"height": 426, "src": "https://external-lax3-1.xx.fbcdn.net/safe_image.php?d=AQFT4gjeJsWMG-X7&w=426&h=426&url=https%3A%2F%2Fnsucurrent.nova.edu%2Ffiles%2F2016%2F08%2FNews-Brief.jpg&cfs=1&_nc_cb=1&_nc_hash=AQHG8MGYIxjm-uAK", "width": 426}}, "target": {"url": "https://l.facebook.com/l.php?u=https%3A%2F%2Fbuff.ly%2F2Mjheoc&h=AT1Cq0jjb-GKsd2qg2UxLSPI-VtwogfSO6mqG4KPZsC9qfvCN3_JkZRBRPSyvv6L_JCLgY6oKWLqhT9m_py9SUGTxahbdlQ-9mlua228qE5rpYcfs7cYxuZNScHD2yfg&s=1"}, "title": "The secret world of Human Trafficking | The Current", "type": "share", "url": "https://l.facebook.com/l.php?u=https%3A%2F%2Fbuff.ly%2F2Mjheoc&h=AT1Cq0jjb-GKsd2qg2UxLSPI-VtwogfSO6mqG4KPZsC9qfvCN3_JkZRBRPSyvv6L_JCLgY6oKWLqhT9m_py9SUGTxahbdlQ-9mlua228qE5rpYcfs7cYxuZNScHD2yfg&s=1"}]}, "id": "1003344626383879_2023084327743232"}