{"created_time": "2019-02-05T21:10:01+0000", "message": "Florida is the third-highest state in the nation for human trafficking. It is imperative that we all work together to ensure that our state is a safe and welcoming place for all who visit https://buff.ly/2RCg9dJ", "message_tags": [], "permalink_url": "https://www.facebook.com/helperase/photos/a.1029649477086727/2226527247398938/?type=3", "attachments": {"data": [{"description": "Florida is the third-highest state in the nation for human trafficking. It is imperative that we all work together to ensure that our state is a safe and welcoming place for all who visit https://buff.ly/2RCg9dJ", "media": {"image": {"height": 405, "src": "https://scontent-lax3-2.xx.fbcdn.net/v/t1.0-9/s720x720/51563405_2226527257398937_3195114274158542848_o.jpg?_nc_cat=111&ccb=1-3&_nc_sid=da1649&_nc_ohc=iy3gjOqgEc0AX836k16&_nc_ht=scontent-lax3-2.xx&tp=7&oh=55656df1d75bfe39ae9f71097c19cfd2&oe=607139B0", "width": 720}}, "target": {"id": "2226527247398938", "url": "https://www.facebook.com/helperase/photos/a.1029649477086727/2226527247398938/?type=3"}, "title": "Timeline Photos", "type": "photo", "url": "https://www.facebook.com/helperase/photos/a.1029649477086727/2226527247398938/?type=3"}]}, "id": "1003344626383879_2226527247398938"}