{"created_time": "2019-01-20T21:10:03+0000", "message": "\u201cI think this is a great way for our community to actively participate in raising awareness about trafficking and being able to talk to business leaders and provide prevention materials,\u201d", "permalink_url": "https://www.facebook.com/1003344626383879/posts/2202512939800369/", "attachments": {"data": [{"description": "Community members and victims advocates traveled throughout Central Texas on Saturday to spread the word about human trafficking in a multi-county awareness effort.", "media": {"image": {"height": 630, "src": "https://external-lax3-1.xx.fbcdn.net/safe_image.php?d=AQEdQGi4FEkbAozz&w=630&h=630&url=https%3A%2F%2Fbloximages.chicago2.vip.townnews.com%2Fwacotrib.com%2Fcontent%2Ftncms%2Fassets%2Fv3%2Feditorial%2Ff%2F0f%2Ff0f10202-a155-5a3a-9ceb-0e8199db56da%2F5c43e2eacd428.image.jpg%3Fresize%3D851%252C630&cfs=1&_nc_cb=1&_nc_hash=AQGDjS1NPWwI3C-x", "width": 630}}, "target": {"url": "https://l.facebook.com/l.php?u=https%3A%2F%2Fbuff.ly%2F2U0Ue1x&h=AT2OftTAwp24eedprwCB6vV4fTIv_syk704uR8BUPWIfNMkjRLMHOhC-sStK32jEBPIWwjtLDIgMQa611AxdHpQY9Dm2zu3jazCeMFLLpsu0nvMN5tGklh_Twh8gz8AQ&s=1"}, "title": "Volunteers visit local businesses to raise awareness of human trafficking", "type": "share", "url": "https://l.facebook.com/l.php?u=https%3A%2F%2Fbuff.ly%2F2U0Ue1x&h=AT2OftTAwp24eedprwCB6vV4fTIv_syk704uR8BUPWIfNMkjRLMHOhC-sStK32jEBPIWwjtLDIgMQa611AxdHpQY9Dm2zu3jazCeMFLLpsu0nvMN5tGklh_Twh8gz8AQ&s=1"}]}, "id": "1003344626383879_2202512939800369"}