{"created_time": "2018-10-01T20:10:06+0000", "message": "\"Sometimes by pretending to be a young person themselves. Sometimes pretending to be somebody concerned. In that manner, they're grooming or finding potential victims,\" Robinson said.", "permalink_url": "https://www.facebook.com/1003344626383879/posts/2044592658925732/", "attachments": {"data": [{"description": "Republican State Rep. Sally Siegrist of West Lafayette said some state laws passed this year give victims more protection, and law enforcement more labor and sex trafficking fighting tools.\u00a0", "media": {"image": {"height": 720, "src": "https://external-lax3-1.xx.fbcdn.net/safe_image.php?d=AQHcPE3ki5Nkrj1s&w=720&h=720&url=https%3A%2F%2Fmedia.wishtv.com%2Fnxs-wishtv-media-us-east-1%2Fphoto%2F2018%2F09%2F21%2FLawmaker_drafting_bill_to_fight_online_h_2_56351368_ver1.0_1280_720.jpg&cfs=1&sx=1&sy=0&sw=720&sh=720&_nc_cb=1&_nc_hash=AQHiImRcyZ7kfrkF", "width": 720}}, "target": {"url": "https://l.facebook.com/l.php?u=https%3A%2F%2Fbuff.ly%2F2zIopTS&h=AT37KYxUik-iLghezOmQJpmxSEm2H1U1L0kDrmdZrfqHEhgLbXsk3wNGQ5juetbyuCTvTul0_X3bRt1v7ntuKkh-Q5TBtwEJKQJi-mQn0vP0gdTnV6ydtA2fXz1yNoPV&s=1"}, "title": "Indiana lawmaker drafting bill to fight online human trafficking", "type": "share", "url": "https://l.facebook.com/l.php?u=https%3A%2F%2Fbuff.ly%2F2zIopTS&h=AT37KYxUik-iLghezOmQJpmxSEm2H1U1L0kDrmdZrfqHEhgLbXsk3wNGQ5juetbyuCTvTul0_X3bRt1v7ntuKkh-Q5TBtwEJKQJi-mQn0vP0gdTnV6ydtA2fXz1yNoPV&s=1"}]}, "id": "1003344626383879_2044592658925732"}