{"created_time": "2018-09-05T14:04:03+0000", "message": "\"It's a crime that's probably happening under our noses, especially with respect to labor trafficking, not just in the agricultural context, but in the restaurant industry, construction industry, hotels, domestic servitude is another one.\"", "permalink_url": "https://www.facebook.com/1003344626383879/posts/2013296752055323/", "attachments": {"data": [{"description": "On this Labor Day, a man who took advantage of workers is sitting in the Fresno County jail, awaiting sentencing for human trafficking.", "media": {"image": {"height": 720, "src": "https://external-lax3-1.xx.fbcdn.net/safe_image.php?d=AQFcbic2XuQ9a-Xh&w=720&h=720&url=https%3A%2F%2Fcdns.abclocal.go.com%2Fcontent%2Fkfsn%2Fimages%2Fcms%2Fautomation%2Fvod%2F090318-kfsn-6p-farm-trafficking-vid.jpg&cfs=1&_nc_cb=1&_nc_hash=AQFfxd3kMWRc-wv3", "width": 720}}, "target": {"url": "https://l.facebook.com/l.php?u=https%3A%2F%2Fbuff.ly%2F2MLGbxD&h=AT1PIHapfztQgEdh1L4wmiXlMCrJADjCIiI1lr5SGd3DzfSPywjUrpiFUAzbcQUlZRNCY7Q2HNd_TzXD25T6KURL0KYNIdoaTEQezx4YDfLbWgX_zQ4N4ggKBp67mQuC&s=1"}, "title": "Labor crew supervisor convicted of human trafficking", "type": "share", "url": "https://l.facebook.com/l.php?u=https%3A%2F%2Fbuff.ly%2F2MLGbxD&h=AT1PIHapfztQgEdh1L4wmiXlMCrJADjCIiI1lr5SGd3DzfSPywjUrpiFUAzbcQUlZRNCY7Q2HNd_TzXD25T6KURL0KYNIdoaTEQezx4YDfLbWgX_zQ4N4ggKBp67mQuC&s=1"}]}, "id": "1003344626383879_2013296752055323"}