{"created_time": "2018-04-01T02:04:31+0000", "message": "On now. 48 Hours reporting on Sex Trafficking.", "permalink_url": "https://www.facebook.com/1003344626383879/posts/1807388399312827/", "attachments": {"data": [{"media": {"image": {"height": 720, "src": "https://scontent-lax3-2.xx.fbcdn.net/v/t15.5256-10/28761319_10157257140908496_7946890984636284928_n.jpg?_nc_cat=107&ccb=1-3&_nc_sid=ad6a45&_nc_ohc=pVj8URiqIvwAX8VHZk6&_nc_ht=scontent-lax3-2.xx&oh=652d9f00516f1f86bc9afade94baa302&oe=6070231C", "width": 720}}, "target": {"id": "10157257139893496", "url": "https://www.facebook.com/48hours/videos/10157257139893496/"}, "type": "video_inline", "url": "https://www.facebook.com/48hours/videos/10157257139893496/"}]}, "id": "1003344626383879_1807388399312827"}