{"created_time": "2017-08-21T01:38:22+0000", "message": "Great short by VICE about sex trafficking. \n#branding #HelpERASE", "message_tags": [{"id": "167115176655082", "name": "VICE", "type": "page", "offset": 15, "length": 4}, {"id": "174989332648784", "name": "#branding", "offset": 44, "length": 9}, {"id": "600288956648476", "name": "#helpERASE", "offset": 54, "length": 10}], "permalink_url": "https://www.facebook.com/1003344626383879/posts/1582720535112949/", "attachments": {"data": [{"media": {"image": {"height": 405, "src": "https://scontent-lax3-1.xx.fbcdn.net/v/t15.5256-10/s720x720/14146067_1369078243125430_1514882542_n.jpg?_nc_cat=102&ccb=1-3&_nc_sid=ad6a45&_nc_ohc=E0YSTdH6URsAX-e2mIT&_nc_ht=scontent-lax3-1.xx&tp=7&oh=01865f069d78624dc024ab0028d5760f&oe=60724079", "width": 720}}, "target": {"id": "1792614264105157", "url": "https://www.facebook.com/VICE/videos/1792614264105157/"}, "title": "Sex Trafficking Tattoo Removal", "type": "video_direct_response", "url": "https://www.facebook.com/VICE/videos/1792614264105157/"}]}, "id": "1003344626383879_1582720535112949"}