{"created_time": "2017-05-12T15:34:11+0000", "message": "A high school senior tricks over 100 students into sending compromising photos and then extorts them into sending more. Parents, please talk to your kids about what they share online and in apps. #Education #Sextortion", "message_tags": [{"id": "601052526576079", "name": "#education", "offset": 196, "length": 10}, {"id": "185080884979271", "name": "#sextortion", "offset": 207, "length": 11}], "permalink_url": "https://www.facebook.com/1003344626383879/posts/1473109846074019/", "attachments": {"data": [{"description": "A Delaware County Catholic high school senior has been accused of possessing thousands of nude images of local high school and middle school boys.", "media": {"image": {"height": 720, "src": "https://external-lax3-1.xx.fbcdn.net/safe_image.php?d=AQEi17VyPp3wDoyd&w=720&h=720&url=https%3A%2F%2Fbuffer-media-uploads.s3.amazonaws.com%2F57d747c612852da2218e461f%2F5915d4b2a2baa96340a803a9%2F6073dc48226322e9775640dc9a9ed5d5.original.jpg&cfs=1&_nc_cb=1&_nc_hash=AQGQ6hjnJKOa6u2r", "width": 720}}, "target": {"url": "http://l.facebook.com/l.php?u=http%3A%2F%2Fbuff.ly%2F2qAnnWJ&h=AT3olNz23P5qGD93uB_4hQU1kaEI-GlsuHx1dmBXC9IuFMCWi5QxmRv8oGOQvXUpKiPAAG37uuvE5Akj-W-OZfqUaCLlYq5KSV7OhsAhX3K4_xLHeUa10buh0BUC6uPf&s=1"}, "title": "DA: Delco student posed as girl online; charged with child porn", "type": "share", "url": "http://l.facebook.com/l.php?u=http%3A%2F%2Fbuff.ly%2F2qAnnWJ&h=AT3olNz23P5qGD93uB_4hQU1kaEI-GlsuHx1dmBXC9IuFMCWi5QxmRv8oGOQvXUpKiPAAG37uuvE5Akj-W-OZfqUaCLlYq5KSV7OhsAhX3K4_xLHeUa10buh0BUC6uPf&s=1"}]}, "id": "1003344626383879_1473109846074019"}