{"created_time": "2020-04-20T16:53:00+0000", "message": "Thank you frontline workers for serving our communities and keeping us safe and healthy! We appreciate you!!\u2800\n#frontlines #COVID19", "message_tags": [{"id": "618308161518299", "name": "#frontlines", "offset": 110, "length": 11}, {"id": "2555494087811671", "name": "#COVID19", "offset": 122, "length": 8}], "permalink_url": "https://www.facebook.com/helperase/photos/a.1029649477086727/3078440795540908/?type=3", "attachments": {"data": [{"description": "Thank you frontline workers for serving our communities and keeping us safe and healthy! We appreciate you!!\u2800\n#frontlines #COVID19", "media": {"image": {"height": 720, "src": "https://scontent-lax3-1.xx.fbcdn.net/v/t1.0-9/p720x720/94143571_3078440798874241_5841019101513777152_o.jpg?_nc_cat=108&ccb=1-3&_nc_sid=2d5d41&_nc_ohc=iImqz1fF9_0AX_R-OZN&_nc_ht=scontent-lax3-1.xx&tp=6&oh=406e6e8afe161c8c471a2f3a22fdede4&oe=606E2226", "width": 720}}, "target": {"id": "3078440795540908", "url": "https://www.facebook.com/helperase/photos/a.1029649477086727/3078440795540908/?type=3"}, "title": "Timeline Photos", "type": "photo", "url": "https://www.facebook.com/helperase/photos/a.1029649477086727/3078440795540908/?type=3"}]}, "id": "1003344626383879_3078440795540908"}