{"created_time": "2020-01-10T21:10:00+0000", "message": "Great job!!\nCalifornia man arrested- Troopers became suspicious of criminal activity consistent with human trafficking after speaking with Delgado\u2019s 22-year-old female passenger. #LEOs #makingadifference \nhttps://buff.ly/2tQTdBd https://kesq.com/news/national-world/2020/01/09/traffic-stop-leads-to-human-trafficking-arrest/", "message_tags": [{"id": "483565565025604", "name": "#leos", "offset": 179, "length": 5}, {"id": "136254236549866", "name": "#makingadifference", "offset": 185, "length": 18}], "permalink_url": "https://www.facebook.com/helperase/photos/a.1029649477086727/2859262724125384/?type=3", "attachments": {"data": [{"description": "Great job!!\nCalifornia man arrested- Troopers became suspicious of criminal activity consistent with human trafficking after speaking with Delgado\u2019s 22-year-old female passenger. #LEOs #makingadifference \nhttps://buff.ly/2tQTdBd https://kesq.com/news/national-world/2020/01/09/traffic-stop-leads-to-human-trafficking-arrest/", "media": {"image": {"height": 358, "src": "https://scontent-lax3-1.xx.fbcdn.net/v/t1.0-9/s720x720/81037749_2859262727458717_3452085345754021888_n.jpg?_nc_cat=101&ccb=1-3&_nc_sid=da1649&_nc_ohc=91Z0qcDyChMAX_2W0R4&_nc_ht=scontent-lax3-1.xx&tp=7&oh=36872ab9354b25b0134312be78db1b21&oe=60717A55", "width": 720}}, "target": {"id": "2859262724125384", "url": "https://www.facebook.com/helperase/photos/a.1029649477086727/2859262724125384/?type=3"}, "title": "Timeline Photos", "type": "photo", "url": "https://www.facebook.com/helperase/photos/a.1029649477086727/2859262724125384/?type=3"}]}, "id": "1003344626383879_2859262724125384"}