{"created_time": "2019-07-12T16:12:17+0000", "message": "***Update*** FoundSafe!\nSearch continues for both missing girls in Colorado. Please keep sharing!", "permalink_url": "https://www.facebook.com/1003344626383879/posts/2490192711032389/", "attachments": {"data": [{"description": "A 16-year-old girl from Sherman has been missing since Sunday night, and her parents have been searching in central Colorado, where she was last seen.", "media": {"image": {"height": 447, "src": "https://external-lax3-1.xx.fbcdn.net/safe_image.php?d=AQEF3LanyyHYISUO&w=447&h=447&url=https%3A%2F%2Fmedia.graytvinc.com%2Fimages%2Fmissing%2Bgirl%2Bfor%2Bweb.JPG&cfs=1&sx=168&sy=0&sw=447&sh=447&_nc_cb=1&_nc_hash=AQEAH_aIQGpdsZbJ", "width": 447}}, "target": {"url": "https://l.facebook.com/l.php?u=https%3A%2F%2Fbuff.ly%2F2Sb3S1X&h=AT1wwV1i6HNfC_qV6mBYURVnizMFQyMBjb2Sc6lYMhPxmL1pUvvWy40OXD6grgUhGybhib75S4aw9LvPBIX9mi52t8IRptbvbUrnZw9K6t8KTnuDEqkJozUgzT5VDO1N&s=1"}, "title": "Sherman parents searching for their missing daughter in Colorado", "type": "share", "url": "https://l.facebook.com/l.php?u=https%3A%2F%2Fbuff.ly%2F2Sb3S1X&h=AT1wwV1i6HNfC_qV6mBYURVnizMFQyMBjb2Sc6lYMhPxmL1pUvvWy40OXD6grgUhGybhib75S4aw9LvPBIX9mi52t8IRptbvbUrnZw9K6t8KTnuDEqkJozUgzT5VDO1N&s=1"}]}, "id": "1003344626383879_2490192711032389"}