{"created_time": "2018-10-24T14:04:00+0000", "message": "\u201cThe news is full of disturbing reports about people being stalked by strangers in stores, parking lots or other public venues.\u201d https://buff.ly/2SbEFE5", "message_tags": [], "permalink_url": "https://www.facebook.com/helperase/photos/a.1029649477086727/2074011382650526/?type=3", "attachments": {"data": [{"description": "\u201cThe news is full of disturbing reports about people being stalked by strangers in stores, parking lots or other public venues.\u201d https://buff.ly/2SbEFE5", "media": {"image": {"height": 382, "src": "https://scontent-lax3-1.xx.fbcdn.net/v/t1.0-9/43531087_2074011389317192_6075090433984167936_n.jpg?_nc_cat=102&ccb=1-3&_nc_sid=da1649&_nc_ohc=ewvwKB1dvcEAX9PYf04&_nc_ht=scontent-lax3-1.xx&oh=4bc3fbb578f294f502682fce3da836e3&oe=606F5962", "width": 532}}, "target": {"id": "2074011382650526", "url": "https://www.facebook.com/helperase/photos/a.1029649477086727/2074011382650526/?type=3"}, "title": "Timeline Photos", "type": "photo", "url": "https://www.facebook.com/helperase/photos/a.1029649477086727/2074011382650526/?type=3"}]}, "id": "1003344626383879_2074011382650526"}