{"created_time": "2018-02-18T15:14:02+0000", "message": "As part of a plea agreement, Nolan pleaded guilty to 21 of those charges, which involved 19 victims. He\u2019s also required to pay a $110,000 fine \u2014 the bulk of which will be donated to the Human Trafficking Victims fund established by state Lawmakers in 2013.", "permalink_url": "https://www.facebook.com/1003344626383879/posts/1762709023780765/", "attachments": {"data": [{"description": "Seems like President Donald Trump's supporters are all falling from grace slowly, but surely.", "media": {"image": {"height": 720, "src": "https://external-lax3-1.xx.fbcdn.net/safe_image.php?d=AQGCkD_TWKuKquMY&w=720&h=720&url=http%3A%2F%2Fthesource.com%2Fwp-content%2Fuploads%2F2018%2F02%2Ftim-nolan.jpg&cfs=1&sx=131&sy=0&sw=768&sh=768&_nc_cb=1&_nc_hash=AQEm2GFUgqUVPVpl", "width": 720}}, "target": {"url": "http://l.facebook.com/l.php?u=http%3A%2F%2Fj.mp%2F2EyfpnF&h=AT3g9EfmcxpypJm8hxTGp3jlQDeIbmCsty8cpG2Pp_hWIGbfjg4iAJuZb78tKLZEG5eM9n1iH2Vq3HRDaOMDfBpFbOgLlzRO4WdhVp4lJmpgNUOKl4SEgJGNdRmXJuGt&s=1"}, "title": "Donald Trump's Former Campaign Manager Tim Nolan Sentenced to 20 Years in Prison for Child Sex Trafficking", "type": "share", "url": "http://l.facebook.com/l.php?u=http%3A%2F%2Fj.mp%2F2EyfpnF&h=AT3g9EfmcxpypJm8hxTGp3jlQDeIbmCsty8cpG2Pp_hWIGbfjg4iAJuZb78tKLZEG5eM9n1iH2Vq3HRDaOMDfBpFbOgLlzRO4WdhVp4lJmpgNUOKl4SEgJGNdRmXJuGt&s=1"}]}, "id": "1003344626383879_1762709023780765"}