{"created_time": "2018-02-07T21:04:08+0000", "message": "While each victim is different, there are some common characteristics seen by law enforcement when interacting with them. If you see any of these red flags, do not share your concerns with the possible victim or approach any suspected human trafficker. Call police instead.", "permalink_url": "https://www.facebook.com/1003344626383879/posts/1751363488248652/", "attachments": {"data": [{"description": "While each human trafficking victim is different, there are some common characteristics seen by law enforcement when interacting with them.", "media": {"image": {"height": 720, "src": "https://external-lax3-1.xx.fbcdn.net/safe_image.php?d=AQFgcKuJQCQJLI1c&w=720&h=720&url=http%3A%2F%2Fcdn.abclocal.go.com%2Fcontent%2Fktrk%2Fimages%2Fcms%2Fautomation%2Fvod%2F2203291_1280x720.jpg&cfs=1&_nc_cb=1&_nc_hash=AQG4yt82pL3WAWxo", "width": 720}}, "target": {"url": "http://l.facebook.com/l.php?u=http%3A%2F%2Fj.mp%2F2FOdgRz&h=AT3YStIDWkazsTBsUsYfLB0XuyWGC1wFwhiR6z-Z5PUuLLu_c8MJ0iI8VEO5LLVFKbQpibr4dDkBARggp9H3sjVsERs0e2BifQhahF3xZ9DLgnw-jO5MBHuC_3zGqxi7&s=1"}, "title": "How to identify a human trafficking victim", "type": "share", "url": "http://l.facebook.com/l.php?u=http%3A%2F%2Fj.mp%2F2FOdgRz&h=AT3YStIDWkazsTBsUsYfLB0XuyWGC1wFwhiR6z-Z5PUuLLu_c8MJ0iI8VEO5LLVFKbQpibr4dDkBARggp9H3sjVsERs0e2BifQhahF3xZ9DLgnw-jO5MBHuC_3zGqxi7&s=1"}]}, "id": "1003344626383879_1751363488248652"}