{"created_time": "2019-07-30T20:10:05+0000", "message": "This is why we do the work we do. Human Trafficking isn't only growing in Tennessee, it's happening all across the country.\n\u201cHuman trafficking touches just about every county in Tennessee and the average age of victims when they begin is 13-years-old\u201d\n#lawenforcement #humantrafficking #Education", "message_tags": [{"id": "136623053176488", "name": "#lawenforcement", "offset": 252, "length": 15}, {"id": "146391798860479", "name": "#humantrafficking", "offset": 268, "length": 17}, {"id": "601052526576079", "name": "#education", "offset": 286, "length": 10}], "permalink_url": "https://www.facebook.com/1003344626383879/posts/2523466611038332/", "attachments": {"data": [{"description": "NASHVILLE, Tenn. (WKRN) \u2014 An undercover Tennessee Bureau of Investigation (TBI) agent detailed some of the sobering facts Monday about human trafficking in a legislative hearing room. It was a wide\u2026", "media": {"image": {"height": 720, "src": "https://external-lax3-1.xx.fbcdn.net/safe_image.php?d=AQEn77k4CzYSkOr9&w=720&h=720&url=https%3A%2F%2Fwww.wjhl.com%2Fwp-content%2Fuploads%2Fsites%2F98%2F2019%2F07%2Fhuman-trafficking.png%3Fw%3D1280%26h%3D720%26crop%3D1&cfs=1&sx=560&sy=0&sw=720&sh=720&_nc_cb=1&_nc_hash=AQEf4QL-ZxTZ3xl_", "width": 720}}, "target": {"url": "https://l.facebook.com/l.php?u=https%3A%2F%2Fbuff.ly%2F2MvLkbE&h=AT0-ZJoaMmRT9d0nkCwn8itDfHYAstQPlkh0vJjktB1w6wtY7fDdl1rciUfDODAHpJFPA5aCVca79lU8jYgmj50H2MuidddlJwoPCU0itOkFmO3YcfrkIiAKBdWiHWZu&s=1"}, "title": "Human trafficking \u20182nd highest rising crime in Tennessee\u2019", "type": "share", "url": "https://l.facebook.com/l.php?u=https%3A%2F%2Fbuff.ly%2F2MvLkbE&h=AT0-ZJoaMmRT9d0nkCwn8itDfHYAstQPlkh0vJjktB1w6wtY7fDdl1rciUfDODAHpJFPA5aCVca79lU8jYgmj50H2MuidddlJwoPCU0itOkFmO3YcfrkIiAKBdWiHWZu&s=1"}]}, "id": "1003344626383879_2523466611038332"}