{"created_time": "2017-06-18T11:14:02+0000", "message": "#HelpErase #HumanTrafficking #CreatingChange", "message_tags": [{"id": "600288956648476", "name": "#helpERASE", "offset": 0, "length": 10}, {"id": "146391798860479", "name": "#humantrafficking", "offset": 11, "length": 17}, {"id": "146366755540354", "name": "#creatingchange", "offset": 29, "length": 15}], "permalink_url": "https://www.facebook.com/1003344626383879/posts/1513850091999994/", "attachments": {"data": [{"description": "SAVANNAH, Ga. \u2013 The Transportation Security Administration advises everyone travelingto the skies this summer to be on the look out for passengers who might be victims of human trafficking. T\u2026", "media": {"image": {"height": 720, "src": "https://external-lax3-1.xx.fbcdn.net/safe_image.php?w=720&h=720&url=https%3A%2F%2Fbuffer-media-uploads.s3.amazonaws.com%2F594594e5d350df1e0ea6fb96%2F906c8093c247d8d3fb9e5188e16794d143129e06_0e584e0ba4e0c8c9c4ffb30536a85bc8af6638ac_facebook&cfs=1&sx=285&sy=0&sw=900&sh=900&_nc_cb=1&_nc_hash=AQFa8Ndjup_nmn9B", "width": 720}}, "target": {"url": "http://l.facebook.com/l.php?u=http%3A%2F%2Fbuff.ly%2F2sKVxb3&h=AT2Z9Bnz1qLaDucL-zLixx22nC9E-sG2V-bH41dGxLbOOKUoyTjX_GNaIKTlcuYqsuBwCTzQI2HBDn-SmF2GHSZjk4gDWGWbe1Pr0RuDfpfwCNNmaTq31RoT7h6Piqpg&s=1"}, "title": "Know the warning signs: Human trafficking in airports", "type": "share", "url": "http://l.facebook.com/l.php?u=http%3A%2F%2Fbuff.ly%2F2sKVxb3&h=AT2Z9Bnz1qLaDucL-zLixx22nC9E-sG2V-bH41dGxLbOOKUoyTjX_GNaIKTlcuYqsuBwCTzQI2HBDn-SmF2GHSZjk4gDWGWbe1Pr0RuDfpfwCNNmaTq31RoT7h6Piqpg&s=1"}]}, "id": "1003344626383879_1513850091999994"}