{"created_time": "2017-05-16T23:07:19+0000", "message": "Thanks to the efforts of a social worker and law enforcement, two minors were recovered from a man who intended on trafficking the girls. \n#SpeakUp #HelpERASE", "message_tags": [{"id": "425757387509992", "name": "#SpeakUp", "offset": 139, "length": 8}, {"id": "600288956648476", "name": "#helpERASE", "offset": 148, "length": 10}], "permalink_url": "https://www.facebook.com/1003344626383879/posts/1477233462328324/", "attachments": {"data": [{"description": "Robert McCaw also is accused of rape and providing a child with meth, according to court documents.", "media": {"image": {"height": 405, "src": "https://external-lax3-1.xx.fbcdn.net/safe_image.php?d=AQHtz7eK616lLBz1&w=405&h=405&url=https%3A%2F%2Fwww.gannett-cdn.com%2F-mm-%2F02113c5f2fee42f4300e8a808bd0cbbfa8ede99b%2Fc%3D205-0-4538-3258%26r%3Dx408%26c%3D540x405%2Flocal%2F-%2Fmedia%2F2017%2F05%2F15%2FSpringfield%2FSpringfield%2F636304600831050357-tSex-trafficing-house00003.jpg&cfs=1&_nc_cb=1&_nc_hash=AQHDb27paqPPxJ3U", "width": 405}}, "target": {"url": "http://l.facebook.com/l.php?u=http%3A%2F%2Fbuff.ly%2F2rkQqdW&h=AT1kuJhqYHiEjJIrVtYSCV_hcRwB6RSwI3xickNr6PXvHqflksUcdIfr4wvjKJ3Q4qZ0YAeb4Zz-_sxXUm3mZ5HzdnMGmO02nZ_LaYnONfsOeupT3hPjFH6LYhBIyBLc&s=1"}, "title": "Springfield man planned sex trafficking of two girls, police say", "type": "share", "url": "http://l.facebook.com/l.php?u=http%3A%2F%2Fbuff.ly%2F2rkQqdW&h=AT1kuJhqYHiEjJIrVtYSCV_hcRwB6RSwI3xickNr6PXvHqflksUcdIfr4wvjKJ3Q4qZ0YAeb4Zz-_sxXUm3mZ5HzdnMGmO02nZ_LaYnONfsOeupT3hPjFH6LYhBIyBLc&s=1"}]}, "id": "1003344626383879_1477233462328324"}