{"created_time": "2018-08-28T14:04:03+0000", "message": "\u201cFor probably the first two years I came out of the life, I didn\u2019t even know I was a victim. It wasn\u2019t until I started hearing and seeing scenarios of different cases and people when I said, \u2018Oh my God, that\u2019s me.\u2019\"", "permalink_url": "https://www.facebook.com/1003344626383879/posts/2003706863014312/", "attachments": {"data": [{"description": "Area officials say Humboldt County\u2019s rural isolation and black market drug trade provide an environment in which human trafficking can thrive. But while local reports of the crime number in the hundreds \u2014 and have nearly tripled over a t", "media": {"image": {"height": 720, "src": "https://external-lax3-1.xx.fbcdn.net/safe_image.php?d=AQHWlYc0dVNBK20M&w=720&h=720&url=http%3A%2F%2Fwww.times-standard.com%2Fapps%2Fpbcsi.dll%2Fstoryimage%2FNJ%2F20180826%2FNEWS%2F180829896%2FAR%2F0%2FAR-180829896.jpg%3FMaxh%3D1500%26Maxw%3D1500&cfs=1&sx=202&sy=0&sw=1005&sh=1005&_nc_cb=1&_nc_hash=AQEAUS6e2v_0bOf3", "width": 720}}, "target": {"url": "https://l.facebook.com/l.php?u=https%3A%2F%2Fbuff.ly%2F2obdV8T&h=AT3na1Zto9tKVSHYbLW0FhwcKmzXTxQUBXuL-jr0bj8HNmpFe9zA_4eM9bwhjjMbvsbpsRwconiCV3ca-1xPC1mI6F3iXAaDGGwVpW3-195rJGUvZ0xsib8RE0cFWOgt&s=1"}, "title": "Humboldt County officials seek unified approach to human trafficking as reports rise", "type": "share", "url": "https://l.facebook.com/l.php?u=https%3A%2F%2Fbuff.ly%2F2obdV8T&h=AT3na1Zto9tKVSHYbLW0FhwcKmzXTxQUBXuL-jr0bj8HNmpFe9zA_4eM9bwhjjMbvsbpsRwconiCV3ca-1xPC1mI6F3iXAaDGGwVpW3-195rJGUvZ0xsib8RE0cFWOgt&s=1"}]}, "id": "1003344626383879_2003706863014312"}