{"created_time": "2018-08-24T20:10:07+0000", "message": "\u201cThere are a ton of sites\u201d that are new after the closing of Craigslist and Backpage ads, Webb said. \u201cDaily we will find new sites.\u201d\"", "permalink_url": "https://www.facebook.com/1003344626383879/posts/1998936680157997/", "attachments": {"data": [{"description": "Police and advocates are scrambling to adapt after Backpage and Craigslist personals were shut down.", "media": {"image": {"height": 630, "src": "https://external-lax3-1.xx.fbcdn.net/safe_image.php?d=AQGlxJL37Gr1VpCw&w=630&h=630&url=http%3A%2F%2Fstmedia.stimg.co%2Fows_150957490010368.jpg%3Fh%3D630%26w%3D1200%26fit%3Dcrop%26bg%3D999%26crop%3Dfaces&cfs=1&sx=378&sy=0&sw=630&sh=630&_nc_cb=1&_nc_hash=AQH_rnjUTe8HM0f8", "width": 630}}, "target": {"url": "https://l.facebook.com/l.php?u=https%3A%2F%2Fbuff.ly%2F2wijAxE&h=AT3GWsgKNki_yKI-P7oFj-LoNz52oD5ooD4aJSevvWA-2hqTndtZHI-TyLEv6YTDDgvgFr29JXsS1dd5ir6YKiSNOxTda56y8_5MUmpF0rhMVBtVM-5oYthe2PCI-c7U&s=1"}, "title": "Authorities face new challenges as sex trafficking moves to new sites, mobile apps", "type": "share", "url": "https://l.facebook.com/l.php?u=https%3A%2F%2Fbuff.ly%2F2wijAxE&h=AT3GWsgKNki_yKI-P7oFj-LoNz52oD5ooD4aJSevvWA-2hqTndtZHI-TyLEv6YTDDgvgFr29JXsS1dd5ir6YKiSNOxTda56y8_5MUmpF0rhMVBtVM-5oYthe2PCI-c7U&s=1"}]}, "id": "1003344626383879_1998936680157997"}