{"created_time": "2018-08-06T14:04:15+0000", "message": "\"In Iowa alone, in any given month, there are about 1,000 ads on the internet for commercial sex, says Stephen O\u2019Meara, a retired human trafficking coordinator with the Nebraska Attorney General's Office\"", "permalink_url": "https://www.facebook.com/1003344626383879/posts/1967199773331688/", "attachments": {"data": [{"description": "Human trafficking - illegally transporting people for forced labor or commercial sex - is one of the world\u2019s largest criminal industries found in every", "media": {"image": {"height": 530, "src": "https://external-lax3-1.xx.fbcdn.net/safe_image.php?d=AQHTANmde4SLj9ha&w=530&h=530&url=http%3A%2F%2Fmediad.publicbroadcasting.net%2Fp%2Fipr%2Ffiles%2Fstyles%2Fmedium%2Fpublic%2F201808%2Fchildren-hands.jpg&cfs=1&_nc_cb=1&_nc_hash=AQGGy_QDSRpBU0M7", "width": 530}}, "target": {"url": "https://l.facebook.com/l.php?u=https%3A%2F%2Fbuff.ly%2F2LZG7t9&h=AT1Bekj2fGuSMHOjCWunRI4O2yVwsQACR91wf48JOOF3m7AiokHvhVppskKwab-5H07umQ-ymCKBtskNqUtPcc75IFBpK3qjLAXnunLOEJCpw0RAWLdfmxpqVotkKj-z&s=1"}, "title": "Former Investigator: \"If there are no buyers, there is no sex trafficking\"", "type": "share", "url": "https://l.facebook.com/l.php?u=https%3A%2F%2Fbuff.ly%2F2LZG7t9&h=AT1Bekj2fGuSMHOjCWunRI4O2yVwsQACR91wf48JOOF3m7AiokHvhVppskKwab-5H07umQ-ymCKBtskNqUtPcc75IFBpK3qjLAXnunLOEJCpw0RAWLdfmxpqVotkKj-z&s=1"}]}, "id": "1003344626383879_1967199773331688"}