{"created_time": "2018-07-17T13:00:58+0000", "message": "Fayetteville Police Department\u2019s Human Trafficking Unit and Sheriff Ennis W. Wright: Cumberland County NC's Human Trafficking Unit along with other law enforcement agencies and non- profits in their region are dedicated to and helping victims of human trafficking. Great job on disrupting illicit massage businesses in NC!", "message_tags": [{"id": "115138755183808", "name": "Fayetteville Police Department", "type": "page", "offset": 0, "length": 30}, {"id": "297216125951", "name": "Sheriff Ennis W. Wright:  Cumberland County NC", "type": "page", "offset": 60, "length": 45}], "permalink_url": "https://www.facebook.com/1003344626383879/posts/1933945163323816/", "attachments": {"data": [{"description": "(Fayetteville, NC) \u2013 On Tuesday, July 10, 2018, detectives with the Fayetteville Police Department\u2019s Human Trafficking Unit along with members of the Cumberland County Sheriff\u2019s Office Human Trafficking Unit, Durham County Sheriff\u2019s Office, US Army Criminal Investigation Command at Fort Brag...", "media": {"image": {"height": 480, "src": "https://external-lax3-1.xx.fbcdn.net/safe_image.php?d=AQGqT-4GyTfAubk3&w=480&h=480&url=http%3A%2F%2Ffayettevillenc.gov%2FHome%2FShowImage%3Fid%3D9623%26t%3D636672960000000000&cfs=1&_nc_cb=1&_nc_hash=AQE-yDyBHsE3lf_H", "width": 480}}, "target": {"url": "http://l.facebook.com/l.php?u=http%3A%2F%2Ffayettevillenc.gov%2FHome%2Fs%2FYL6L19RQ&h=AT2VYTIhIqA7pDcVNT366Uil2Z-zYNiy88CDvSl5qa0jnziHMu5X5kWL_1lXKQE34OyDexQDMhjGbAQe2oXixJ7tb9ocjvwWdexvjezsXXFdReznop-TIMLp1vXOboGS&s=1"}, "title": "Suspect Arrested for Human Trafficking", "type": "share", "url": "http://l.facebook.com/l.php?u=http%3A%2F%2Ffayettevillenc.gov%2FHome%2Fs%2FYL6L19RQ&h=AT2VYTIhIqA7pDcVNT366Uil2Z-zYNiy88CDvSl5qa0jnziHMu5X5kWL_1lXKQE34OyDexQDMhjGbAQe2oXixJ7tb9ocjvwWdexvjezsXXFdReznop-TIMLp1vXOboGS&s=1"}]}, "id": "1003344626383879_1933945163323816"}