{"created_time": "2019-08-09T14:04:01+0000", "message": "\"The sting happened in July and resulted in the identification of 21 minors, rescue of 82 minors and arrest of 67 suspected traffickers. It also prompted 60 federal investigations.\"", "permalink_url": "https://www.facebook.com/1003344626383879/posts/2540693242649002/", "attachments": {"data": [{"description": "A sex-trafficking sting was conducted in July that resulted in 103 juveniles being identified or rescued and the arrest\u00a0of 67 suspected traffickers.", "media": {"image": {"height": 360, "src": "https://external-lax3-1.xx.fbcdn.net/safe_image.php?d=AQHpRHSVPT5HrxFK&w=360&h=360&url=https%3A%2F%2Fmedia.my9nj.com%2Fmedia.my9nj.com%2Fphoto%2F2019%2F08%2F08%2Fpublicimage_fbisexstingarrest_080819_1565300651324_7582047_ver1.0_640_360.jpg&cfs=1&_nc_cb=1&_nc_hash=AQEeGTVgeXJ9I2nU", "width": 360}}, "target": {"url": "https://l.facebook.com/l.php?u=https%3A%2F%2Fbuff.ly%2F2yP1oNI&h=AT2owyTzarup62TezrgDCJ7n8veBhvlINTL5Mty1O8mdSCakl8w8mclTBiylxUVglPThpZfBoYtsslZImS1bZraYhgxriJ94mnkd6s72TzzLPr4PBJDY2Ss8g3fyPLY3&s=1"}, "title": "82 juvenile sex-trafficking victims rescued, 67 suspects arrested in nationwide FBI sting", "type": "share", "url": "https://l.facebook.com/l.php?u=https%3A%2F%2Fbuff.ly%2F2yP1oNI&h=AT2owyTzarup62TezrgDCJ7n8veBhvlINTL5Mty1O8mdSCakl8w8mclTBiylxUVglPThpZfBoYtsslZImS1bZraYhgxriJ94mnkd6s72TzzLPr4PBJDY2Ss8g3fyPLY3&s=1"}]}, "id": "1003344626383879_2540693242649002"}