{"created_time": "2018-10-29T11:23:14+0000", "permalink_url": "https://www.facebook.com/1003344626383879/posts/2080401518678179/", "attachments": {"data": [{"description": "A 16-year-old girl, who once was held captive for three months and repeatedly raped, drugged and beaten by captors, has reunited with the mailman who helped her escape. Watch the video clip below: Video credit: KTLX Teen Crystal Allen met with mailman Ivan Cristotomo on Thursday in Sacramento, Cali....", "media": {"image": {"height": 630, "src": "https://external-lax3-1.xx.fbcdn.net/safe_image.php?d=AQEKmF3CI08IRV2G&w=630&h=630&url=https%3A%2F%2Fstatic.smalljoys.me%2F2018%2F08%2Funtitled-1-25.jpg&cfs=1&sx=273&sy=0&sw=630&sh=630&_nc_cb=1&_nc_hash=AQFImz4LkYW7E3WZ", "width": 630}}, "target": {"url": "https://l.facebook.com/l.php?u=https%3A%2F%2Fwww.smalljoys.tv%2F16-year-old-girl-held-captive-three-months-reunited-mailman-helped-escape-2%2F&h=AT0mNHu-JWwCMANk2s834U_yYDAHpffjYMt0P79OZS6YFV7f5tcB-NZY1j5ExoUEulMig-zZwOUwcPeyXC6hVjoxyKt74p1OU7yUPWwxB-Vw5gBk1A11LfMOHfOiHf6I&s=1"}, "title": "16-Year-Old Girl Who Was Held Captive For Three Months Reunited With The Mailman Who Helped Her Escape", "type": "share", "url": "https://l.facebook.com/l.php?u=https%3A%2F%2Fwww.smalljoys.tv%2F16-year-old-girl-held-captive-three-months-reunited-mailman-helped-escape-2%2F&h=AT0mNHu-JWwCMANk2s834U_yYDAHpffjYMt0P79OZS6YFV7f5tcB-NZY1j5ExoUEulMig-zZwOUwcPeyXC6hVjoxyKt74p1OU7yUPWwxB-Vw5gBk1A11LfMOHfOiHf6I&s=1"}]}, "id": "1003344626383879_2080401518678179"}