{"created_time": "2020-07-28T04:36:17+0000", "message": "#Repost @unboundfortworth\n\u30fb\u30fb\u30fb\nWEAR BLUE this Thursday and join us by observing the United Nation\u2019s World Day Against Trafficking in Persons, July 30. Snap a selfie of yourself in blue with the tag @unboundfortworth. \n\nJoin the fight on a local level by becoming a monthly supporter of Unbound or helping provide donations for survivors. Find out more out at unboundfortworth.org.\n\n#notinmycity #endtrafficking #ignitehope #worlddayagainsttrafficking #worlddayagainsttraffickinginpersons #worlddayagainsthumantrafficking #fortworth #texas #humantrafficking #sextrafficking", "message_tags": [{"id": "141106619392182", "name": "#Repost", "offset": 0, "length": 7}, {"id": "145527998958612", "name": "#NotInMyCity", "offset": 381, "length": 12}, {"id": "141769062661365", "name": "#EndTrafficking", "offset": 394, "length": 15}, {"id": "636343366382016", "name": "#IgniteHope", "offset": 410, "length": 11}, {"id": "797026470338153", "name": "#WorldDayAgainstTrafficking", "offset": 422, "length": 27}, {"id": "738063672903810", "name": "#WorldDayAgainstTraffickinginPersons", "offset": 450, "length": 36}, {"id": "636275663134534", "name": "#WorldDayAgainstHumanTrafficking", "offset": 487, "length": 32}, {"id": "336886599765117", "name": "#fortworth", "offset": 520, "length": 10}, {"id": "454165764663101", "name": "#texas", "offset": 531, "length": 6}, {"id": "146391798860479", "name": "#humantrafficking", "offset": 538, "length": 17}, {"id": "602800239750132", "name": "#Sextrafficking", "offset": 556, "length": 15}], "permalink_url": "https://www.facebook.com/helperase/photos/a.1029649477086727/3336777466373905/?type=3", "attachments": {"data": [{"description": "#Repost @unboundfortworth\n\u30fb\u30fb\u30fb\nWEAR BLUE this Thursday and join us by observing the United Nation\u2019s World Day Against Trafficking in Persons, July 30. Snap a selfie of yourself in blue with the tag @unboundfortworth. \n\nJoin the fight on a local level by becoming a monthly supporter of Unbound or helping provide donations for survivors. Find out more out at unboundfortworth.org.\n\n#notinmycity #endtrafficking #ignitehope #worlddayagainsttrafficking #worlddayagainsttraffickinginpersons #worlddayagainsthumantrafficking #fortworth #texas #humantrafficking #sextrafficking", "media": {"image": {"height": 720, "src": "https://scontent-lax3-2.xx.fbcdn.net/v/t1.0-9/p720x720/116220465_3336777473040571_7008058182350966202_o.jpg?_nc_cat=106&ccb=1-3&_nc_sid=2d5d41&_nc_ohc=q6vC5_tKgg8AX_B8K2o&_nc_ht=scontent-lax3-2.xx&tp=6&oh=435b1df1c7c1238ca20238075f2c9bee&oe=6070B4E0", "width": 720}}, "target": {"id": "3336777466373905", "url": "https://www.facebook.com/helperase/photos/a.1029649477086727/3336777466373905/?type=3"}, "title": "Timeline Photos", "type": "photo", "url": "https://www.facebook.com/helperase/photos/a.1029649477086727/3336777466373905/?type=3"}]}, "id": "1003344626383879_3336777466373905"}