{"created_time": "2019-08-09T20:10:03+0000", "message": "\"Lt. Sean Swain, a public information officer with the Cumberland County Sheriff's Office, says the operation involved Fayetteville PD, and a non-profit group called Five Sparrows.\"", "permalink_url": "https://www.facebook.com/1003344626383879/posts/2541187949266198/", "attachments": {"data": [{"description": "Eleven people are facing charges after several agencies in Cumberland County conducted a human trafficking and prostitution operation during the weekend.", "media": {"image": {"height": 720, "src": "https://external-lax3-1.xx.fbcdn.net/safe_image.php?d=AQHlKxGx8qGvCqkR&w=720&h=720&url=https%3A%2F%2Fcdn.abcotvs.com%2Fdip%2Fimages%2F5451341_080719-wtvd-prostitution-sting-10pm-vid.jpg%3Fw%3D1600&cfs=1&sx=511&sy=0&sw=900&sh=900&_nc_cb=1&_nc_hash=AQGPb14WFkHqM4lF", "width": 720}}, "target": {"url": "https://l.facebook.com/l.php?u=https%3A%2F%2Fbuff.ly%2F2MNYW2k&h=AT3ZcOQh1s1V-q0z8hUZEkxAEmDjNgEUsvUtJa4MZ2tNOhhIYvYJDkwg373izNmyFElLPPaJ7cywmT8K1FYPyTkha73a6lMVWRnnv5XI0rFFWvMCzvQ4qAfEY_zMqOjJ&s=1"}, "title": "11 arrested in human trafficking, prostitution sting in Cumberland County", "type": "share", "url": "https://l.facebook.com/l.php?u=https%3A%2F%2Fbuff.ly%2F2MNYW2k&h=AT3ZcOQh1s1V-q0z8hUZEkxAEmDjNgEUsvUtJa4MZ2tNOhhIYvYJDkwg373izNmyFElLPPaJ7cywmT8K1FYPyTkha73a6lMVWRnnv5XI0rFFWvMCzvQ4qAfEY_zMqOjJ&s=1"}]}, "id": "1003344626383879_2541187949266198"}