{"created_time": "2017-10-08T20:04:00+0000", "message": "Stories of sexual abuse and assault involving children are a horrific reality. Because of this, parents unfortunately have to educate their children on sex trafficking, abuse and assault starting at a young age to hopefully avoid adding to the statistics.", "permalink_url": "https://www.facebook.com/1003344626383879/posts/1626007784117557/", "attachments": {"data": [{"description": "Stories of sexual abuse and assault involving children are a horrific reality. Because of this, parents unfortunately have to educate their children on sex trafficking, abuse and assault starting at", "media": {"image": {"height": 527, "src": "https://external-lax3-1.xx.fbcdn.net/safe_image.php?d=AQEXF3PXFKiINwn_&w=527&h=527&url=https%3A%2F%2Fbuffer-media-uploads.s3.amazonaws.com%2F59d7a6f758c094713eb03837%2Fb1780c9b0fc662fd902b480790c0019db146a5a1_8b1c645e178c1f07d66d6bfe74d7bf13916917e0_facebook&cfs=1&_nc_cb=1&_nc_hash=AQG5IY11DX_WZW0s", "width": 527}}, "target": {"url": "http://l.facebook.com/l.php?u=http%3A%2F%2Fj.mp%2F2y4PfVQ&h=AT2Gh6xrTbReI6YSmOXpYdwan1i8vpr7dWJai15Zws_F6raW2Owey-Ty2gyBHxFmn_OlSw-0BbPv3LSayOWbSE610YzhTiffcy6x50s8fW10WTb97vNJYRYI1CFQ5P8a&s=1"}, "title": "6 rules EVERY child needs to know to safeguard them from sexual abuse", "type": "share", "url": "http://l.facebook.com/l.php?u=http%3A%2F%2Fj.mp%2F2y4PfVQ&h=AT2Gh6xrTbReI6YSmOXpYdwan1i8vpr7dWJai15Zws_F6raW2Owey-Ty2gyBHxFmn_OlSw-0BbPv3LSayOWbSE610YzhTiffcy6x50s8fW10WTb97vNJYRYI1CFQ5P8a&s=1"}]}, "id": "1003344626383879_1626007784117557"}