{"created_time": "2017-09-18T00:27:39+0000", "message": "\u201cThis is a classic case of human trafficking, in which the perpetrators isolated and intimidated a vulnerable victim so they could exploit her for their profit.\u201d\n\nTraffickers do not fit a stereotyped look.  They can be someone in your neighborhood.", "permalink_url": "https://www.facebook.com/1003344626383879/posts/1607012699350399/", "attachments": {"data": [{"description": "A New Jersey woman who went by the nickname \u201cChina White\u201d pleaded guilty Wednesday to forcing a 16-year-old girl from New York into prostitution, officials said. Jessica Copeland, 29, p\u2026", "media": {"image": {"height": 720, "src": "https://external-lax3-1.xx.fbcdn.net/safe_image.php?d=AQEAPUeT3eTbYUyi&w=720&h=720&url=http%3A%2F%2Fthenypost.files.wordpress.com%2F2017%2F09%2Fcopeland.jpg%3Fquality%3D90%26strip%3Dall%26w%3D1200&cfs=1&sx=177&sy=0&sw=800&sh=800&_nc_cb=1&_nc_hash=AQElucTRhlGDDJhy", "width": 720}}, "target": {"url": "http://l.facebook.com/l.php?u=http%3A%2F%2Fnyp.st%2F2wtngut&h=AT0y9Ky2lO2FRLoxSxQxy6A4tQI0J3WNwsJHofPfpzbk8BI63zAlFq2TDxuVrJW1obfxKJvTWd9OsTWLIX1ZiTEv5Os_yxx967oE2ieh4dUOt4IzycsJv30qOJEwK6rX&s=1"}, "title": "Woman admits forcing 16-year-old into \u2018hellish life of sexual slavery\u2019", "type": "share", "url": "http://l.facebook.com/l.php?u=http%3A%2F%2Fnyp.st%2F2wtngut&h=AT0y9Ky2lO2FRLoxSxQxy6A4tQI0J3WNwsJHofPfpzbk8BI63zAlFq2TDxuVrJW1obfxKJvTWd9OsTWLIX1ZiTEv5Os_yxx967oE2ieh4dUOt4IzycsJv30qOJEwK6rX&s=1"}]}, "id": "1003344626383879_1607012699350399"}