{"created_time": "2018-09-05T23:05:19+0000", "message": "Fundraisers, Marketing & Ethics - where do you fit in?  #HelpERASE", "message_tags": [{"id": "600288956648476", "name": "#helpERASE", "offset": 56, "length": 10}], "permalink_url": "https://www.facebook.com/helperase/videos/318749828681588/", "attachments": {"data": [{"media": {"image": {"height": 640, "src": "https://scontent-lax3-1.xx.fbcdn.net/v/t15.5256-10/38948158_318753222014582_6687010693981405184_n.jpg?_nc_cat=101&ccb=1-3&_nc_sid=ad6a45&_nc_ohc=DyISD7YxlmcAX_qsj-l&_nc_ht=scontent-lax3-1.xx&oh=abb6e0c8e49eb44a888824c0d42ee523&oe=607166A0", "width": 360}}, "target": {"id": "318749828681588", "url": "https://www.facebook.com/helperase/videos/318749828681588/"}, "type": "video_inline", "url": "https://www.facebook.com/helperase/videos/318749828681588/"}]}, "id": "1003344626383879_318749828681588"}