{"created_time": "2019-08-28T20:10:02+0000", "message": "With mental chains, traffickers are able to control victims from jail.\n\n\u201cThis pimp was in jail and then made minor girls prostitute themselves so he could get bail money to bond out of jail.\u201d #humantrafficking \n\nhttps://buff.ly/2zs52NS", "message_tags": [{"id": "146391798860479", "name": "#humantrafficking", "offset": 192, "length": 17}], "permalink_url": "https://www.facebook.com/helperase/photos/a.1029649477086727/2575174872534172/?type=3", "attachments": {"data": [{"description": "With mental chains, traffickers are able to control victims from jail.\n\n\u201cThis pimp was in jail and then made minor girls prostitute themselves so he could get bail money to bond out of jail.\u201d #humantrafficking \n\nhttps://buff.ly/2zs52NS", "media": {"image": {"height": 481, "src": "https://scontent-lax3-2.xx.fbcdn.net/v/t1.0-9/s720x720/69309578_2575174879200838_7309393825024180224_n.jpg?_nc_cat=111&ccb=1-3&_nc_sid=da1649&_nc_ohc=kJsFcX2OLCgAX9ku4Gz&_nc_ht=scontent-lax3-2.xx&tp=7&oh=249906f33bb30b4d8e2ac883c100c5bf&oe=606F8404", "width": 720}}, "target": {"id": "2575174872534172", "url": "https://www.facebook.com/helperase/photos/a.1029649477086727/2575174872534172/?type=3"}, "title": "Timeline Photos", "type": "photo", "url": "https://www.facebook.com/helperase/photos/a.1029649477086727/2575174872534172/?type=3"}]}, "id": "1003344626383879_2575174872534172"}