{"created_time": "2017-09-28T19:20:17+0000", "message": "The biggest problem is lack of awareness. Hotel staff and guests don\u2019t realize that trafficking is happening, or how to recognize the signs. Even if they do sense that a situation is suspicious, they may not know how to report it or whether it\u2019s worth reporting at all.", "permalink_url": "https://www.facebook.com/1003344626383879/posts/1616717751713227/", "attachments": {"data": [{"description": "[Episcopal News Service] She strode through midtown Manhattan with purpose, her black tote bag held close as she dropped a dollar into the jangling coffee can of a street person stationed on a corn\u2026", "media": {"image": {"height": 720, "src": "https://external-lax3-1.xx.fbcdn.net/safe_image.php?d=AQFXo-ZbDQTEQwM3&w=720&h=720&url=https%3A%2F%2Fbuffer-media-uploads.s3.amazonaws.com%2F59c6ba3197d6199729fc1f0b%2F97f8b9383a481863615356dbc3364c634a4b484a_12e94affc30689b86e68295d0968bb1250a658b4_facebook&cfs=1&sx=24&sy=0&sw=852&sh=852&_nc_cb=1&_nc_hash=AQFNuxnlY1RM8nYT", "width": 720}}, "target": {"url": "http://l.facebook.com/l.php?u=http%3A%2F%2Fj.mp%2F2wdjN3P&h=AT3PdDTt3nwhozb6edDLVN60_vKezo4QtsHEDcQIwIMHZbTWekhQ1X3SjQJJZD8_-IqzXW2A_okSf5w1YfLNUxVy3Z2b0_ezVJ6Ikqu_lfyat23p_mbqHJT2AVwn2R7x&s=1"}, "title": "This New York priest is on a mission to help children trapped in sex trafficking at hotels", "type": "share", "url": "http://l.facebook.com/l.php?u=http%3A%2F%2Fj.mp%2F2wdjN3P&h=AT3PdDTt3nwhozb6edDLVN60_vKezo4QtsHEDcQIwIMHZbTWekhQ1X3SjQJJZD8_-IqzXW2A_okSf5w1YfLNUxVy3Z2b0_ezVJ6Ikqu_lfyat23p_mbqHJT2AVwn2R7x&s=1"}]}, "id": "1003344626383879_1616717751713227"}