{"created_time": "2017-09-27T20:04:00+0000", "message": "\"Anyone who calls this number will receive assistance,\" Aaron Rouse, the FBI agent in charge in Las Vegas, told reporters at an announcement timed to coincide with images appearing on 10 electronic billboards at busy crossroads and freeways around Sin City.\n\"This is not about law enforcement,\" Rouse said. \"This is about saving lives.\"", "permalink_url": "https://www.facebook.com/1003344626383879/posts/1615894768462192/", "attachments": {"data": [{"description": "The FBI in Las Vegas is teaming with a billboard company to raise the profile of efforts to stop human trafficking in a state where brothels are legal in rural counties, but prostitution is illegal\u2026", "media": {"image": {"height": 712, "src": "https://external-lax3-1.xx.fbcdn.net/safe_image.php?d=AQEc6hx7RqLyUW--&w=712&h=712&url=https%3A%2F%2Fbuffer-media-uploads.s3.amazonaws.com%2F59c6b8ca2edc4e5223fc1f27%2F2fc7c0fab1ef68fcb1768566e1c2a7a09e8a627a_8f0cb7366f40eed317df6bfeb45ea7149f322c2a_facebook&cfs=1&sx=170&sy=0&sw=712&sh=712&_nc_cb=1&_nc_hash=AQETdv0zkAVKlmVI", "width": 712}}, "target": {"url": "http://l.facebook.com/l.php?u=http%3A%2F%2Fj.mp%2F2hpMwMQ&h=AT35Rb24Y1A1pl-WZNwMZ5cfwqXlmhR-6BLYJnRHOjgWq-62viOt8ktmUnBRiYpS74DKNMxwQ6x2GYPtNp9jtl9cOa54GqJMeuATbk23HCnoNiDCLjaZ-0AJQMKRILLG&s=1"}, "title": "FBI, billboard firm begin Vegas human trafficking campaign", "type": "share", "url": "http://l.facebook.com/l.php?u=http%3A%2F%2Fj.mp%2F2hpMwMQ&h=AT35Rb24Y1A1pl-WZNwMZ5cfwqXlmhR-6BLYJnRHOjgWq-62viOt8ktmUnBRiYpS74DKNMxwQ6x2GYPtNp9jtl9cOa54GqJMeuATbk23HCnoNiDCLjaZ-0AJQMKRILLG&s=1"}]}, "id": "1003344626383879_1615894768462192"}