{"created_time": "2018-03-10T21:04:05+0000", "message": "The app, called Operation Compass, was launched in December 2015 and allows users to anonymously report cases of human trafficking from anywhere in the U.S. Reports are immediately sent to service providers and law enforcement, who are able to locate the reported instance and take action against human traffickers.", "permalink_url": "https://www.facebook.com/1003344626383879/posts/1784483804936620/", "attachments": {"data": [{"description": "Lisa Mercer, assistant professor in graphic design and founder of Operation Compass, is working to combat human trafficking with the creation of a new app. According to the National Human Trafficking Hotline, Illinois has the 10th most reported cases of human trafficking as of 2017.The app, called O...", "media": {"image": {"height": 496, "src": "https://external-lax3-1.xx.fbcdn.net/safe_image.php?d=AQFcgTmJVg6x0Y4K&w=496&h=496&url=https%3A%2F%2Fdailyillini.com%2Fwp-content%2Fuploads%2F2018%2F03%2FA7_OC-App.jpg&cfs=1&_nc_cb=1&_nc_hash=AQHavzasEEj3BR0D", "width": 496}}, "target": {"url": "https://l.facebook.com/l.php?u=https%3A%2F%2Fbuff.ly%2F2FsTjjv&h=AT1OKNlkIDNY2o6QHxAIEUJ55C8sOqiCDv-3pAlAyMdMVzPolr04SAvZUycqSQa6owO0IRTO8vmTcu-ikUk-eg_89t1DjYvnLmb5IUahflk2f-DcTo2dLcuCtom_Ltne&s=1"}, "title": "Assistant professor pioneers app to combat human trafficking", "type": "share", "url": "https://l.facebook.com/l.php?u=https%3A%2F%2Fbuff.ly%2F2FsTjjv&h=AT1OKNlkIDNY2o6QHxAIEUJ55C8sOqiCDv-3pAlAyMdMVzPolr04SAvZUycqSQa6owO0IRTO8vmTcu-ikUk-eg_89t1DjYvnLmb5IUahflk2f-DcTo2dLcuCtom_Ltne&s=1"}]}, "id": "1003344626383879_1784483804936620"}