{"created_time": "2018-01-19T19:34:06+0000", "message": "The statement below is why we focus on law enforcement training.\n\n\u201cI\u2019ve been a cop for 30 years and I had no clue,\u201d said Philadelphia Police Lieutenant Gary Ferguson. \u201cNo idea that human trafficking and prostitution was this big a problem in Philadelphia.\u201d", "permalink_url": "https://www.facebook.com/1003344626383879/posts/1731790740205927/", "attachments": {"data": [{"description": "Hundreds of illicit massage parlors in our area may be involved in human trafficking, according to a new report.", "media": {"image": {"height": 675, "src": "https://external-lax3-1.xx.fbcdn.net/safe_image.php?d=AQF5naZAnLFFTaZv&w=675&h=675&url=https%3A%2F%2Fmedia.nbcphiladelphia.com%2Fimages%2F1200%2A675%2FIllicit-Massage-Parlor-Crackdown-Photo.jpg&cfs=1&_nc_cb=1&_nc_hash=AQF60CGZbwDJ7lHD", "width": 675}}, "target": {"url": "https://l.facebook.com/l.php?u=https%3A%2F%2Fwww.nbcphiladelphia.com%2Fnews%2Flocal%2FHuman-Trafficking-Report-Illicit-Massage-Parlors-Businesses-Philadelphia-Pennsylvania-New-Jersey-Delaware-469801113.html&h=AT3a7MDG8rh8rO7LjEo4Q-2AWwCnI9gMhoRqwZewIc2pnT1vmb_NJT5p4dhsL0S9hLQ9uFwBR8_hMYzxLjRb-Kjvi8SQIHzr3jwa1Ac3mNtgJSMQvfTBWjFXhLeJv7eS&s=1"}, "title": "Trafficking Report: 700 Illicit Massage Parlors in Our Area", "type": "share", "url": "https://l.facebook.com/l.php?u=https%3A%2F%2Fwww.nbcphiladelphia.com%2Fnews%2Flocal%2FHuman-Trafficking-Report-Illicit-Massage-Parlors-Businesses-Philadelphia-Pennsylvania-New-Jersey-Delaware-469801113.html&h=AT3a7MDG8rh8rO7LjEo4Q-2AWwCnI9gMhoRqwZewIc2pnT1vmb_NJT5p4dhsL0S9hLQ9uFwBR8_hMYzxLjRb-Kjvi8SQIHzr3jwa1Ac3mNtgJSMQvfTBWjFXhLeJv7eS&s=1"}]}, "id": "1003344626383879_1731790740205927"}