{"created_time": "2017-07-27T13:14:01+0000", "message": "The \"silent crime\" of human trafficking, and especially child sex trafficking, is getting a tiny bit louder.-Paving the Way\n #HelpErase #GiveFreedom", "message_tags": [{"id": "133685910134889", "name": "Paving the Way", "type": "page", "offset": 109, "length": 14}, {"id": "600288956648476", "name": "#helpERASE", "offset": 125, "length": 10}, {"id": "136724616510939", "name": "#GiveFreedom", "offset": 136, "length": 12}], "permalink_url": "https://www.facebook.com/1003344626383879/posts/1559414584110211/", "attachments": {"data": [{"description": "NEW YORK\u2014The \"silent crime\" of human trafficking, and especially child sex trafficking, is getting a tiny bit louder. Three bills aimed at curbing human tr", "media": {"image": {"height": 449, "src": "https://external-lax3-1.xx.fbcdn.net/safe_image.php?d=AQFg0644cFQyCAFR&w=449&h=449&url=https%3A%2F%2Fbuffer-media-uploads.s3.amazonaws.com%2F5977725ab6b0cd736a0e31de%2F45242b7f3d4df3e89efe6e9e11a7a134e1dfbdb9_0a245ce7f57daa6e7bd7717170f7046d58a3fe9e_facebook&cfs=1&sx=88&sy=0&sw=449&sh=449&_nc_cb=1&_nc_hash=AQF2UtBF7de3tLio", "width": 449}}, "target": {"url": "http://l.facebook.com/l.php?u=http%3A%2F%2Fbuff.ly%2F2uUeE3r&h=AT3BAYIICPy35zAPpzGbqkkTFWYmwEqUJnMowHGkEEnhSrPxNz2rHGkNlPJOjFtG4AylWNqQAdIQmdixt8R1hMjo2C7xB8a_MONjlJntdfrTND6ooYkc2rHVbULx0kbG&s=1"}, "title": "Child Sex Trafficking, a Pervasive but Hidden Crime", "type": "share", "url": "http://l.facebook.com/l.php?u=http%3A%2F%2Fbuff.ly%2F2uUeE3r&h=AT3BAYIICPy35zAPpzGbqkkTFWYmwEqUJnMowHGkEEnhSrPxNz2rHGkNlPJOjFtG4AylWNqQAdIQmdixt8R1hMjo2C7xB8a_MONjlJntdfrTND6ooYkc2rHVbULx0kbG&s=1"}]}, "id": "1003344626383879_1559414584110211"}