{"created_time": "2017-07-07T21:13:14+0000", "message": "Join us tomorrow 3pm est. as we continue our month-long awareness campaign #GiveFreedom. We are honored to have Kelley Alsobrook from Rise UP & Fight do a FB Live and share her knowledge about Human Trafficking. Please share this out and join in the conversation.", "message_tags": [{"id": "136724616510939", "name": "#GiveFreedom", "offset": 75, "length": 12}], "permalink_url": "https://www.facebook.com/1003344626383879/posts/1536927549692248/", "attachments": {"data": [{"description": "Join us tomorrow 3pm est. as we continue our month-long awareness campaign #GiveFreedom. We are honored to have Kelley Alsobrook from Rise UP & Fight do a FB Live and share her knowledge about Human Trafficking. Please share this out and join in the conversation.", "media": {"image": {"height": 604, "src": "https://scontent-lax3-1.xx.fbcdn.net/v/t1.0-9/s720x720/19875576_1536921146359555_1708897926332141362_n.jpg?_nc_cat=105&ccb=1-3&_nc_sid=8024bb&_nc_ohc=GVY79eXwSssAX_sxurc&_nc_ht=scontent-lax3-1.xx&tp=7&oh=b971aee304260b344596ae407f6c7fd8&oe=60709686", "width": 720}}, "target": {"id": "1536921146359555", "url": "https://www.facebook.com/helperase/photos/a.1029649477086727/1536921146359555/?type=3"}, "type": "photo", "url": "https://www.facebook.com/helperase/photos/a.1029649477086727/1536921146359555/?type=3"}]}, "id": "1003344626383879_1536927549692248"}