{"created_time": "2019-03-15T14:32:47+0000", "message": "\u201cSocial media is the primary method traffickers use to contact young people. They will look for those who show noticeable vulnerability through emotional neediness, low self-confidence and economic stress.\u201d https://buff.ly/2u5NO6p", "message_tags": [], "permalink_url": "https://www.facebook.com/helperase/photos/a.1029649477086727/2283127041738958/?type=3", "attachments": {"data": [{"description": "\u201cSocial media is the primary method traffickers use to contact young people. They will look for those who show noticeable vulnerability through emotional neediness, low self-confidence and economic stress.\u201d https://buff.ly/2u5NO6p", "media": {"image": {"height": 325, "src": "https://scontent-lax3-1.xx.fbcdn.net/v/t1.0-9/53761863_2283127048405624_7544805999039741952_n.jpg?_nc_cat=109&ccb=1-3&_nc_sid=2d5d41&_nc_ohc=_C109R_kkxYAX_MOiRj&_nc_ht=scontent-lax3-1.xx&oh=b3810bff4934eddeb1bda2c32a79bd38&oe=6070466D", "width": 600}}, "target": {"id": "2283127041738958", "url": "https://www.facebook.com/helperase/photos/a.1029649477086727/2283127041738958/?type=3"}, "title": "Timeline Photos", "type": "photo", "url": "https://www.facebook.com/helperase/photos/a.1029649477086727/2283127041738958/?type=3"}]}, "id": "1003344626383879_2283127041738958"}