{"created_time": "2019-01-28T21:10:03+0000", "message": "\u201cVictims are girls and young women, but increasingly they are also young boys,\u201d said Thomas. \u201cThey are not always from poor and impoverished backgrounds, and victims can come from the middle class or wealthy families. The three words that lead to this crime are greed, indifference and fear. This is a big industry, and the target is kids.\u201d", "permalink_url": "https://www.facebook.com/1003344626383879/posts/2214226111962385/", "attachments": {"data": [{"description": "STEVENSVILLE \u2014 The Queen Anne\u2019s County Free Library branch on Kent Island hosted a meeting Friday, Jan 11, to discuss the signs, reasons behind and efforts to stop human trafficking", "media": {"image": {"height": 630, "src": "https://external-lax3-1.xx.fbcdn.net/safe_image.php?d=AQHIvTN4uGFwU_J1&w=630&h=630&url=https%3A%2F%2Fbloximages.chicago2.vip.townnews.com%2Fmyeasternshoremd.com%2Fcontent%2Ftncms%2Fassets%2Fv3%2Feditorial%2F8%2F05%2F805ca66e-45d9-5005-99e1-708e3e457ea0%2F5c3d637034856.image.jpg%3Fresize%3D997%252C630&cfs=1&sx=160&sy=0&sw=630&sh=630&_nc_cb=1&_nc_hash=AQEdF60RQ5__hder", "width": 630}}, "target": {"url": "https://l.facebook.com/l.php?u=https%3A%2F%2Fbuff.ly%2F2U5DxSO&h=AT3KSChgGzjgPyJrmOjDrS1GDX-3UnPNo9Kl9epOLfjneE3wVjQJRYniqUkLHI2DmW6afGc5MZNGxCzSW5k496TmFvOGiDKaJwmPRk_sidk8mM-hp8dBJljc3hYYf9BK&s=1"}, "title": "Experts discuss fight to end human trafficking", "type": "share", "url": "https://l.facebook.com/l.php?u=https%3A%2F%2Fbuff.ly%2F2U5DxSO&h=AT3KSChgGzjgPyJrmOjDrS1GDX-3UnPNo9Kl9epOLfjneE3wVjQJRYniqUkLHI2DmW6afGc5MZNGxCzSW5k496TmFvOGiDKaJwmPRk_sidk8mM-hp8dBJljc3hYYf9BK&s=1"}]}, "id": "1003344626383879_2214226111962385"}