{"created_time": "2018-08-10T20:10:08+0000", "message": "Juvenile Delinquent or Victim of Human Trafficking?", "permalink_url": "https://www.facebook.com/1003344626383879/posts/1974516862599979/", "attachments": {"data": [{"description": "Story of a Human Trafficking Victim It\u2019s midnight. Officer Scott pulls his patrol car into the lot of a small, 24-hour convenience store. As he approaches, he peers through the decal-laden glass door to see a middle-aged man struggling to restrain an agitated 16-year old girl. The store owner had ...", "media": {"image": {"height": 384, "src": "https://external-lax3-1.xx.fbcdn.net/safe_image.php?d=AQHRJbQxuHHL3xtS&w=384&h=384&url=https%3A%2F%2Fwww.erasechildtrafficking.org%2Fwp-content%2Fuploads%2F2017%2F10%2Fshoplifter.jpg&cfs=1&sx=0&sy=87&sw=384&sh=384&_nc_cb=1&_nc_hash=AQFFqWSzLwgdGIvU", "width": 384}}, "target": {"url": "https://l.facebook.com/l.php?u=https%3A%2F%2Fbuff.ly%2F2OmwO3T&h=AT0jFyKfd-X0d-p6HjCEq7Hj0b0YB2UksdGYvyuixLI2UBJWFb062PXgfXYyYvHXyAYl9wxU18zoVJJlRQ4cHpPpu97lfLh4E3Ythnx363GxJRfku_7xyKB7Sd1We015&s=1"}, "title": "Juvenile Delinquent or Victim of Human Trafficking? | ERASE Child Trafficking", "type": "share", "url": "https://l.facebook.com/l.php?u=https%3A%2F%2Fbuff.ly%2F2OmwO3T&h=AT0jFyKfd-X0d-p6HjCEq7Hj0b0YB2UksdGYvyuixLI2UBJWFb062PXgfXYyYvHXyAYl9wxU18zoVJJlRQ4cHpPpu97lfLh4E3Ythnx363GxJRfku_7xyKB7Sd1We015&s=1"}]}, "id": "1003344626383879_1974516862599979"}