{"created_time": "2019-04-12T06:37:38+0000", "message": "#missing \n#idaho\nPlease share.", "message_tags": [{"id": "126682420847427", "name": "#missing", "offset": 0, "length": 8}, {"id": "431034263648516", "name": "#idaho", "offset": 10, "length": 6}], "permalink_url": "https://www.facebook.com/1003344626383879/posts/2334351313283197/", "attachments": {"data": [{"media": {"image": {"height": 720, "src": "https://scontent-lax3-2.xx.fbcdn.net/v/t1.0-9/s720x720/56951241_10213720470707614_4924751072305610752_o.jpg?_nc_cat=107&ccb=1-3&_nc_sid=de0e5b&_nc_ohc=EhHYKSj5BZcAX9mlMRF&_nc_ht=scontent-lax3-2.xx&tp=7&oh=633318de2cc69ed2ee910b68ae5bfaa3&oe=607068E4", "width": 508}}, "target": {"id": "10213720470667613", "url": "https://www.facebook.com/photo.php?fbid=10213720470667613&set=p.10213720470667613&type=3"}, "type": "photo", "url": "https://www.facebook.com/photo.php?fbid=10213720470667613&set=p.10213720470667613&type=3"}]}, "id": "1003344626383879_2334351313283197"}