{"created_time": "2019-01-01T03:57:14+0000", "message": "Wishing you health, peace, and joy in 2019!\n#happynewyear", "message_tags": [{"id": "296920663770363", "name": "#HappyNewYear", "offset": 44, "length": 13}], "permalink_url": "https://www.facebook.com/helperase/photos/a.1029649477086727/2173609019357428/?type=3", "attachments": {"data": [{"description": "Wishing you health, peace, and joy in 2019!\n#happynewyear", "media": {"image": {"height": 720, "src": "https://scontent-lax3-1.xx.fbcdn.net/v/t1.0-9/p720x720/49199461_2173609022690761_2933456787652739072_n.jpg?_nc_cat=101&ccb=1-3&_nc_sid=2d5d41&_nc_ohc=Ge5wequiWFQAX8GwCAX&_nc_ht=scontent-lax3-1.xx&tp=6&oh=fc5c2616c90267ba832111182d4fc194&oe=606E603F", "width": 720}}, "target": {"id": "2173609019357428", "url": "https://www.facebook.com/helperase/photos/a.1029649477086727/2173609019357428/?type=3"}, "title": "Timeline Photos", "type": "photo", "url": "https://www.facebook.com/helperase/photos/a.1029649477086727/2173609019357428/?type=3"}]}, "id": "1003344626383879_2173609019357428"}