{"created_time": "2018-07-22T16:08:17+0000", "message": "When survivors break free from trafficking, they work to reclaim their lives. Without support and resources, survivors remain vulnerable to being re-victimized. \nThrough survivor services and law enforcement courses, ERASE works to assist and empower survivors. \n#survivor #freedom #notforsale", "message_tags": [{"id": "503455913045163", "name": "#survivor", "offset": 263, "length": 9}, {"id": "377734529001406", "name": "#freedom", "offset": 273, "length": 8}, {"id": "250927571710798", "name": "#NotForSale", "offset": 282, "length": 11}], "permalink_url": "https://www.facebook.com/1003344626383879/posts/1942349849150014/", "attachments": {"data": [{"description": "When survivors break free from trafficking, they work to reclaim their lives. Without support and resources, survivors remain vulnerable to being re-victimized. \nThrough survivor services and law enforcement courses, ERASE works to assist and empower survivors. \n#survivor #freedom #notforsale", "media": {"image": {"height": 720, "src": "https://scontent-lax3-1.xx.fbcdn.net/v/t1.0-9/p720x720/37693355_1942347339150265_6961377594306461696_o.jpg?_nc_cat=102&ccb=1-3&_nc_sid=8024bb&_nc_ohc=6Zi9iWY1egIAX9hSWmm&_nc_ht=scontent-lax3-1.xx&tp=6&oh=62915946836471cc7c106ff0d48bde18&oe=60712930", "width": 720}}, "target": {"id": "1942347335816932", "url": "https://www.facebook.com/helperase/photos/a.1029649477086727/1942347335816932/?type=3"}, "type": "photo", "url": "https://www.facebook.com/helperase/photos/a.1029649477086727/1942347335816932/?type=3"}]}, "id": "1003344626383879_1942349849150014"}