{"created_time": "2018-07-15T21:46:17+0000", "message": "Human Trafficking - It's not about transportation...It's about exploitation. \nVisit helpERASE.org for additional information.", "message_tags": [], "permalink_url": "https://www.facebook.com/1003344626383879/posts/1931491076902558/", "attachments": {"data": [{"description": "Human Trafficking - It's not about transportation...It's about exploitation. \nVisit helpERASE.org for additional information.", "media": {"image": {"height": 604, "src": "https://scontent-lax3-1.xx.fbcdn.net/v/t1.0-9/s720x720/37253623_1931489783569354_5095124663932026880_n.jpg?_nc_cat=109&ccb=1-3&_nc_sid=8024bb&_nc_ohc=a5QGYsEb9H4AX_iAjR2&_nc_ht=scontent-lax3-1.xx&tp=7&oh=e44a7545745a5644444416fdabee969f&oe=606FDAB1", "width": 720}}, "target": {"id": "1931489780236021", "url": "https://www.facebook.com/helperase/photos/a.1029649477086727/1931489780236021/?type=3"}, "type": "photo", "url": "https://www.facebook.com/helperase/photos/a.1029649477086727/1931489780236021/?type=3"}]}, "id": "1003344626383879_1931491076902558"}