{"created_time": "2018-02-19T15:14:07+0000", "message": "Taylor Bashuk with Traffick Jam says teens definitely need to be aware that not everyone online is who they say they are.  \"There's people who just pull pictures from the internet and that's who they say they are,\" Bashuk said. \"And they'll message you and it seems really innocent, but they're just earning your trust.\"", "permalink_url": "https://www.facebook.com/1003344626383879/posts/1763760157008985/", "attachments": {"data": [{"description": "MACON, Ga. -- In an exclusive report last November, WGXA uncovered the circuit of cities for sex trafficking in Georgia. Macon was right in the middle.From Savannah to Augusta, Columbus and Atlanta, children are transported, exploited and sold for sex.Last", "media": {"image": {"height": 555, "src": "https://external-lax3-1.xx.fbcdn.net/safe_image.php?d=AQE78Wia0jID7JjG&w=555&h=555&url=http%3A%2F%2Fstatic-28.sinclairstoryline.com%2Fresources%2Fmedia%2F5d811ea3-15e9-4591-a6ea-76f809f761b4-large16x9_SWEEPSWEBPIC.jpg%3F1518456372383&cfs=1&_nc_cb=1&_nc_hash=AQEiNgdWFixzVoy-", "width": 555}}, "target": {"url": "http://l.facebook.com/l.php?u=http%3A%2F%2Fj.mp%2F2EvoTge&h=AT2HxWVcRPCwq0OITLROKUAvEODL2Dw2Cl98zrfYnbqwU7oTx0vcXhxekUvvobM7sg47Ticz53d3Gp6rjr49FmeQ8G78FP3ZxxAV_0eSP0W0G9xJXW7t9n2bXGaUqgD9&s=1"}, "title": "Illuminating child sex trafficking on the dark web", "type": "share", "url": "http://l.facebook.com/l.php?u=http%3A%2F%2Fj.mp%2F2EvoTge&h=AT2HxWVcRPCwq0OITLROKUAvEODL2Dw2Cl98zrfYnbqwU7oTx0vcXhxekUvvobM7sg47Ticz53d3Gp6rjr49FmeQ8G78FP3ZxxAV_0eSP0W0G9xJXW7t9n2bXGaUqgD9&s=1"}]}, "id": "1003344626383879_1763760157008985"}