{"created_time": "2018-02-04T15:14:04+0000", "message": "In 2016, there were more than 7,600 cases of human trafficking reported nationwide, according to the National Human Trafficking Hotline. Texas accounted for 665 of the cases reported, trailing only California with the most reports of human trafficking.", "permalink_url": "https://www.facebook.com/1003344626383879/posts/1748104365241231/", "attachments": {"data": [{"description": "Federal law enforcement agencies are getting creative in their efforts to bring attention to the epidemic of\u00a0human trafficking.", "media": {"image": {"height": 720, "src": "https://external-lax3-1.xx.fbcdn.net/safe_image.php?d=AQGKcavVgwD2fRaP&w=720&h=720&url=https%3A%2F%2Fmedia.ksat.com%2Fphoto%2F2015%2F01%2F23%2Fhuman-trafficking_1806_ver1.0_1280_720.jpg&cfs=1&sx=289&sy=0&sw=720&sh=720&_nc_cb=1&_nc_hash=AQHOvK0Z_vXAtyLT", "width": 720}}, "target": {"url": "http://l.facebook.com/l.php?u=http%3A%2F%2Fj.mp%2F2Ft8eK6&h=AT0UX9hO_71DMl125iTJWIExpT7aKLqChcd9Qx-FjennU_aVlD53uv27TTI5hoH0JSySaSReq4EV8oDYyV6u0OneX9pjVkk5DTeJV52Man5L3J2-vQ1ddr4PQAbWguxO&s=1"}, "title": "Texas human trafficking epidemic among worst in nation", "type": "share", "url": "http://l.facebook.com/l.php?u=http%3A%2F%2Fj.mp%2F2Ft8eK6&h=AT0UX9hO_71DMl125iTJWIExpT7aKLqChcd9Qx-FjennU_aVlD53uv27TTI5hoH0JSySaSReq4EV8oDYyV6u0OneX9pjVkk5DTeJV52Man5L3J2-vQ1ddr4PQAbWguxO&s=1"}]}, "id": "1003344626383879_1748104365241231"}