{"created_time": "2017-11-09T21:04:00+0000", "message": "The 33-year-old quit her well-paying job at the prestigious Procopio law firm in downtown San Diego to start a nonprofit that will take on the legal messes of trafficked victims. \u201cI\u2019m hearing over and over again, \u2018I\u2019ve never had a lawyer before.\u2019 \u2018The only lawyer I\u2019ve had was a public defender when I was charged with a crime,\u2019\u201d Quient said in an interview this week.", "permalink_url": "https://www.facebook.com/1003344626383879/posts/1657996504252018/", "attachments": {"data": [{"description": "Jamie Quient quit her well-paying job at the prestigious Procopio law firm in downtown San Diego to start Free to Thrive, a nonprofit that will take on the legal messes of trafficked victims.", "media": {"image": {"height": 575, "src": "https://external-lax3-1.xx.fbcdn.net/safe_image.php?d=AQG0PIQLHV9lIdu6&w=575&h=575&url=https%3A%2F%2Fbuffer-media-uploads.s3.amazonaws.com%2F5a01e938c3453d4e2444d944%2Feb5dcb29dfe37d26eb94247d7d8c46bc65e6262e_a94c28130b52ec4bbbb3a0d9a59cabb8642e8bfa_facebook&cfs=1&sx=166&sy=0&sw=575&sh=575&_nc_cb=1&_nc_hash=AQGV-eZ3o2jDiRlG", "width": 575}}, "target": {"url": "http://l.facebook.com/l.php?u=http%3A%2F%2Fj.mp%2F2zkpgdV&h=AT3g9o7WugVQ16ryxqwR43TqQG6YiDJID3HGp1-opmlNhPOxo8e6WKzdiXsSZ56rJbtUYD-gb-nUfi7WTVGPTddrAEc3QcBnIZkBVEca5LEibqPgl8ggjMjfNLCOzVpM&s=1"}, "title": "Human trafficking survivors get a highly qualified legal advocate", "type": "share", "url": "http://l.facebook.com/l.php?u=http%3A%2F%2Fj.mp%2F2zkpgdV&h=AT3g9o7WugVQ16ryxqwR43TqQG6YiDJID3HGp1-opmlNhPOxo8e6WKzdiXsSZ56rJbtUYD-gb-nUfi7WTVGPTddrAEc3QcBnIZkBVEca5LEibqPgl8ggjMjfNLCOzVpM&s=1"}]}, "id": "1003344626383879_1657996504252018"}