{"created_time": "2017-05-27T14:17:00+0000", "message": "The 3rd Annual Missing Children's Awareness & Prevention Rally was a huge success!\nA collaborative effort to bring awareness and prevention of #MissingChildren.\nWe were proud to be a sponsor and a part of this amazing day!\nHere are some of the highlights. We loved seeing so many schools participate. Thank you Florida National University, Dr.Maria Regueiro,  Rachel Tourgeman and the Powerhouse Committee. \n#Miami #FNUPowerhouse", "message_tags": [{"id": "206847600571", "name": "Florida National University", "type": "page", "offset": 311, "length": 27}, {"id": "10219773371545382", "name": "Maria C Regueiro", "type": "user", "offset": 343, "length": 14}, {"id": "3942096335848844", "name": "Rachel Tourgeman", "type": "user", "offset": 360, "length": 16}, {"id": "311426675627557", "name": "#missingchildren", "offset": 143, "length": 16}, {"id": "552877688077960", "name": "#miami", "offset": 408, "length": 6}, {"id": "1226969654004346", "name": "#FNUPOWERHOUSE", "offset": 415, "length": 14}], "permalink_url": "https://www.facebook.com/helperase/videos/1489883844396619/", "attachments": {"data": [{"media": {"image": {"height": 405, "src": "https://scontent-lax3-2.xx.fbcdn.net/v/t15.5256-10/s720x720/18761707_1489886401063030_8428569930500145152_n.jpg?_nc_cat=106&ccb=1-3&_nc_sid=ad6a45&_nc_ohc=GQiojIkN94sAX_JsdpW&_nc_ht=scontent-lax3-2.xx&tp=7&oh=1f1e0aec5414bdc6024cef3b0d29aa62&oe=6071C3BB", "width": 720}}, "target": {"id": "1489883844396619", "url": "https://www.facebook.com/helperase/videos/1489883844396619/"}, "title": "National Missing Children's Day 2017 Florida National University", "type": "video_inline", "url": "https://www.facebook.com/helperase/videos/1489883844396619/"}]}, "id": "1003344626383879_1489883844396619"}