{"created_time": "2019-02-16T15:04:01+0000", "message": "\u201cWe know that around 90% of the survivors of human trafficking, which are typically young girls and boys, come into contact with healthcare providers multiple times,\u201d", "permalink_url": "https://www.facebook.com/1003344626383879/posts/2244148925636770/", "attachments": {"data": [{"description": "In an effort to end human trafficking, Montana Attorney General Tim Fox introduced a Continuing Education training.", "media": {"image": {"height": 400, "src": "https://external-lax3-1.xx.fbcdn.net/safe_image.php?d=AQF8UDzzKbz1LX6M&w=400&h=400&url=https%3A%2F%2Ftownsquare.media%2Fsite%2F119%2Ffiles%2F2019%2F02%2FGettyImages-970078502.jpg%3Fw%3D600%26h%3D0%26zc%3D1%26s%3D0%26a%3Dt%26q%3D89&cfs=1&_nc_cb=1&_nc_hash=AQEdemcIyXlR6Ooj", "width": 400}}, "target": {"url": "https://l.facebook.com/l.php?u=https%3A%2F%2Fbuff.ly%2F2GqrgW5&h=AT3d_Xu9U7URjFbVTKr_8xZk256KjaS35YQtilxCHAXoI0lxSEQOYTAf4SApEG5pC6CMsVUy04sMJaVIAhZvbWLlEC76Cv2tvu0B4AFwajvmRgJxqw1xSOMvGH66QjcZ&s=1"}, "title": "Montana Medical Professionals Receive Human Trafficking Awareness Training", "type": "share", "url": "https://l.facebook.com/l.php?u=https%3A%2F%2Fbuff.ly%2F2GqrgW5&h=AT3d_Xu9U7URjFbVTKr_8xZk256KjaS35YQtilxCHAXoI0lxSEQOYTAf4SApEG5pC6CMsVUy04sMJaVIAhZvbWLlEC76Cv2tvu0B4AFwajvmRgJxqw1xSOMvGH66QjcZ&s=1"}]}, "id": "1003344626383879_2244148925636770"}