{"created_time": "2018-10-14T14:04:02+0000", "message": "\u201cIncidents of human trafficking, fraud and neglect continue to emerge across the nation.\u201d", "permalink_url": "https://www.facebook.com/1003344626383879/posts/2061269963924668/", "attachments": {"data": [{"description": "It's difficult for workers who are so dependent on their employers and who face language and cultural barriers to speak up to protect themselves.", "media": {"image": {"height": 720, "src": "https://external-lax3-1.xx.fbcdn.net/safe_image.php?d=AQGGGyN7hdk7ffI2&w=720&h=720&url=https%3A%2F%2Fwww.gannett-cdn.com%2Fpresto%2F2018%2F10%2F09%2FPIND%2F037ea552-0c0d-4c83-84a8-e61b6f19197a-MigrantOutreach_MM_001.jpg%3Fcrop%3D1999%2C1118%2Cx0%2Cy0%26width%3D3200%26height%3D1680%26fit%3Dbounds&cfs=1&sx=15&sy=0&sw=1680&sh=1680&_nc_cb=1&_nc_hash=AQFRjY90mhE6kTMB", "width": 720}}, "target": {"url": "https://l.facebook.com/l.php?u=https%3A%2F%2Fbuff.ly%2F2RJLuMS&h=AT0xyDeWxDfIA_cDAK7DMENUG8Zss50a9QZlXeXths2xFlT3pg985CYv2-IuaBRodoHxwTHKkCRNekp-bgZNC9dKkN6lrzzTLX5vZCjQR391aPb3R1n-xYuMRj510Je4&s=1"}, "title": "Migrant workers in Indiana: They harvest our food, but risk labor trafficking", "type": "share", "url": "https://l.facebook.com/l.php?u=https%3A%2F%2Fbuff.ly%2F2RJLuMS&h=AT0xyDeWxDfIA_cDAK7DMENUG8Zss50a9QZlXeXths2xFlT3pg985CYv2-IuaBRodoHxwTHKkCRNekp-bgZNC9dKkN6lrzzTLX5vZCjQR391aPb3R1n-xYuMRj510Je4&s=1"}]}, "id": "1003344626383879_2061269963924668"}