{"created_time": "2018-10-04T20:10:02+0000", "message": "Will this help or hurt? \n\"Legislation allows for more measures to keep kids out of foster care.\"", "permalink_url": "https://www.facebook.com/1003344626383879/posts/2048348291883502/", "attachments": {"data": [{"description": "HUNTINGTON \u2014 A new federal law will soon allow the West Virginia Department of Health and Human Resources to take more action to prevent a child's situation from escalating to", "media": {"image": {"height": 630, "src": "https://external-lax3-1.xx.fbcdn.net/safe_image.php?d=AQF0yaIPRMULXF6s&w=630&h=630&url=https%3A%2F%2Fbloximages.newyork1.vip.townnews.com%2Fherald-dispatch.com%2Fcontent%2Ftncms%2Fassets%2Fv3%2Feditorial%2F3%2F15%2F315acbf6-b3b0-11e7-b4f0-1b66f3ea8c4b%2F59e6c3c302967.image.jpg%3Fresize%3D840%252C630&cfs=1&sx=21&sy=0&sw=630&sh=630&_nc_cb=1&_nc_hash=AQGz3Ua04pu63N0e", "width": 630}}, "target": {"url": "https://l.facebook.com/l.php?u=https%3A%2F%2Fbuff.ly%2F2OYbX7O&h=AT3dUZz9F1CJAmV5GqBkKg6O4OMJB1qU33GgCqQQ4ru0k54bv8C2vT8o2kGuIvuY0ds6CFDrhJEmMgotNUWjxmu4DsRZqyalNIyGMdGkaEkh8SmAoiZEZyJrNQQXhCuY&s=1"}, "title": "Legislation allows for more measures to keep kids out of foster care", "type": "share", "url": "https://l.facebook.com/l.php?u=https%3A%2F%2Fbuff.ly%2F2OYbX7O&h=AT3dUZz9F1CJAmV5GqBkKg6O4OMJB1qU33GgCqQQ4ru0k54bv8C2vT8o2kGuIvuY0ds6CFDrhJEmMgotNUWjxmu4DsRZqyalNIyGMdGkaEkh8SmAoiZEZyJrNQQXhCuY&s=1"}, {"target": {"id": "2235900296654293", "url": "https://www.facebook.com/1003344626383879/posts/2048348291883502/"}, "type": "fundraiser_for_story", "url": "https://www.facebook.com/1003344626383879/posts/2048348291883502/"}]}, "id": "1003344626383879_2048348291883502"}