{"created_time": "2018-09-27T20:10:07+0000", "message": "Nebraska\u2019s proximity to Interstate 80, a highway that stretches from California to New Jersey, makes some towns in the state particularly susceptible to the buying and selling of young women and sometimes young men, according to the U.S. Institute Against Human Trafficking.", "permalink_url": "https://www.facebook.com/1003344626383879/posts/2039875952730736/", "attachments": {"data": [{"description": "The prevalence of sex slavery in Nebraska and the United States has many people worried, but some at the University of Nebraska-Lincoln are working on ways to shed light on", "media": {"image": {"height": 630, "src": "https://external-lax3-1.xx.fbcdn.net/safe_image.php?d=AQEA5wxK2C5xcxWO&w=630&h=630&url=https%3A%2F%2Fbloximages.newyork1.vip.townnews.com%2Fdailynebraskan.com%2Fcontent%2Ftncms%2Fassets%2Fv3%2Feditorial%2F2%2F3e%2F23eaaa44-c05d-11e8-945a-87cebb1d391c%2F5ba986d666e9c.image.jpg%3Fresize%3D887%252C630&cfs=1&_nc_cb=1&_nc_hash=AQELNmO4vMQ4ja9Q", "width": 630}}, "target": {"url": "https://l.facebook.com/l.php?u=https%3A%2F%2Fbuff.ly%2F2xVJYOv&h=AT3rvhW_c62dJmNExw42oPo1l5wFfXWL_oEdqAeAgkj9DQVsbbtF37sstX0cezrjtNNPhv40qWJ7Nj5kRKqaEpKQpcgyxsOthgl1xaDS_7ySTt-8cW9sb0__cVbk0Pl6&s=1"}, "title": "UNL community combats sex trafficking through awareness, research", "type": "share", "url": "https://l.facebook.com/l.php?u=https%3A%2F%2Fbuff.ly%2F2xVJYOv&h=AT3rvhW_c62dJmNExw42oPo1l5wFfXWL_oEdqAeAgkj9DQVsbbtF37sstX0cezrjtNNPhv40qWJ7Nj5kRKqaEpKQpcgyxsOthgl1xaDS_7ySTt-8cW9sb0__cVbk0Pl6&s=1"}]}, "id": "1003344626383879_2039875952730736"}