{"created_time": "2017-11-24T21:04:03+0000", "message": "'It's disturbing': TBI director says human trafficking is a demand-driven issue. \"It's disturbing. It's a part of our society that most people don't want to really believe that's out there, but it is and we can't ignore it,\"", "permalink_url": "https://www.facebook.com/1003344626383879/posts/1673149526070049/", "attachments": {"data": [{"description": "\"It's in all of our neighborhoods. It's people that we go to school with, we go to church with, we work with because it's internet-driven for the most part, and it's a demand-driven issue,\" TBI\u2026", "media": {"image": {"height": 720, "src": "https://external-lax3-1.xx.fbcdn.net/safe_image.php?d=AQFbdI2-ou7IeV_K&w=720&h=720&url=https%3A%2F%2Fbuffer-media-uploads.s3.amazonaws.com%2F5a13a436c3453df670175ab6%2F73905f4f19659418d9bb0b7ba36e807fc1604ab7_9d250117d303b9455f9f83a903ac42f28c967b10_facebook&cfs=1&_nc_cb=1&_nc_hash=AQEXuw-isLNkmNjs", "width": 720}}, "target": {"url": "http://l.facebook.com/l.php?u=http%3A%2F%2Fj.mp%2F2zVs4OU&h=AT3mJVQKvT-_9EF3rRig5JEYamo7WNYkmdxPB6UlufCnHkwTn5wc7UxdueMYZou__i5MNrss6ovIBxQSolqS8sCJV0E4DhF1T9gW5oSbGywWJC6_3YMyo2PZz3RuyPWL&s=1"}, "title": "'It's disturbing': TBI director says human trafficking is a demand-driven issue", "type": "share", "url": "http://l.facebook.com/l.php?u=http%3A%2F%2Fj.mp%2F2zVs4OU&h=AT3mJVQKvT-_9EF3rRig5JEYamo7WNYkmdxPB6UlufCnHkwTn5wc7UxdueMYZou__i5MNrss6ovIBxQSolqS8sCJV0E4DhF1T9gW5oSbGywWJC6_3YMyo2PZz3RuyPWL&s=1"}]}, "id": "1003344626383879_1673149526070049"}