{"created_time": "2017-11-14T15:14:01+0000", "message": "FBI Indicts 22 On Sex And Human Trafficking Charges\nUndocumented immigrants were forced to work in brothels as payment for being smuggled into the US", "permalink_url": "https://www.facebook.com/1003344626383879/posts/1662554363796232/", "attachments": {"data": [{"description": "Undocumented immigrants were forced to work in brothels as payment for being smuggled into the US: Feds", "media": {"image": {"height": 600, "src": "https://external-lax3-1.xx.fbcdn.net/safe_image.php?d=AQHQ_mWXp7xdOQL7&w=600&h=600&url=https%3A%2F%2Fbuffer-media-uploads.s3.amazonaws.com%2F5a062958c3453d9d6c4177ce%2F4d72c14a061b72fa629c639707311124c1e8bb9b_9cce57c46ddc05ea6c275ff54c1a825b194a3420_facebook&cfs=1&sx=200&sy=0&sw=600&sh=600&_nc_cb=1&_nc_hash=AQGAq5iY_Juet9za", "width": 600}}, "target": {"url": "http://l.facebook.com/l.php?u=http%3A%2F%2Fj.mp%2F2ztiAdB&h=AT3x0R4G-3qpDft1cFG_7SqKkjw6r1Ws4bSReK-hM66KiTz4QFbc0IBqYLCgPrhPWR5LwO31-r0Y0vE3n2-WTOr68fHAQYROyV6kYrArPo33XHP6WqhnNwWt3sdrg4wU&s=1"}, "title": "FBI Indicts 22 On Sex And Human Trafficking Charges", "type": "share", "url": "http://l.facebook.com/l.php?u=http%3A%2F%2Fj.mp%2F2ztiAdB&h=AT3x0R4G-3qpDft1cFG_7SqKkjw6r1Ws4bSReK-hM66KiTz4QFbc0IBqYLCgPrhPWR5LwO31-r0Y0vE3n2-WTOr68fHAQYROyV6kYrArPo33XHP6WqhnNwWt3sdrg4wU&s=1"}]}, "id": "1003344626383879_1662554363796232"}