{"created_time": "2017-06-28T11:14:04+0000", "message": "Hartsfield-Jackson Atlanta International Airport and Delta Air Lines have partnered with Rotary International to bring awareness to human trafficking with the installation of a temporary photography exhibit.", "permalink_url": "https://www.facebook.com/1003344626383879/posts/1525081804210156/", "attachments": {"data": [{"description": "Hartsfield-Jackson Atlanta International Airport and Delta Air Lines have partnered with Rotary International to bring awareness to human trafficking with the installation of a temporary photograph\u2026", "media": {"image": {"height": 320, "src": "https://external-lax3-1.xx.fbcdn.net/safe_image.php?d=AQGfDRZAKbaiqtI_&w=320&h=320&url=https%3A%2F%2Fbuffer-media-uploads.s3.amazonaws.com%2F5951cae8739b8b4d0fac706a%2F261ba759b9dfaf077afce36986d7b40f0814d27b_2963521c8be601c8012f877c2523790661eb7700_facebook&cfs=1&sx=0&sy=0&sw=320&sh=320&_nc_cb=1&_nc_hash=AQEJMuJfDfKvqHGY", "width": 320}}, "target": {"url": "http://l.facebook.com/l.php?u=http%3A%2F%2Fbuff.ly%2F2tdxvoK&h=AT2MuOqBoPKZ2Li4R1c9zvteLZMxBk9LmNd4rrnEnpdjjqvnjD9H6i8lZ9zHSuTZnxidh7LT1I6YyOc75OYq8Cpn8H4A4gFbbXmb1u8nkeBu9ysDqwEsN32JRMw1_2vR&s=1"}, "title": "Human trafficking survivor exhibit to raise awareness at Atlanta airport", "type": "share", "url": "http://l.facebook.com/l.php?u=http%3A%2F%2Fbuff.ly%2F2tdxvoK&h=AT2MuOqBoPKZ2Li4R1c9zvteLZMxBk9LmNd4rrnEnpdjjqvnjD9H6i8lZ9zHSuTZnxidh7LT1I6YyOc75OYq8Cpn8H4A4gFbbXmb1u8nkeBu9ysDqwEsN32JRMw1_2vR&s=1"}]}, "id": "1003344626383879_1525081804210156"}