{"created_time": "2019-12-13T01:08:22+0000", "message": "We honor survivors by celebrating their support!\n#HelpERASE", "message_tags": [{"id": "600288956648476", "name": "#helpERASE", "offset": 49, "length": 10}], "permalink_url": "https://www.facebook.com/helperase/videos/1264341280441525/", "attachments": {"data": [{"media": {"image": {"height": 640, "src": "https://scontent-lax3-1.xx.fbcdn.net/v/t15.5256-10/71244093_1264912183717768_2314933105632215040_n.jpg?_nc_cat=104&ccb=1-3&_nc_sid=ad6a45&_nc_ohc=U3gdWforiZoAX9qfGiF&_nc_ht=scontent-lax3-1.xx&oh=72f65b0f44f6b9ec5121b7fc2aed6941&oe=6070A969", "width": 360}}, "target": {"id": "1264341280441525", "url": "https://www.facebook.com/helperase/videos/1264341280441525/"}, "title": "We honor survivors by celebrating their support!", "type": "video_inline", "url": "https://www.facebook.com/helperase/videos/1264341280441525/"}]}, "id": "1003344626383879_1264341280441525"}