{"created_time": "2019-05-06T21:13:24+0000", "message": "\"Special Agent Gonzalez-Ramos said, as a community, we need to be alert to help stop sex trafficking.\"", "permalink_url": "https://www.facebook.com/1003344626383879/posts/2372746289443699/", "attachments": {"data": [{"description": "Sex trafficking is reaching epidemic proportions. According to the International Labor Organization, millions of people, mainly women and children, are victims. Last year, there were nearly five million reported cases. Airica Kraehmer was trafficked while pursuing a career in modeling and never thou...", "media": {"image": {"height": 553, "src": "https://external-lax3-1.xx.fbcdn.net/safe_image.php?d=AQESvhdwlffwFx_T&w=553&h=553&url=http%3A%2F%2Fstatic-19.sinclairstoryline.com%2Fresources%2Fmedia%2Fe4b0c317-21d7-45d0-904f-f9c3d7e5d531-large16x9_Model_web.jpg%3F1557159922965&cfs=1&sx=134&sy=0&sw=553&sh=553&_nc_cb=1&_nc_hash=AQGKP-9_vE2R111o", "width": 553}}, "target": {"url": "https://l.facebook.com/l.php?u=https%3A%2F%2Fbuff.ly%2F2VgH3P4&h=AT2t9dwoOYEO81bC6dsCMd-tV568YgkXh6652ogac5EV8bT5Y4-hqTttDNTOwJvO7syD4YduwZe3ku-oMSanA3v7N8t1SYpddkrb9K-hWM0Fp0Igol7tC5cChu7t0xVD&s=1"}, "title": "Forced into sex trafficking while trying to become a super model", "type": "share", "url": "https://l.facebook.com/l.php?u=https%3A%2F%2Fbuff.ly%2F2VgH3P4&h=AT2t9dwoOYEO81bC6dsCMd-tV568YgkXh6652ogac5EV8bT5Y4-hqTttDNTOwJvO7syD4YduwZe3ku-oMSanA3v7N8t1SYpddkrb9K-hWM0Fp0Igol7tC5cChu7t0xVD&s=1"}]}, "id": "1003344626383879_2372746289443699"}