{"created_time": "2019-06-11T11:55:33+0000", "message": "Great job by  GHOST! \"A sobering reminder that we must be more vigilant than ever protecting our children. Predators are increasingly becoming more adept at interacting with children through various social media platforms,\"#Flint #le #makingadifference  https://www.wral.com/22-caught-in-michigan-sting-targeting-child-sex-solicitation/18443715/", "message_tags": [{"id": "116168355236447", "name": "#FLINT", "offset": 223, "length": 6}, {"id": "171980396286315", "name": "#le", "offset": 230, "length": 3}, {"id": "136254236549866", "name": "#makingadifference", "offset": 234, "length": 18}], "permalink_url": "https://www.facebook.com/helperase/photos/a.1029649477086727/2433402343378093/?type=3", "attachments": {"data": [{"description": "Great job by  GHOST! \"A sobering reminder that we must be more vigilant than ever protecting our children. Predators are increasingly becoming more adept at interacting with children through various social media platforms,\"#Flint #le #makingadifference  https://www.wral.com/22-caught-in-michigan-sting-targeting-child-sex-solicitation/18443715/", "media": {"image": {"height": 404, "src": "https://scontent-lax3-1.xx.fbcdn.net/v/t1.0-9/s720x720/62382059_2433402353378092_5907760037140365312_n.jpg?_nc_cat=110&ccb=1-3&_nc_sid=da1649&_nc_ohc=mYCcmKMsczMAX9Y0q7R&_nc_ht=scontent-lax3-1.xx&tp=7&oh=809fe8a6fefbb285ead8cc6bbd256c0a&oe=606FE44B", "width": 720}}, "target": {"id": "2433402343378093", "url": "https://www.facebook.com/helperase/photos/a.1029649477086727/2433402343378093/?type=3"}, "title": "Timeline Photos", "type": "photo", "url": "https://www.facebook.com/helperase/photos/a.1029649477086727/2433402343378093/?type=3"}]}, "id": "1003344626383879_2433402343378093"}