{"created_time": "2019-02-22T15:04:00+0000", "message": "\u201cHSI conducts victim-centered trafficking investigations\u201d \nRepresentatives from a variety of federal and state law enforcement agencies, as well as nonprofit organizations hit the streets of Charlotte.\nhttps://buff.ly/2U1Amfh", "message_tags": [], "permalink_url": "https://www.facebook.com/helperase/photos/a.1029649477086727/2253652268019769/?type=3", "attachments": {"data": [{"description": "\u201cHSI conducts victim-centered trafficking investigations\u201d \nRepresentatives from a variety of federal and state law enforcement agencies, as well as nonprofit organizations hit the streets of Charlotte.\nhttps://buff.ly/2U1Amfh", "media": {"image": {"height": 566, "src": "https://scontent-lax3-2.xx.fbcdn.net/v/t1.0-9/52775099_2253652274686435_8351968557415792640_n.png?_nc_cat=111&ccb=1-3&_nc_sid=da1649&_nc_ohc=Db5ycMtGcPAAX__Q28f&_nc_ht=scontent-lax3-2.xx&oh=d79891cdd0ad01bf8614e9e821c99b69&oe=606DEDB3", "width": 418}}, "target": {"id": "2253652268019769", "url": "https://www.facebook.com/helperase/photos/a.1029649477086727/2253652268019769/?type=3"}, "title": "Timeline Photos", "type": "photo", "url": "https://www.facebook.com/helperase/photos/a.1029649477086727/2253652268019769/?type=3"}]}, "id": "1003344626383879_2253652268019769"}