{"created_time": "2019-09-20T13:38:34+0000", "message": "\"Two female victims, ages 17 and 23, were interviewed by Task Force Investigators. During their interviews, investigators were able to determine that the two women were victims of human trafficking.\" #SBHTTF @sbcountysheriff  #LEOs  #makingadifference", "message_tags": [{"id": "2084055038287059", "name": "#sbhttf", "offset": 200, "length": 7}, {"id": "483565565025604", "name": "#leos", "offset": 226, "length": 5}, {"id": "136254236549866", "name": "#makingadifference", "offset": 233, "length": 18}], "permalink_url": "https://www.facebook.com/1003344626383879/posts/2616913711693621/", "attachments": {"data": [{"description": "The San Bernardino County Human Trafficking Task Force rescued two female victims of human trafficking on Monday and reunited with their families.", "media": {"image": {"height": 407, "src": "https://external-lax3-1.xx.fbcdn.net/safe_image.php?d=AQFpqmuNxku1pp15&w=407&h=407&url=https%3A%2F%2Fimages.foxtv.com%2Fstatic.fox10phoenix.com%2Fwww.fox10phoenix.com%2Fcontent%2Fuploads%2F2019%2F09%2F724%2F407%2Fhuman-trafficking-generic.jpg%3Fve%3D1%26tl%3D1&cfs=1&_nc_cb=1&_nc_hash=AQG6yTVGwSkElAms", "width": 407}}, "target": {"url": "https://l.facebook.com/l.php?u=https%3A%2F%2Fbuff.ly%2F2NpTu6W&h=AT2Xkvhtzldpslp3MK-I5ieaf4pSIyLUYik75BVg902G4NZERRzq6LBpqymtoRIt0fvoMVJywEPp46UZI5PMQ4U6bQ_y9SqW0kx8arN_W_I6nVrA57u9fBe-fAkSOdep&s=1"}, "title": "Two female victims of human trafficking rescued in San Bernardino, reunited with their families", "type": "share", "url": "https://l.facebook.com/l.php?u=https%3A%2F%2Fbuff.ly%2F2NpTu6W&h=AT2Xkvhtzldpslp3MK-I5ieaf4pSIyLUYik75BVg902G4NZERRzq6LBpqymtoRIt0fvoMVJywEPp46UZI5PMQ4U6bQ_y9SqW0kx8arN_W_I6nVrA57u9fBe-fAkSOdep&s=1"}]}, "id": "1003344626383879_2616913711693621"}