{"created_time": "2018-07-21T14:04:01+0000", "message": "\u201cPolice estimate up to 500 youth, some as young as 12 years old, are being exploited for sex work every day in King County.\u201d\n\n\u201cRegional Human Trafficking Awareness Effort Moving Forward - King County\nhttps://buff.ly/2muP5jC", "message_tags": [], "permalink_url": "https://www.facebook.com/helperase/photos/a.1029649477086727/1940522222666110/?type=3", "attachments": {"data": [{"description": "\u201cPolice estimate up to 500 youth, some as young as 12 years old, are being exploited for sex work every day in King County.\u201d\n\n\u201cRegional Human Trafficking Awareness Effort Moving Forward - King County\nhttps://buff.ly/2muP5jC", "media": {"image": {"height": 290, "src": "https://scontent-lax3-2.xx.fbcdn.net/v/t1.0-9/37574394_1940522229332776_2988204117299560448_n.jpg?_nc_cat=106&ccb=1-3&_nc_sid=da1649&_nc_ohc=w2IGdPoWyBgAX-dbyLG&_nc_ht=scontent-lax3-2.xx&oh=a1446c5bd40394224840ec2890b3b8c0&oe=606FC368", "width": 600}}, "target": {"id": "1940522222666110", "url": "https://www.facebook.com/helperase/photos/a.1029649477086727/1940522222666110/?type=3"}, "title": "Timeline Photos", "type": "photo", "url": "https://www.facebook.com/helperase/photos/a.1029649477086727/1940522222666110/?type=3"}]}, "id": "1003344626383879_1940522222666110"}