{"created_time": "2018-07-19T12:31:39+0000", "permalink_url": "https://www.facebook.com/1003344626383879/posts/1937052686346397/", "attachments": {"data": [{"description": "An ice cream truck driver helped one of their victims escape, according to a court document.", "media": {"image": {"height": 641, "src": "https://external-lax3-1.xx.fbcdn.net/safe_image.php?d=AQHprTXU__n4lljD&w=641&h=641&url=https%3A%2F%2Fmedia.wfaa.com%2Fassets%2FWFAA%2Fimages%2F564508121%2F564508121_1140x641.jpg&cfs=1&sx=253&sy=0&sw=641&sh=641&_nc_cb=1&_nc_hash=AQFHTLGWDzZ8VKX4", "width": 641}}, "target": {"url": "https://l.facebook.com/l.php?u=https%3A%2F%2Fwww.wfaa.com%2Farticle%2Fnews%2Fcrime%2Fdallas-couple-at-helm-of-alleged-sex-trafficking-ring-arrested%2F287-564508594&h=AT0p8yim2wEo_9tqq2yE2i8e9HhatyYKIM7K2Xcc7Lv2YwdY02WfhrmZzmC0Y4FVoq8e6BIJLFNiIGl1xDKVEgos5YfTNKjcitLDb5k5pZfsrHDkstD-B4Ebs1BVqhPD&s=1"}, "title": "Dallas couple at helm of alleged sex trafficking ring arrested", "type": "share", "url": "https://l.facebook.com/l.php?u=https%3A%2F%2Fwww.wfaa.com%2Farticle%2Fnews%2Fcrime%2Fdallas-couple-at-helm-of-alleged-sex-trafficking-ring-arrested%2F287-564508594&h=AT0p8yim2wEo_9tqq2yE2i8e9HhatyYKIM7K2Xcc7Lv2YwdY02WfhrmZzmC0Y4FVoq8e6BIJLFNiIGl1xDKVEgos5YfTNKjcitLDb5k5pZfsrHDkstD-B4Ebs1BVqhPD&s=1"}]}, "id": "1003344626383879_1937052686346397"}