{"created_time": "2017-05-10T00:07:00+0000", "permalink_url": "https://www.facebook.com/1003344626383879/posts/1470728146312189/", "attachments": {"data": [{"description": "With large numbers of visitors in Omaha this weekend, experts fear human trafficking rates could rise.", "media": {"image": {"height": 352, "src": "https://external-lax3-1.xx.fbcdn.net/safe_image.php?d=AQEBRLwmtytvnDiI&w=352&h=352&url=https%3A%2F%2Fhips.htvapps.com%2Fhtv-prod-media.s3.amazonaws.com%2Fimages%2Fpic-jpg-1494018194.jpg%3Fcrop%3D0.9996450124245653xw%253A1xh%253Bcenter%252Ctop%26resize%3D1200%253A%252A&cfs=1&_nc_cb=1&_nc_hash=AQFKtFGVkGjrrf09", "width": 352}}, "target": {"url": "http://l.facebook.com/l.php?u=http%3A%2F%2Fbuff.ly%2F2pnwg1v&h=AT3n3zOZWFD0pSVxV_O-mTB8Bio68qUmiaeSrIZckUdVDD_T_NCYxoKTYTAmhC3eIecfG7hr3Bw9cqGyua-l1sqXbI5aFiYIJ1r6RYQYwah-ADudtoGSnY8vc6SR9P7U&s=1"}, "title": "Experts say large events raise local levels of human trafficking", "type": "share", "url": "http://l.facebook.com/l.php?u=http%3A%2F%2Fbuff.ly%2F2pnwg1v&h=AT3n3zOZWFD0pSVxV_O-mTB8Bio68qUmiaeSrIZckUdVDD_T_NCYxoKTYTAmhC3eIecfG7hr3Bw9cqGyua-l1sqXbI5aFiYIJ1r6RYQYwah-ADudtoGSnY8vc6SR9P7U&s=1"}]}, "id": "1003344626383879_1470728146312189"}