{"created_time": "2017-01-10T13:38:11+0000", "message": "Fact #10 Victims of sex or labor trafficking rarely self-identify themselves as victims when they come into contact with law enforcement and other social-service agencies. \n\n30 Facts ~ National Slavery and Human Trafficking Prevention Month\n#Awareness #Prevention #Education #LawEnforcement", "message_tags": [{"id": "402127356550229", "name": "#awareness", "offset": 241, "length": 10}, {"id": "320571564713268", "name": "#prevention", "offset": 252, "length": 11}, {"id": "601052526576079", "name": "#education", "offset": 264, "length": 10}, {"id": "136623053176488", "name": "#lawenforcement", "offset": 275, "length": 15}], "permalink_url": "https://www.facebook.com/helperase/photos/a.1381766311875040/1341822959202709/?type=3", "attachments": {"data": [{"description": "Fact #10 Victims of sex or labor trafficking rarely self-identify themselves as victims when they come into contact with law enforcement and other social-service agencies. \n\n30 Facts ~ National Slavery and Human Trafficking Prevention Month\n#Awareness #Prevention #Education #LawEnforcement", "media": {"image": {"height": 378, "src": "https://scontent-lax3-1.xx.fbcdn.net/v/t31.0-8/s720x720/15936778_1341822959202709_2729312827708609442_o.jpg?_nc_cat=101&ccb=1-3&_nc_sid=e007fa&_nc_ohc=LwKnmehz3gwAX-h1Rjc&_nc_ht=scontent-lax3-1.xx&tp=7&oh=a48f817929a8a975eda43fc04bb24813&oe=606F7DB4", "width": 720}}, "target": {"id": "1341822959202709", "url": "https://www.facebook.com/helperase/photos/a.1381766311875040/1341822959202709/?type=3"}, "title": "30 Facts about Human Trafficking", "type": "photo", "url": "https://www.facebook.com/helperase/photos/a.1381766311875040/1341822959202709/?type=3"}]}, "id": "1003344626383879_1341822959202709"}