{"created_time": "2018-12-18T23:02:33+0000", "message": "\"Officers were contacted and solicited for acts of prostitution by several male suspects.\"", "permalink_url": "https://www.facebook.com/1003344626383879/posts/2154231251295205/", "attachments": {"data": [{"description": "TWENTYNINE PALMS \u2014 Four San Bernardino County men, age 21 to 48, were arrested for solicitation for prostitution following a sting operation here Friday, Nov. 30.", "target": {"url": "https://l.facebook.com/l.php?u=https%3A%2F%2Fbuff.ly%2F2ClgWeU&h=AT2_7_aj1KtlrpXUJJd2oLOlAXKWmjzwCbH4WdFa0255dL9C3shAJpV_aXRnXt90hLj1C29IO4U9WMfOumrLSAz4nWCCjzYu5v3YpIMdr2TBf3e4I2o414GAokxH4zMd&s=1"}, "title": "Four men busted in prostitution sting", "type": "share", "url": "https://l.facebook.com/l.php?u=https%3A%2F%2Fbuff.ly%2F2ClgWeU&h=AT2_7_aj1KtlrpXUJJd2oLOlAXKWmjzwCbH4WdFa0255dL9C3shAJpV_aXRnXt90hLj1C29IO4U9WMfOumrLSAz4nWCCjzYu5v3YpIMdr2TBf3e4I2o414GAokxH4zMd&s=1"}]}, "id": "1003344626383879_2154231251295205"}