{"created_time": "2018-11-07T20:07:40+0000", "message": "Time for our tour!!!! \ud83d\ude0e\ud83d\ude01 @ Sheriff's Training Academy", "place": {"name": "Sheriff's Training Academy", "location": {"city": "San Bernardino", "country": "United States", "latitude": 34.180506388626, "longitude": -117.3847362189, "state": "CA", "street": "18000 Institution Rd", "zip": "92407"}, "id": "419240474923006"}, "permalink_url": "https://www.facebook.com/1003344626383879/posts/2095398517178479/", "attachments": {"data": [{"media": {"image": {"height": 539, "src": "https://scontent-lax3-1.xx.fbcdn.net/v/t1.0-9/s720x720/45614113_2095398413845156_2554634431558057984_o.jpg?_nc_cat=105&ccb=1-3&_nc_sid=9e2e56&_nc_ohc=9oloSwr1crYAX8egIoo&_nc_ht=scontent-lax3-1.xx&tp=7&oh=eff8cebd1e9c17e33df61631d7c0cc3a&oe=606E9712", "width": 720}}, "subattachments": {"data": [{"media": {"image": {"height": 539, "src": "https://scontent-lax3-1.xx.fbcdn.net/v/t1.0-9/s720x720/45614113_2095398413845156_2554634431558057984_o.jpg?_nc_cat=105&ccb=1-3&_nc_sid=9e2e56&_nc_ohc=9oloSwr1crYAX8egIoo&_nc_ht=scontent-lax3-1.xx&tp=7&oh=eff8cebd1e9c17e33df61631d7c0cc3a&oe=606E9712", "width": 720}}, "target": {"id": "2095398403845157", "url": "https://www.facebook.com/helperase/photos/a.2092432717475059/2095398403845157/?type=3"}, "type": "photo", "url": "https://www.facebook.com/helperase/photos/a.2092432717475059/2095398403845157/?type=3"}, {"media": {"image": {"height": 543, "src": "https://scontent-lax3-2.xx.fbcdn.net/v/t1.0-9/s720x720/45506162_2095398453845152_8134337706919460864_o.jpg?_nc_cat=106&ccb=1-3&_nc_sid=9e2e56&_nc_ohc=c_Z3vcvUzwYAX8cBzAY&_nc_ht=scontent-lax3-2.xx&tp=7&oh=e080f20aec16f3da065de85da44e0c00&oe=606FB037", "width": 720}}, "target": {"id": "2095398447178486", "url": "https://www.facebook.com/helperase/photos/a.2092432717475059/2095398447178486/?type=3"}, "type": "photo", "url": "https://www.facebook.com/helperase/photos/a.2092432717475059/2095398447178486/?type=3"}, {"media": {"image": {"height": 543, "src": "https://scontent-lax3-1.xx.fbcdn.net/v/t1.0-9/s720x720/45571226_2095398493845148_6087668662322331648_o.jpg?_nc_cat=104&ccb=1-3&_nc_sid=9e2e56&_nc_ohc=mHdlFU5-zeoAX9kpOwE&_nc_ht=scontent-lax3-1.xx&tp=7&oh=98da7c3298b5a6248d4df8ea9e11b8a4&oe=606E645C", "width": 720}}, "target": {"id": "2095398487178482", "url": "https://www.facebook.com/helperase/photos/a.2092432717475059/2095398487178482/?type=3"}, "type": "photo", "url": "https://www.facebook.com/helperase/photos/a.2092432717475059/2095398487178482/?type=3"}]}, "target": {"id": "2095398517178479", "url": "https://www.facebook.com/1003344626383879/posts/2095398517178479/"}, "title": "Photos from ERASE Child Trafficking's post", "type": "album", "url": "https://www.facebook.com/1003344626383879/posts/2095398517178479/"}]}, "id": "1003344626383879_2095398517178479"}