{"created_time": "2017-11-29T21:04:00+0000", "message": "Bay Area woman helps rescue hundreds of human trafficking victims, missing teens \nIn a society where human trafficking hides in plain sight, Reeves sees its victims, and she knows them well.", "permalink_url": "https://www.facebook.com/1003344626383879/posts/1679082968810038/", "attachments": {"data": [{"description": "PITTSBURG >> On a recent Wednesday afternoon, Pittsburg police civilian service specialist Louise Reeves sat down at her computer and pulled up an online page advertising prostitution services.\u201cThis\u2026", "media": {"image": {"height": 720, "src": "https://external-lax3-1.xx.fbcdn.net/safe_image.php?d=AQFWU9B3_sUeIeKB&w=720&h=720&url=https%3A%2F%2Fbuffer-media-uploads.s3.amazonaws.com%2F5a1a2d7df8594c7648e64f98%2F913ca9bec35a594fcf75d42d098bd3ab1b752700_1926f502d3d80e6185d2e10e17519c546d7de1cd_facebook&cfs=1&sx=229&sy=0&sw=998&sh=998&_nc_cb=1&_nc_hash=AQHB9RdFG-Rgzw1J", "width": 720}}, "target": {"url": "http://l.facebook.com/l.php?u=http%3A%2F%2Fj.mp%2F2zBEITV&h=AT3y265-cmpNswK-r_wGS497uRAg6XW8yHPQ1p9OdU3QWM48Equ1kzNrhuWYcFKJHLRU5TXkAIu4aL08EE91gLMcs_uzZiiYt3jad3RMF5KICB2tPqVLT9P4XffJVWhM&s=1"}, "title": "Bay Area woman helps rescue hundreds of human trafficking victims, missing teens", "type": "share", "url": "http://l.facebook.com/l.php?u=http%3A%2F%2Fj.mp%2F2zBEITV&h=AT3y265-cmpNswK-r_wGS497uRAg6XW8yHPQ1p9OdU3QWM48Equ1kzNrhuWYcFKJHLRU5TXkAIu4aL08EE91gLMcs_uzZiiYt3jad3RMF5KICB2tPqVLT9P4XffJVWhM&s=1"}]}, "id": "1003344626383879_1679082968810038"}