{"created_time": "2020-03-11T20:10:11+0000", "message": "\u201cInvestigators say the arrestees, ranging in age from 20 to 57, traveled from areas around South Georgia with the intent to meet a child for sex.\u201d", "permalink_url": "https://www.facebook.com/1003344626383879/posts/2987692191282436/", "attachments": {"data": [{"description": "The Lowndes County Sheriff's Office says three more suspects have been arrested in Operation Broken Arrow, a sting operation targeting online child predators and child traffickers.", "media": {"image": {"height": 630, "src": "https://external-lax3-1.xx.fbcdn.net/safe_image.php?d=AQGoi9nitlShYibi&w=630&h=630&url=https%3A%2F%2Fewscripps.brightspotcdn.com%2Fdims4%2Fdefault%2F3dcb18e%2F2147483647%2Fstrip%2Ftrue%2Fcrop%2F1200x630%2B0%2B10%2Fresize%2F1200x630%21%2Fquality%2F90%2F%3Furl%3Dhttps%253A%252F%252Fewscripps.brightspotcdn.com%252Faa%252Fed%252Fb4e349ce4ff39534fb79c2b865ea%252Foperation-mug-shot.png&cfs=1&sx=98&sy=0&sw=630&sh=630&_nc_cb=1&_nc_hash=AQFKP6MtKsLzEDhm", "width": 630}}, "target": {"url": "https://l.facebook.com/l.php?u=https%3A%2F%2Fbuff.ly%2F2wLfYIo&h=AT2DQ5o_hE6FLf8EeWImW2vtpBZ5GdrF0o2k160v3f2g_ZbRCko6IyTvthm6joZQbhN9gz7nUxFS162Odf1bMyem0CdEWqxvRQDuSMHmhjv6TEbB6RAEZ84PQFzQLHvl&s=1"}, "title": "Operation Broken Arrow nets 3 more online child predators, human trafficking", "type": "share", "url": "https://l.facebook.com/l.php?u=https%3A%2F%2Fbuff.ly%2F2wLfYIo&h=AT2DQ5o_hE6FLf8EeWImW2vtpBZ5GdrF0o2k160v3f2g_ZbRCko6IyTvthm6joZQbhN9gz7nUxFS162Odf1bMyem0CdEWqxvRQDuSMHmhjv6TEbB6RAEZ84PQFzQLHvl&s=1"}]}, "id": "1003344626383879_2987692191282436"}