{"created_time": "2017-02-23T15:03:49+0000", "message": "Today is End It Movement Day. Show solidarity in ending human trafficking by sharing this picture and use the hashtags #EndIt #HelpErase.", "message_tags": [{"id": "147052715460471", "name": "#endit", "offset": 119, "length": 6}, {"id": "600288956648476", "name": "#helpERASE", "offset": 126, "length": 10}], "permalink_url": "https://www.facebook.com/helperase/photos/a.1029649477086727/1386178584767146/?type=3", "attachments": {"data": [{"description": "Today is End It Movement Day. Show solidarity in ending human trafficking by sharing this picture and use the hashtags #EndIt #HelpErase.", "media": {"image": {"height": 375, "src": "https://scontent-lax3-1.xx.fbcdn.net/v/t1.0-9/16730513_1386178584767146_3998319953629022067_n.jpg?_nc_cat=103&ccb=1-3&_nc_sid=2d5d41&_nc_ohc=1ne_bK58VPkAX_gNLnH&_nc_ht=scontent-lax3-1.xx&oh=f23fb71d1cc364b18007eb44387b4218&oe=6071FC8F", "width": 500}}, "target": {"id": "1386178584767146", "url": "https://www.facebook.com/helperase/photos/a.1029649477086727/1386178584767146/?type=3"}, "title": "Timeline Photos", "type": "photo", "url": "https://www.facebook.com/helperase/photos/a.1029649477086727/1386178584767146/?type=3"}]}, "id": "1003344626383879_1386178584767146"}