{"created_time": "2019-09-24T14:04:01+0000", "permalink_url": "https://www.facebook.com/1003344626383879/posts/2624550787596580/", "attachments": {"data": [{"description": "Aviana Weaver's mother feared she'd fallen victim to human traffickers.", "media": {"image": {"height": 720, "src": "https://external-lax3-1.xx.fbcdn.net/safe_image.php?d=AQFgMdLinE_AgOXL&w=720&h=720&url=https%3A%2F%2Ftownsquare.media%2Fsite%2F385%2Ffiles%2F2019%2F09%2Faviana-weaver1.jpg%3Fw%3D1200%26h%3D0%26zc%3D1%26s%3D0%26a%3Dt%26q%3D89&cfs=1&sx=296&sy=0&sw=800&sh=800&_nc_cb=1&_nc_hash=AQGG3TR_Msb5gXly", "width": 720}}, "target": {"url": "https://l.facebook.com/l.php?u=https%3A%2F%2Fbuff.ly%2F2mjzVRu&h=AT0nmmlPHbAcvclmBFzacEd6cOlXm30h2pk78G3NBjJOUveKzlCQLRJIzGm4oJnL0pEzJ8NC2nxe2y86x_EuuJKqN-BeUPkqs8ET6EiKJ33DsGrwcykFurqNqQq-gz8T&s=1"}, "title": "Found her! Missing Westampton teen girl located safe in Philly", "type": "share", "url": "https://l.facebook.com/l.php?u=https%3A%2F%2Fbuff.ly%2F2mjzVRu&h=AT0nmmlPHbAcvclmBFzacEd6cOlXm30h2pk78G3NBjJOUveKzlCQLRJIzGm4oJnL0pEzJ8NC2nxe2y86x_EuuJKqN-BeUPkqs8ET6EiKJ33DsGrwcykFurqNqQq-gz8T&s=1"}]}, "id": "1003344626383879_2624550787596580"}