{"created_time": "2018-12-25T03:01:12+0000", "message": "\"The gift of love. The gift of peace. The gift of happiness. May all these be yours at Christmas\". Warmest Wishes from all of us at ERASE Child Trafficking.", "permalink_url": "https://www.facebook.com/1003344626383879/posts/2163011187083878/", "attachments": {"data": [{"description": "\"The gift of love. The gift of peace. The gift of happiness. May all these be yours at Christmas\". Warmest Wishes from all of us at ERASE Child Trafficking.", "media": {"image": {"height": 604, "src": "https://scontent-lax3-2.xx.fbcdn.net/v/t1.0-9/s720x720/48921845_2163009920417338_5696012497270603776_n.jpg?_nc_cat=107&ccb=1-3&_nc_sid=8024bb&_nc_ohc=HfIUXl85q4IAX-vMw9w&_nc_ht=scontent-lax3-2.xx&tp=7&oh=42da05f70797ad5985d4c4efd2abdffc&oe=6071666C", "width": 720}}, "target": {"id": "2163009917084005", "url": "https://www.facebook.com/helperase/photos/a.1029649477086727/2163009917084005/?type=3"}, "type": "photo", "url": "https://www.facebook.com/helperase/photos/a.1029649477086727/2163009917084005/?type=3"}]}, "id": "1003344626383879_2163011187083878"}