{"created_time": "2018-11-18T18:32:06+0000", "message": "We recently had the honor of training with San Bernardino County Sheriff's Department and the San Bernardino Human Trafficking Task Force in empowering officers from their county and surrounding agencies to identify and investigate sex trafficking. Thank you to the Amazing Officers and Support Staff for a great class.   #leo #helperase #childtrafficking", "message_tags": [{"id": "503112256421253", "name": "San Bernardino County Sheriff's Department", "type": "page", "offset": 43, "length": 42}, {"id": "479647825436380", "name": "#Leo", "offset": 322, "length": 4}, {"id": "600288956648476", "name": "#helpERASE", "offset": 327, "length": 10}, {"id": "303379326455737", "name": "#childtrafficking", "offset": 338, "length": 17}], "permalink_url": "https://www.facebook.com/1003344626383879/posts/2110151885703142/", "attachments": {"data": [{"description": "\u00a0 DATE/TIME: November 5-7, 2018\u00a0\u00a0\u00a0\u00a0\u00a0\u00a0\u00a0\u00a0\u00a0\u00a0\u00a0\u00a0\u00a0\u00a0 \u00a0 INCIDENT: Advanced Human Trafficking Training \u00a0 LOCATION: San ...", "media": {"image": {"height": 124, "src": "https://external-lax3-1.xx.fbcdn.net/safe_image.php?d=AQFBBXprw_KTKuDJ&w=124&h=124&url=https%3A%2F%2Fs3.amazonaws.com%2Fnixle%2Fuploads%2Fpub_media%2Fmd%2Fuser36071-1542414716-media1_a6a1a0_240_124_PrsMe_.png&cfs=1&sx=29&sy=0&sw=124&sh=124&_nc_cb=1&_nc_hash=AQFXs0BPeWU0tezf", "width": 124}}, "target": {"url": "https://l.facebook.com/l.php?u=https%3A%2F%2Flocal.nixle.com%2Falert%2F6932366%2F&h=AT2hiMn5xUvgnqTTxao7Xzs012uotfgpoTWxM_QpLHKJymhKwILYXvG-iR8E-kDx2_knTpt9HTx9yZRLTkUXF3sDcsYl9B5BxtQSJOXDaiZ8QAExcfqMXrGUp0IST3ys&s=1"}, "title": "ERASE Child Trafficking held an advanced human trafficking training for officers from various law ... from SBSD - Headquarters : Nixle", "type": "share", "url": "https://l.facebook.com/l.php?u=https%3A%2F%2Flocal.nixle.com%2Falert%2F6932366%2F&h=AT2hiMn5xUvgnqTTxao7Xzs012uotfgpoTWxM_QpLHKJymhKwILYXvG-iR8E-kDx2_knTpt9HTx9yZRLTkUXF3sDcsYl9B5BxtQSJOXDaiZ8QAExcfqMXrGUp0IST3ys&s=1"}]}, "id": "1003344626383879_2110151885703142"}