{"created_time": "2018-07-04T14:54:42+0000", "message": "In the Land of the Free, not all are Free.", "permalink_url": "https://www.facebook.com/helperase/photos/a.1029649477086727/1913952651989734/?type=3", "attachments": {"data": [{"description": "In the Land of the Free, not all are Free.", "media": {"image": {"height": 604, "src": "https://scontent-lax3-1.xx.fbcdn.net/v/t1.0-9/s720x720/36662245_1913952658656400_9054898160802988032_n.jpg?_nc_cat=108&ccb=1-3&_nc_sid=da1649&_nc_ohc=j1AxhZFxYLcAX_8kyQp&_nc_ht=scontent-lax3-1.xx&tp=7&oh=04a2dab3712689124a137fedf98c176a&oe=60715C5E", "width": 720}}, "target": {"id": "1913952651989734", "url": "https://www.facebook.com/helperase/photos/a.1029649477086727/1913952651989734/?type=3"}, "title": "Timeline Photos", "type": "photo", "url": "https://www.facebook.com/helperase/photos/a.1029649477086727/1913952651989734/?type=3"}]}, "id": "1003344626383879_1913952651989734"}