{"created_time": "2017-06-20T11:14:06+0000", "message": "Anti-Human Trafficking Group Gets Inside Every Springfield Hotel Room  #HelpErase #HumanTrafficking #CreatingChange", "message_tags": [{"id": "600288956648476", "name": "#helpERASE", "offset": 71, "length": 10}, {"id": "146391798860479", "name": "#humantrafficking", "offset": 82, "length": 17}, {"id": "146366755540354", "name": "#creatingchange", "offset": 100, "length": 15}], "permalink_url": "https://www.facebook.com/1003344626383879/posts/1515901541794849/", "attachments": {"data": [{"description": "SPRINGFIELD, Mo. \u2013- \u2018Human trafficking' were once hushed words in the Ozarks, but they're now printed in bold letters in every hotel room in Springfield.", "media": {"image": {"height": 360, "src": "https://external-lax3-1.xx.fbcdn.net/safe_image.php?d=AQGkJ1DhCoyXedU7&w=360&h=360&url=https%3A%2F%2Fbuffer-media-uploads.s3.amazonaws.com%2F594598518dcc9512190c5e72%2Fe411c9f098e13c5862f5056767f41ed39f99a3b0_7dc421cd42a05cd70a12c598e396f7c241826adc_facebook&cfs=1&_nc_cb=1&_nc_hash=AQE2krGOhvBYssSV", "width": 360}}, "target": {"url": "http://l.facebook.com/l.php?u=http%3A%2F%2Fbuff.ly%2F2smK4f5&h=AT38vmXLR3GJAUvMmFjP2p4Mpv49R8G6eIFjtLh4GY3UkDCStZbWTov18FMa-_qkLFsIQsZBZXuAGq0zYybzlf_RX9AV5ocvgP_klfP2R5mFbbD8bdo8bPiSV2cT5uzG&s=1"}, "title": "Anti-Human Trafficking Group Gets Inside Every Springfield Hotel Room", "type": "share", "url": "http://l.facebook.com/l.php?u=http%3A%2F%2Fbuff.ly%2F2smK4f5&h=AT38vmXLR3GJAUvMmFjP2p4Mpv49R8G6eIFjtLh4GY3UkDCStZbWTov18FMa-_qkLFsIQsZBZXuAGq0zYybzlf_RX9AV5ocvgP_klfP2R5mFbbD8bdo8bPiSV2cT5uzG&s=1"}]}, "id": "1003344626383879_1515901541794849"}