{"created_time": "2017-03-27T14:25:18+0000", "message": "Fact 30 ~ Illicit Massage Parlors operate as if they are legitimate establishments. In reality, they are often a source of human trafficking.\n30 Facts ~ Human Trafficking Prevention and Awareness.\n#EducateYourself  #HelpERASE", "message_tags": [{"id": "500888956642517", "name": "#educateyourself", "offset": 197, "length": 16}, {"id": "600288956648476", "name": "#helpERASE", "offset": 215, "length": 10}], "permalink_url": "https://www.facebook.com/helperase/photos/a.1029649477086727/1418518001533204/?type=3", "attachments": {"data": [{"description": "Fact 30 ~ Illicit Massage Parlors operate as if they are legitimate establishments. In reality, they are often a source of human trafficking.\n30 Facts ~ Human Trafficking Prevention and Awareness.\n#EducateYourself  #HelpERASE", "media": {"image": {"height": 604, "src": "https://scontent-lax3-1.xx.fbcdn.net/v/t1.0-9/s720x720/17553531_1418518001533204_1810787743065869314_n.jpg?_nc_cat=109&ccb=1-3&_nc_sid=2d5d41&_nc_ohc=5Wh0J1iz5u0AX8i8Icw&_nc_ht=scontent-lax3-1.xx&tp=7&oh=0e3574510a4151e4df99ae91fdf50f26&oe=6072DABF", "width": 720}}, "target": {"id": "1418518001533204", "url": "https://www.facebook.com/helperase/photos/a.1029649477086727/1418518001533204/?type=3"}, "title": "Timeline Photos", "type": "photo", "url": "https://www.facebook.com/helperase/photos/a.1029649477086727/1418518001533204/?type=3"}]}, "id": "1003344626383879_1418518001533204"}