{"created_time": "2018-10-18T19:32:22+0000", "message": "Amazing turnout for the Teen Domestic Violence Awareness Rally at Florida National University!", "message_tags": [{"id": "206847600571", "name": "Florida National University", "type": "page", "offset": 66, "length": 27}], "permalink_url": "https://www.facebook.com/1003344626383879/posts/2066684140049917/", "attachments": {"data": [{"media": {"image": {"height": 480, "src": "https://scontent-lax3-1.xx.fbcdn.net/v/t1.0-0/p480x480/44322727_10157019238605572_3398559491921281024_o.jpg?_nc_cat=109&ccb=1-3&_nc_sid=8024bb&_nc_ohc=QhMLRBIyrzsAX9KLKET&_nc_ht=scontent-lax3-1.xx&tp=6&oh=8a3f785e7c55a5a86e980288ed1e6f03&oe=606DDC4E", "width": 720}}, "target": {"id": "10157019238595572", "url": "https://www.facebook.com/FloridaNationalUniversity/photos/a.10150121213465572/10157019238595572/?type=3"}, "title": "Timeline Photos", "type": "photo", "url": "https://www.facebook.com/FloridaNationalUniversity/photos/a.10150121213465572/10157019238595572/?type=3"}]}, "id": "1003344626383879_2066684140049917"}