{"created_time": "2018-09-09T20:10:02+0000", "message": "Viral social media posts about human trafficking can do more harm than good. It can mislead parents on how best to protect their children.", "permalink_url": "https://www.facebook.com/1003344626383879/posts/2018684591516539/", "attachments": {"data": [{"description": "The Panhandle Region Team of the Nebraska Human Trafficking Task Force has been leading an effort to educate the public about human trafficking, hosting a showing of a documentary on", "media": {"image": {"height": 630, "src": "https://external-lax3-1.xx.fbcdn.net/safe_image.php?d=AQFQ9ta5jXIB1iU1&w=630&h=630&url=https%3A%2F%2Fbloximages.chicago2.vip.townnews.com%2Fstarherald.com%2Fcontent%2Ftncms%2Fassets%2Fv3%2Feditorial%2F0%2F85%2F085a2b19-5561-5b24-827d-bb7dc8e63770%2F5b9470ead6cab.image.jpg%3Fresize%3D941%252C630&cfs=1&sx=265&sy=0&sw=630&sh=630&_nc_cb=1&_nc_hash=AQHQ6-0szoeELAeb", "width": 630}}, "target": {"url": "https://l.facebook.com/l.php?u=https%3A%2F%2Fbuff.ly%2F2wUOYn6&h=AT0PAVC7GVOMu6uflCbwMinsaQbAbrzTjVVYDJXKJ8UG_at_T88_Unx46zUx2LHXHbTfm88sUAMhSU1Vef2aSR6s55a9fhezlU31QEdyCbZBhhIrCUFP8zk9gLXZKd15&s=1"}, "title": "Task force educating the public on prevalence of human trafficking", "type": "share", "url": "https://l.facebook.com/l.php?u=https%3A%2F%2Fbuff.ly%2F2wUOYn6&h=AT0PAVC7GVOMu6uflCbwMinsaQbAbrzTjVVYDJXKJ8UG_at_T88_Unx46zUx2LHXHbTfm88sUAMhSU1Vef2aSR6s55a9fhezlU31QEdyCbZBhhIrCUFP8zk9gLXZKd15&s=1"}]}, "id": "1003344626383879_2018684591516539"}