{"created_time": "2018-08-09T00:02:48+0000", "message": "An big huge #WDATIP Thank You!!! \ud83d\udc9c\ud83d\udc9c\ud83d\udc9c", "message_tags": [{"id": "770654659643985", "name": "#WDATiP", "offset": 12, "length": 7}], "permalink_url": "https://www.facebook.com/helperase/videos/1971389516246047/", "attachments": {"data": [{"media": {"image": {"height": 360, "src": "https://scontent-lax3-1.xx.fbcdn.net/v/t15.5256-10/37955138_1971757989542533_4915095667996622848_n.jpg?_nc_cat=108&ccb=1-3&_nc_sid=ad6a45&_nc_ohc=KlZefIdX9BMAX_nEW3-&_nc_ht=scontent-lax3-1.xx&oh=aabb8368841322dd38c3b28b1a0e2ecd&oe=60706585", "width": 640}}, "target": {"id": "1971389516246047", "url": "https://www.facebook.com/helperase/videos/1971389516246047/"}, "type": "video_inline", "url": "https://www.facebook.com/helperase/videos/1971389516246047/"}]}, "id": "1003344626383879_1971389516246047"}