{"created_time": "2018-07-20T20:10:03+0000", "message": "\u201cHuman trafficking is a multi-million dollar business and law enforcement officers across South Carolina are working to put an end to it by educating those who work with the public.\u201dhttps://buff.ly/2NWKgfk", "message_tags": [], "permalink_url": "https://www.facebook.com/helperase/photos/a.1029649477086727/1939316639453335/?type=3", "attachments": {"data": [{"description": "\u201cHuman trafficking is a multi-million dollar business and law enforcement officers across South Carolina are working to put an end to it by educating those who work with the public.\u201dhttps://buff.ly/2NWKgfk", "media": {"image": {"height": 405, "src": "https://scontent-lax3-1.xx.fbcdn.net/v/t1.0-9/s720x720/37512001_1939316652786667_7463807631711272960_o.jpg?_nc_cat=109&ccb=1-3&_nc_sid=da1649&_nc_ohc=HEH3Lg-B3S4AX9hT4HS&_nc_ht=scontent-lax3-1.xx&tp=7&oh=351702c025a65a3cd58e9fd1f3e0d5fc&oe=606FF347", "width": 720}}, "target": {"id": "1939316639453335", "url": "https://www.facebook.com/helperase/photos/a.1029649477086727/1939316639453335/?type=3"}, "title": "Timeline Photos", "type": "photo", "url": "https://www.facebook.com/helperase/photos/a.1029649477086727/1939316639453335/?type=3"}]}, "id": "1003344626383879_1939316639453335"}