{"created_time": "2018-02-20T01:04:04+0000", "message": "Force, FRAUD & Coercion #Back2TheBasics #HELPErase", "message_tags": [{"id": "466392916764875", "name": "#Back2TheBasics", "offset": 24, "length": 15}, {"id": "600288956648476", "name": "#helpERASE", "offset": 40, "length": 10}], "permalink_url": "https://www.facebook.com/helperase/videos/1764226866962314/", "attachments": {"data": [{"media": {"image": {"height": 360, "src": "https://scontent-lax3-2.xx.fbcdn.net/v/t15.5256-10/27855750_1764234213628246_2341200532909064192_n.jpg?_nc_cat=106&ccb=1-3&_nc_sid=ad6a45&_nc_ohc=tyicAJe4iuYAX9_Fy6s&_nc_ht=scontent-lax3-2.xx&oh=6ab3b3ef1a6bddef6fb405180330c190&oe=6071A589", "width": 640}}, "target": {"id": "1764226866962314", "url": "https://www.facebook.com/helperase/videos/1764226866962314/"}, "type": "video_inline", "url": "https://www.facebook.com/helperase/videos/1764226866962314/"}]}, "id": "1003344626383879_1764226866962314"}