{"created_time": "2018-02-19T21:04:02+0000", "message": "The employee said two teen girls approached the counter with first-class tickets purchased by someone they met online. The two girls told authorities the man on Instagram promised them $2,000 to fly to New York for a modeling gig. The worker said it was a gut instinct to get help.", "permalink_url": "https://www.facebook.com/1003344626383879/posts/1764038263647841/", "attachments": {"data": [{"description": "SACRAMENTO, CA (WHDH) \u2014 An airline worker is credited with preventing a tragedy after she intervened in a possible human trafficking scheme. The employee said two...", "media": {"image": {"height": 436, "src": "https://external-lax3-1.xx.fbcdn.net/safe_image.php?d=AQHhtYZnTt_j6Dhn&w=436&h=436&url=http%3A%2F%2Fsunbeamwhdh.files.wordpress.com%2F2018%2F02%2F180216_airline_employee.jpg%3Fw%3D775&cfs=1&_nc_cb=1&_nc_hash=AQGFd7NaeSLnxyYt", "width": 436}}, "target": {"url": "http://l.facebook.com/l.php?u=http%3A%2F%2Fj.mp%2F2o45tsA&h=AT3dtvpwsdcXBQj1c-KoAeycJrNn0Yv1LOF3_00v1T2LsN1gJ8R4W8PYX3mrXs5oy9_a_XFKdW0S-QsrOfsoRQP61MOZQmYzRnY-RwJD14d2NzTRpxIPLFTBet1WnK3G&s=1"}, "title": "Airline employee stops possible human trafficking scheme", "type": "share", "url": "http://l.facebook.com/l.php?u=http%3A%2F%2Fj.mp%2F2o45tsA&h=AT3dtvpwsdcXBQj1c-KoAeycJrNn0Yv1LOF3_00v1T2LsN1gJ8R4W8PYX3mrXs5oy9_a_XFKdW0S-QsrOfsoRQP61MOZQmYzRnY-RwJD14d2NzTRpxIPLFTBet1WnK3G&s=1"}]}, "id": "1003344626383879_1764038263647841"}