{"created_time": "2017-12-02T13:56:27+0000", "permalink_url": "https://www.facebook.com/1003344626383879/posts/1681955761856092/", "attachments": {"data": [{"description": "LAKE CITY, Fla. (NBC News) \u2013 The Columbia County Sheriff\u2019s Office confirmed a missing teenager who is believed to have run away with a soccer coach was found safe on Friday. Caitlyn Frisina, 17, wa\u2026", "media": {"image": {"height": 394, "src": "https://external-lax3-1.xx.fbcdn.net/safe_image.php?d=AQHdAFXwRhfazDgD&w=394&h=394&url=http%3A%2F%2Fmgtvwsav.files.wordpress.com%2F2017%2F11%2Fnc_missingteena1128_700x394.jpg&cfs=1&sx=167&sy=0&sw=394&sh=394&_nc_cb=1&_nc_hash=AQH8MLyNThAUQB9Q", "width": 394}}, "target": {"url": "http://l.facebook.com/l.php?u=http%3A%2F%2Fwsav.com%2F2017%2F12%2F01%2Fupdate-missing-florida-teen-found-safe-in-new-york%2F&h=AT2aFtNDqCycXFELfNfLAujt_L6uXHPU5vhwuAv87uTkGLbPyLurGfTtG-rEoWBoWnck09JxjZrfh-fsU73aEpdw7T2ALIzsct13bqUvMUXhvFEa-wthfDxW21bJfNTJ&s=1"}, "title": "UPDATE: Missing Florida teen, coach found in New York", "type": "share", "url": "http://l.facebook.com/l.php?u=http%3A%2F%2Fwsav.com%2F2017%2F12%2F01%2Fupdate-missing-florida-teen-found-safe-in-new-york%2F&h=AT2aFtNDqCycXFELfNfLAujt_L6uXHPU5vhwuAv87uTkGLbPyLurGfTtG-rEoWBoWnck09JxjZrfh-fsU73aEpdw7T2ALIzsct13bqUvMUXhvFEa-wthfDxW21bJfNTJ&s=1"}]}, "id": "1003344626383879_1681955761856092"}