{"created_time": "2017-10-30T20:48:43+0000", "message": "This is a must watch!!!", "permalink_url": "https://www.facebook.com/1003344626383879/posts/1648183971899938/", "attachments": {"data": [{"media": {"image": {"height": 480, "src": "https://scontent-lax3-2.xx.fbcdn.net/v/t15.5256-10/23102535_1736829963025995_2430949866038362112_n.jpg?_nc_cat=111&ccb=1-3&_nc_sid=ad6a45&_nc_ohc=ZxVrq2YvQ_wAX8ENWv6&_nc_ht=scontent-lax3-2.xx&oh=8ce2896a64d09c52412cd16b3cf958cc&oe=60722908", "width": 720}}, "target": {"id": "1736812219694436", "url": "https://www.facebook.com/therefugedmst/videos/1736812219694436/"}, "title": "Why Austin's child sex traffickers aren't getting jail time", "type": "video_inline", "url": "https://www.facebook.com/therefugedmst/videos/1736812219694436/"}]}, "id": "1003344626383879_1648183971899938"}