{"created_time": "2017-07-28T14:11:29+0000", "message": "Join us tonight, July 28, on @HelpErase Facebook Live 8pm CST.  Kelley Alsobrook will be discussing the importance of Law Enforcement Training on Human Trafficking with Ret. FBI Agent Greg Bristol. \n#givefreedom  #Igivehope #HelpERASE", "message_tags": [{"id": "136724616510939", "name": "#GiveFreedom", "offset": 199, "length": 12}, {"id": "425949960835583", "name": "#igivehope", "offset": 213, "length": 10}, {"id": "600288956648476", "name": "#helpERASE", "offset": 224, "length": 10}], "permalink_url": "https://www.facebook.com/1003344626383879/posts/1560475547337448/", "attachments": {"data": [{"description": "Join us tonight, July 28, on @HelpErase Facebook Live 8pm CST.  Kelley Alsobrook will be discussing the importance of Law Enforcement Training on Human Trafficking with Ret. FBI Agent Greg Bristol. \n#givefreedom  #Igivehope #HelpERASE", "media": {"image": {"height": 720, "src": "https://scontent-lax3-1.xx.fbcdn.net/v/t1.0-9/p720x720/20479674_1560475007337502_9152897388234807654_n.jpg?_nc_cat=105&ccb=1-3&_nc_sid=110474&_nc_ohc=wG13VZRF6LEAX9BKaUc&_nc_ht=scontent-lax3-1.xx&tp=6&oh=f1207838155e3151c2f2cc3fb8050fc7&oe=6071AA18", "width": 720}}, "target": {"id": "1560475007337502", "url": "https://www.facebook.com/helperase/photos/a.1066175113434163/1560475007337502/?type=3"}, "type": "photo", "url": "https://www.facebook.com/helperase/photos/a.1066175113434163/1560475007337502/?type=3"}]}, "id": "1003344626383879_1560475547337448"}