{"created_time": "2017-06-23T11:14:00+0000", "message": "Our sentiments exactly! We agree with Tanya Meade of Human Trafficking Coalition Of The Palm Beaches\n\n\u201cIf you are paying for it, you should have access,\u201d", "message_tags": [{"id": "145953982139669", "name": "Human Trafficking Coalition Of The Palm Beaches", "type": "page", "offset": 53, "length": 47}], "permalink_url": "https://www.facebook.com/1003344626383879/posts/1519360441448959/", "attachments": {"data": [{"description": "Are you doing enough to keep your kids safe?It\u2019s tough for many parents to navigate the world of social media, a world many children are immersed in, but it\u2019s full of land mines according to Human\u2026", "media": {"image": {"height": 555, "src": "https://external-lax3-1.xx.fbcdn.net/safe_image.php?d=AQHIuEo3XJ_cgsUm&w=555&h=555&url=https%3A%2F%2Fbuffer-media-uploads.s3.amazonaws.com%2F594c6a2b79820d854a219ba3%2Fe60e864467fb36961d342ecb64064423c5366510_f733499c37e6c47cd5e90749fe3e2e3ee1c8048e_facebook&cfs=1&_nc_cb=1&_nc_hash=AQHfbk5Q06bu-7cj", "width": 555}}, "target": {"url": "http://l.facebook.com/l.php?u=http%3A%2F%2Fbuff.ly%2F2tUzrQk&h=AT1vvtikcHOpKShWGOF8uK_xhmU_VPmCYQWkYA1gWOU2CCOkxjKvKGyWk1mqmvACLoONkZ1jcqNyPxluOfeTa0ElSd8GIHtsuZZZU5h6YaqG7NebwhxVYRkneChL5ls6&s=1"}, "title": "How to keep children safe from Human Trafficking on social media", "type": "share", "url": "http://l.facebook.com/l.php?u=http%3A%2F%2Fbuff.ly%2F2tUzrQk&h=AT1vvtikcHOpKShWGOF8uK_xhmU_VPmCYQWkYA1gWOU2CCOkxjKvKGyWk1mqmvACLoONkZ1jcqNyPxluOfeTa0ElSd8GIHtsuZZZU5h6YaqG7NebwhxVYRkneChL5ls6&s=1"}]}, "id": "1003344626383879_1519360441448959"}