{"created_time": "2017-06-15T01:36:48+0000", "permalink_url": "https://www.facebook.com/1003344626383879/posts/1509804672404536/", "attachments": {"data": [{"description": "T O D A Y, we\u2019re welcoming a young mother and her two children into our care in Thailand!\n\nShe was trafficked. Physically abused. Refused any salary. She bravely escaped with her two children when she was 8 months pregnant, and one of our social workers found them at a border area without any food or support.\n\nNow? She\u2019s safe, free, and receiving the care she needs. When she\u2019s ready to go back to work, our A21 Thailand team will help her find safe employment options. #BREAKINGNEWS", "media": {"image": {"height": 720, "src": "https://scontent-lax3-1.xx.fbcdn.net/v/t31.0-8/p720x720/19055834_1461663577188977_2874691458389221169_o.jpg?_nc_cat=100&ccb=1-3&_nc_sid=2d5d41&_nc_ohc=F0iddGypeNUAX_hUxm2&_nc_ht=scontent-lax3-1.xx&tp=6&oh=4dcf8fad98547dcf2856cf16427ae1b4&oe=60722274", "width": 720}}, "target": {"id": "1461663577188977", "url": "https://www.facebook.com/a21campaign/photos/a.198422790179735/1461663577188977/?type=3"}, "title": "Timeline Photos", "type": "photo", "url": "https://www.facebook.com/a21campaign/photos/a.198422790179735/1461663577188977/?type=3"}]}, "id": "1003344626383879_1509804672404536"}