{"created_time": "2017-04-29T17:24:04+0000", "message": "We had an awesome group of Law Enforcement complete the Advanced Human Trafficking Training Course this week. Thank you to all the departments and guest speakers that participated. Together we can make a difference. \n#LEO #CreatingChange", "message_tags": [{"id": "479647825436380", "name": "#Leo", "offset": 217, "length": 4}, {"id": "146366755540354", "name": "#creatingchange", "offset": 222, "length": 15}], "place": {"name": "Picatinny Arsenal", "location": {"city": "Dover", "country": "United States", "latitude": 40.9390968, "longitude": -74.5633806, "state": "NJ", "zip": "07801"}, "id": "109426405751043"}, "permalink_url": "https://www.facebook.com/helperase/photos/a.1029649477086727/1459583607426643/?type=3", "attachments": {"data": [{"description": "We had an awesome group of Law Enforcement complete the Advanced Human Trafficking Training Course this week. Thank you to all the departments and guest speakers that participated. Together we can make a difference. \n#LEO #CreatingChange", "media": {"image": {"height": 604, "src": "https://scontent-lax3-1.xx.fbcdn.net/v/t1.0-9/s720x720/18119594_1459583607426643_3081232990864587265_n.jpg?_nc_cat=100&ccb=1-3&_nc_sid=2d5d41&_nc_ohc=9VsgeS34cs8AX_bo1is&_nc_ht=scontent-lax3-1.xx&tp=7&oh=610c88c3558559daefdec0b4c02109b2&oe=607140E9", "width": 720}}, "target": {"id": "1459583607426643", "url": "https://www.facebook.com/helperase/photos/a.1029649477086727/1459583607426643/?type=3"}, "title": "Timeline Photos", "type": "photo", "url": "https://www.facebook.com/helperase/photos/a.1029649477086727/1459583607426643/?type=3"}]}, "id": "1003344626383879_1459583607426643"}