{"created_time": "2020-01-16T18:33:41+0000", "message": "This Friday at 6:30pm pst Instagram Live with  @sbcountyda\n\nERASE ChildTrafficking Team Member Kim Hernandez  \ndiscussing Human Trafficking Awareness and Prevention with San Bernardino County DA\u2019s Office.\n\n#awareness #beinformed #humantrafficking #sextrafficking #labortrafficking #helpisavailable #hushlife #hush #LEOs #makingadifference #modelswanted #toogoodtobetrue #knowyourworth #priceless", "message_tags": [{"id": "402127356550229", "name": "#Awareness", "offset": 206, "length": 10}, {"id": "345135512259530", "name": "#BeInformed", "offset": 217, "length": 11}, {"id": "146391798860479", "name": "#humantrafficking", "offset": 229, "length": 17}, {"id": "602800239750132", "name": "#Sextrafficking", "offset": 247, "length": 15}, {"id": "345897022198654", "name": "#labortrafficking", "offset": 263, "length": 17}, {"id": "506596172737414", "name": "#HelpIsAvailable", "offset": 281, "length": 16}, {"id": "346465925465274", "name": "#hushlife", "offset": 298, "length": 9}, {"id": "538045406227425", "name": "#Hush", "offset": 308, "length": 5}, {"id": "483565565025604", "name": "#leos", "offset": 314, "length": 5}, {"id": "136254236549866", "name": "#makingadifference", "offset": 320, "length": 18}, {"id": "456038864464527", "name": "#modelswanted", "offset": 339, "length": 13}, {"id": "495241420539331", "name": "#toogoodtobetrue", "offset": 353, "length": 16}, {"id": "350840705021114", "name": "#knowyourworth", "offset": 370, "length": 14}, {"id": "298738610253621", "name": "#priceless", "offset": 385, "length": 10}], "permalink_url": "https://www.facebook.com/helperase/photos/a.1029649477086727/2872248919493431/?type=3", "attachments": {"data": [{"description": "This Friday at 6:30pm pst Instagram Live with  @sbcountyda\n\nERASE ChildTrafficking Team Member Kim Hernandez  \ndiscussing Human Trafficking Awareness and Prevention with San Bernardino County DA\u2019s Office.\n\n#awareness #beinformed #humantrafficking #sextrafficking #labortrafficking #helpisavailable #hushlife #hush #LEOs #makingadifference #modelswanted #toogoodtobetrue #knowyourworth #priceless", "media": {"image": {"height": 720, "src": "https://scontent-lax3-1.xx.fbcdn.net/v/t1.0-9/p720x720/82810192_2872248926160097_4899680841392717824_o.jpg?_nc_cat=100&ccb=1-3&_nc_sid=2d5d41&_nc_ohc=nRc_CRlBCF0AX9GA31v&_nc_ht=scontent-lax3-1.xx&tp=6&oh=77a6b2420c7dbebef9e358b28e2e700d&oe=606F3B17", "width": 720}}, "target": {"id": "2872248919493431", "url": "https://www.facebook.com/helperase/photos/a.1029649477086727/2872248919493431/?type=3"}, "title": "Timeline Photos", "type": "photo", "url": "https://www.facebook.com/helperase/photos/a.1029649477086727/2872248919493431/?type=3"}]}, "id": "1003344626383879_2872248919493431"}