{"created_time": "2019-11-08T15:04:02+0000", "message": "\u201cA Flatbush man accused of prostituting two teenage girls  \u2013 ages 15 and 17 \u2013 pled not guilty to sex-trafficking charges in Brooklyn.\u201d #humantrafficking", "message_tags": [{"id": "146391798860479", "name": "#humantrafficking", "offset": 135, "length": 17}], "permalink_url": "https://www.facebook.com/1003344626383879/posts/2718837761501215/", "attachments": {"data": [{"description": "A Flatbush man accused of prostituting two teenage girls \u2013 ages 15 and 17 \u2013 pled not guilty to sex-trafficking charges in Brooklyn Supreme Court Wednesday. The 24-year-old defendant faces up to 50 years in prison on 10 charges \u2014 including multiple felony counts for sex trafficking a child, pro...", "media": {"image": {"height": 667, "src": "https://external-lax3-1.xx.fbcdn.net/safe_image.php?d=AQG43Kd6t5bCArgf&w=667&h=667&url=https%3A%2F%2Fwww.brooklynpaper.com%2Fwp-content%2Fuploads%2F2019%2F11%2Fcuffs3.jpg&cfs=1&_nc_cb=1&_nc_hash=AQHG54Ck0i_-er4I", "width": 667}}, "target": {"url": "https://l.facebook.com/l.php?u=https%3A%2F%2Fbuff.ly%2F2NTyZ01&h=AT2CACd5xuqVuPUESwAFDRfG3WMicPAHfqz9C0aak7_xrItrIuLjI-AjB_q2u-kfdpmSTdxL-o6aEjllbC1EnlS56ozOJMQ7pIIbJdCZMWYw2GYzAdRntmqqxTqRCEIN&s=1"}, "title": "Flatbush man indicted on sex-traffic charges - Brooklyn Paper | Breaking News Brooklyn", "type": "share", "url": "https://l.facebook.com/l.php?u=https%3A%2F%2Fbuff.ly%2F2NTyZ01&h=AT2CACd5xuqVuPUESwAFDRfG3WMicPAHfqz9C0aak7_xrItrIuLjI-AjB_q2u-kfdpmSTdxL-o6aEjllbC1EnlS56ozOJMQ7pIIbJdCZMWYw2GYzAdRntmqqxTqRCEIN&s=1"}]}, "id": "1003344626383879_2718837761501215"}