{"created_time": "2019-08-08T14:04:02+0000", "message": "\"Human trafficking is a crime that exploits another person's liberty, and can result in lasting trauma to victims.\"", "permalink_url": "https://www.facebook.com/1003344626383879/posts/2538923959492597/", "attachments": {"data": [{"description": "MILWAUKEE -- Under-reported and oftentimes undetected, human trafficking impacts millions of people around the world, including in southeast Wisconsin. On Tuesday, Aug. 6, U.S. Attorney for the Eastern District of Wisconsin Matthew Krueger called it a hidden problem -- one that is happening in our o...", "media": {"image": {"height": 675, "src": "https://external-lax3-1.xx.fbcdn.net/safe_image.php?d=AQGQXVmQK_hC6ciE&w=675&h=675&url=http%3A%2F%2Flocaltvwiti.files.wordpress.com%2F2019%2F08%2Fhuman-trafficking.jpeg%3Fquality%3D85%26strip%3Dall%26w%3D1200&cfs=1&_nc_cb=1&_nc_hash=AQGSLODVbTYRcWYc", "width": 675}}, "target": {"url": "https://l.facebook.com/l.php?u=https%3A%2F%2Fbuff.ly%2F2KvvMlM&h=AT36c1bik8o1Pf_XNUjVSmFPAIMZU-FA08cf5R74rVzkDYr-XoV99EJMivtSAaG_B3oP9pNdALcErxlgs5XCFy4doZGW-M5vEds6qWTYhYuSmrGlUXgLep6TADNQwq1C&s=1"}, "title": "\u2018Hidden issue:\u2019 Rotary Club talks human trafficking in Milwaukee, what\u2019s being done to fight it", "type": "share", "url": "https://l.facebook.com/l.php?u=https%3A%2F%2Fbuff.ly%2F2KvvMlM&h=AT36c1bik8o1Pf_XNUjVSmFPAIMZU-FA08cf5R74rVzkDYr-XoV99EJMivtSAaG_B3oP9pNdALcErxlgs5XCFy4doZGW-M5vEds6qWTYhYuSmrGlUXgLep6TADNQwq1C&s=1"}]}, "id": "1003344626383879_2538923959492597"}