{"created_time": "2018-08-16T00:02:28+0000", "message": "Give a kid a purpose before a purpose finds your kid.\n#HelpERASE", "message_tags": [{"id": "600288956648476", "name": "#helpERASE", "offset": 54, "length": 10}], "permalink_url": "https://www.facebook.com/helperase/videos/251169235521343/", "attachments": {"data": [{"media": {"image": {"height": 360, "src": "https://scontent-lax3-2.xx.fbcdn.net/v/t15.5256-10/38544181_251173525520914_5865645920003031040_n.jpg?_nc_cat=111&ccb=1-3&_nc_sid=ad6a45&_nc_ohc=xEreRag88TcAX9DSOFA&_nc_ht=scontent-lax3-2.xx&oh=ea12feab52374163640def0da7ae3160&oe=60709F15", "width": 640}}, "target": {"id": "251169235521343", "url": "https://www.facebook.com/helperase/videos/251169235521343/"}, "type": "video_inline", "url": "https://www.facebook.com/helperase/videos/251169235521343/"}]}, "id": "1003344626383879_251169235521343"}