{"created_time": "2019-03-08T15:04:02+0000", "message": "Being judged, labelled, deiscriminated against - girls around the world know how it feels.", "permalink_url": "https://www.facebook.com/1003344626383879/posts/2273974505987545/", "attachments": {"data": [{"description": "Global Citizen is a social action platform for a global generation that aims to solve the world\u2019s biggest challenges. On our platform you can learn about iss...", "media": {"image": {"height": 360, "src": "https://external-lax3-1.xx.fbcdn.net/safe_image.php?d=AQENtyLHIG5-ah4i&w=360&h=360&url=https%3A%2F%2Fi.ytimg.com%2Fvi%2FDCNzdfJMtII%2Fhqdefault.jpg&cfs=1&sx=59&sy=0&sw=360&sh=360&_nc_cb=1&_nc_hash=AQFVK4JaUDHXKkpL", "width": 360}, "source": "https://www.youtube.com/embed/DCNzdfJMtII?autoplay=1"}, "target": {"url": "https://l.facebook.com/l.php?u=https%3A%2F%2Fbuff.ly%2F2XIsh16&h=AT3LmXoXNTYU9yyeiTwL1f5dzlEnkFiaXRGp9QmyG4w38brTtJAnZ-Bkg7eSX2JiNLMzUqFaF90uVkuQb9FhHUrpBv-SQEFzVpnLQk5v11bi84t49Au4ZXYUFxUav6gy&s=1"}, "title": "Happy International Women's Day", "type": "share", "url": "https://l.facebook.com/l.php?u=https%3A%2F%2Fbuff.ly%2F2XIsh16&h=AT3LmXoXNTYU9yyeiTwL1f5dzlEnkFiaXRGp9QmyG4w38brTtJAnZ-Bkg7eSX2JiNLMzUqFaF90uVkuQb9FhHUrpBv-SQEFzVpnLQk5v11bi84t49Au4ZXYUFxUav6gy&s=1"}]}, "id": "1003344626383879_2273974505987545"}