{"created_time": "2019-02-08T15:04:03+0000", "message": "The Brainerd Lakes Area Sex Trafficking Team meets monthly and had a short panel discussion Jan. 25\u2014part of National Slavery and Human Trafficking Prevention month.", "permalink_url": "https://www.facebook.com/1003344626383879/posts/2230826476969015/", "attachments": {"data": [{"description": "People may not have heard about any sex stings in the Brainerd lakes area for some time\u2014but that doesn't mean the issue has disappeared.It just means traffickers have to figure out a different way of advertising to solicit customers, after a new law went into effect last year making websites accou...", "media": {"image": {"height": 698, "src": "https://external-lax3-1.xx.fbcdn.net/safe_image.php?d=AQF3z7_CqIldJh0K&w=698&h=698&url=https%3A%2F%2Fwww.brainerddispatch.com%2Fsites%2Fdefault%2Ffiles%2Fstyles%2F16x9_1240%2Fpublic%2Ffieldimages%2F42%2F0201%2F1xwcwvuueydz6t5qhuznuwafgasfbqtiz.jpg%3Fitok%3DbXzuc6fe&cfs=1&sx=234&sy=0&sw=698&sh=698&_nc_cb=1&_nc_hash=AQH5EpJVLfzXoZzp", "width": 698}}, "target": {"url": "https://l.facebook.com/l.php?u=https%3A%2F%2Fbuff.ly%2F2MQ638d&h=AT0Ltqw5nqFk58U0z9I8DC92Fa78HepAx6PGsEz83aKCKsD1i6ppYUs02p5ETBvOigUdLV0mU9YX93-FXnN8rpAMa0yAAR85xgvQJmS4lEj97T6fGYsD8pOW1FUG_7pk&s=1"}, "title": "Advocates continue efforts against sex trafficking in lakes ...", "type": "share", "url": "https://l.facebook.com/l.php?u=https%3A%2F%2Fbuff.ly%2F2MQ638d&h=AT0Ltqw5nqFk58U0z9I8DC92Fa78HepAx6PGsEz83aKCKsD1i6ppYUs02p5ETBvOigUdLV0mU9YX93-FXnN8rpAMa0yAAR85xgvQJmS4lEj97T6fGYsD8pOW1FUG_7pk&s=1"}]}, "id": "1003344626383879_2230826476969015"}