{"created_time": "2019-02-25T20:00:43+0000", "message": "The corporations, owners, managers and workers that run the country\u2019s 50,000 hotels and motels to often turn a blind eye to sex trafficking.", "permalink_url": "https://www.facebook.com/1003344626383879/posts/2258563684195294/", "attachments": {"data": [{"description": "Hollywood in 1990 gave us Pretty Woman, the Cinderella story of Vivian Ward, a beautiful young prostitute played by Julia Roberts who agrees to...", "media": {"image": {"height": 630, "src": "https://external-lax3-1.xx.fbcdn.net/safe_image.php?d=AQGN2SDKfl3klP5u&w=630&h=630&url=https%3A%2F%2Fdallasnews.imgix.net%2F1550777746-sex_trafficking_WEB.jpg%3Fw%3D1200%26h%3D630%26format%3Djpg%26crop%3Dfaces%26fit%3Dcrop&cfs=1&_nc_cb=1&_nc_hash=AQGnDGhxDz3tJSZH", "width": 630}}, "target": {"url": "https://l.facebook.com/l.php?u=https%3A%2F%2Fbuff.ly%2F2Sjzlxn&h=AT1kZF6IRQ9xIHPA8c-DbZivFCtlyF05Qgc6RHAaVykLV1IV55GscjtNT_-QkhH6NQfQ391U6YRq4BaFA1thSNBwJ3uxBP0u5mfwB21pZpa_hN0GkrE1vllC9xNmJ20E&s=1"}, "title": "Hotels, airlines and tech companies must stop harboring sex traffickers", "type": "share", "url": "https://l.facebook.com/l.php?u=https%3A%2F%2Fbuff.ly%2F2Sjzlxn&h=AT1kZF6IRQ9xIHPA8c-DbZivFCtlyF05Qgc6RHAaVykLV1IV55GscjtNT_-QkhH6NQfQ391U6YRq4BaFA1thSNBwJ3uxBP0u5mfwB21pZpa_hN0GkrE1vllC9xNmJ20E&s=1"}]}, "id": "1003344626383879_2258563684195294"}