{"created_time": "2018-03-03T21:04:05+0000", "message": "\u201cOne of the common assumptions about human trafficking is that it is only sex trafficking,\u201d said Scott, who is an assistant professor in the school of education. \u201cAnd so a lot of kids related it to movies like \u2018Taken\u2019 to their experiences or what they knew about human trafficking. So they weren\u2019t able to initially make those initial connections to economics, to history \u2014 just this overall understanding that human trafficking is a modern-day slavery.\u201d", "permalink_url": "https://www.facebook.com/1003344626383879/posts/1776545415730459/", "attachments": {"data": [{"description": "Broadcast NewsBaylor professors take action against human trafficking By Christina Soto - February 28, 2018 Facebook Twitter Google+ Pinterest WhatsApp Story by Christina Soto | Broadcast Managing Editor Human trafficking has been a major concern nationwide, especially in Texas. According to the Nat...", "media": {"image": {"height": 720, "src": "https://external-lax3-1.xx.fbcdn.net/safe_image.php?d=AQEB7bjkTW1X3oMH&w=720&h=720&url=http%3A%2F%2Fbaylorlariat.com%2Fwp-content%2Fuploads%2F2018%2F02%2Fmaxresdefault-21.jpg&cfs=1&sx=278&sy=0&sw=720&sh=720&_nc_cb=1&_nc_hash=AQFOuldSKbf-NGKn", "width": 720}}, "target": {"url": "http://l.facebook.com/l.php?u=http%3A%2F%2Fj.mp%2F2oz7Y6y&h=AT1WOt9wUOBEoCZ0ZPcv1DnsasfYinWBSKrdkKQFQXB7KrVCfaLohZhg4mPsZBQT8G65LLTAN8GZBh-gwDiQJRA4LcggrZYR_TFx7L5phn_HYdBENfdWs3Z1VzFbv8rm&s=1"}, "title": "Baylor professors take action against human trafficking | The Baylor Lariat", "type": "share", "url": "http://l.facebook.com/l.php?u=http%3A%2F%2Fj.mp%2F2oz7Y6y&h=AT1WOt9wUOBEoCZ0ZPcv1DnsasfYinWBSKrdkKQFQXB7KrVCfaLohZhg4mPsZBQT8G65LLTAN8GZBh-gwDiQJRA4LcggrZYR_TFx7L5phn_HYdBENfdWs3Z1VzFbv8rm&s=1"}]}, "id": "1003344626383879_1776545415730459"}