{"created_time": "2018-03-02T01:21:43+0000", "message": "Thank you Danica for taking a stand against Human Trafficking!", "message_tags": [{"id": "275821147236739", "name": "Danica McKellar", "type": "user", "offset": 10, "length": 6}], "permalink_url": "https://www.facebook.com/1003344626383879/posts/1774611159257218/", "attachments": {"data": [{"description": "Today is #enditmovement \u274c Find out how you can help: @helperase Ecpatusa.org A21.org\n\n\u274c\n\nNeed help? 1 (888) 373-7888\n(National Human Trafficking Resource Center)\nSMS: 233733 (Text \"HELP\" or \"INFO\")\n\n\u274c\n\n #endhumantrafficking #humantraffickingawarenessday", "media": {"image": {"height": 720, "src": "https://scontent-lax3-1.xx.fbcdn.net/v/t31.0-8/p720x720/28234884_10160572451870131_6647840475730456893_o.jpg?_nc_cat=108&ccb=1-3&_nc_sid=110474&_nc_ohc=RezK8_Exd3sAX85eqsJ&_nc_ht=scontent-lax3-1.xx&tp=6&oh=265e02066a343edf240ee86d84cb7299&oe=60715027", "width": 721}}, "target": {"id": "10160572451870131", "url": "https://www.facebook.com/10150128181055131/photos/a.10154460216245131/10160572451870131/?type=3"}, "type": "photo", "url": "https://www.facebook.com/10150128181055131/photos/a.10154460216245131/10160572451870131/?type=3"}]}, "id": "1003344626383879_1774611159257218"}