{"created_time": "2017-11-20T21:04:02+0000", "message": "College of Nursing begins program to fight human trafficking\nIf you\u2019ve never seen it or you don\u2019t understand it, you won\u2019t be able to recognize it so that\u2019s why training is so important.", "permalink_url": "https://www.facebook.com/1003344626383879/posts/1669147619803573/", "attachments": {"data": [{"description": "Michigan healthcare professionals took a step towards increasing reporting and minimizing trafficking in April by creating a training that teaches about human trafficking, and requiring professionals\u2026", "media": {"image": {"height": 667, "src": "https://external-lax3-1.xx.fbcdn.net/safe_image.php?d=AQHT4rqDPTqXvDA6&w=667&h=667&url=https%3A%2F%2Fbuffer-media-uploads.s3.amazonaws.com%2F5a0f4f329363923b0575b111%2Fdfc5349a0a1121216727be8e53492a919c72c699_da56b6366cbb5ebd4f371c9547d22ff5fd517cca_facebook&cfs=1&sx=0&sy=23&sw=667&sh=667&_nc_cb=1&_nc_hash=AQGIa9Q5_8RAYiYK", "width": 667}}, "target": {"url": "http://l.facebook.com/l.php?u=http%3A%2F%2Fj.mp%2F2zLx34T&h=AT06dLs6jism2FfjJCQPmIeJ_v8vO6X3l2MQCFQedy22SmoFgfzJg9f53detSIP_zVu6GHq9qtbO61oenJ3lOrZJ6-KUAJaZTvxmSB-wuRxk-QH2HZpf3jBMctPr__dj&s=1"}, "title": "College of Nursing begins program to fight human trafficking", "type": "share", "url": "http://l.facebook.com/l.php?u=http%3A%2F%2Fj.mp%2F2zLx34T&h=AT06dLs6jism2FfjJCQPmIeJ_v8vO6X3l2MQCFQedy22SmoFgfzJg9f53detSIP_zVu6GHq9qtbO61oenJ3lOrZJ6-KUAJaZTvxmSB-wuRxk-QH2HZpf3jBMctPr__dj&s=1"}]}, "id": "1003344626383879_1669147619803573"}