{"created_time": "2017-11-17T16:53:54+0000", "message": "Yesterday was the planning meeting for Florida National University's Powerhouse Human Trafficking Awareness Walk. It is a true honor to work with so many wonderful people representing Education, Government, Law Enforcement, Local Businesses, Non-Profits and concerned citizens. It is a collective effort to combat human trafficking and to keep our communities safe. Like someone said at the meeting yesterday, \"Its more than a Powerhouse, its a PowerMansion.\" Thank you Rachel Tourgeman and Maria Regueiro for making this possible. This ia only a small fraction of all the wonderful people that were there yesterday.", "message_tags": [{"id": "206847600571", "name": "Florida National University", "type": "page", "offset": 39, "length": 27}, {"id": "3942096335848844", "name": "Rachel Tourgeman", "type": "user", "offset": 470, "length": 16}, {"id": "10219773371545382", "name": "Maria C Regueiro", "type": "user", "offset": 491, "length": 14}], "place": {"name": "Florida National University", "location": {"city": "Hialeah", "country": "United States", "latitude": 25.861722212456, "longitude": -80.322002684234, "state": "FL", "street": "4425 W 20th Ave", "zip": "33012"}, "id": "206847600571"}, "permalink_url": "https://www.facebook.com/1003344626383879/posts/1665593896825612/", "attachments": {"data": [{"description": "Yesterday was the planning meeting for Florida National University's Powerhouse Human Trafficking Awareness Walk. It is a true honor to work with so many wonderful people representing Education, Government, Law Enforcement, Local Businesses, Non-Profits and concerned citizens. It is a collective effort to combat human trafficking and to keep our communities safe. Like someone said at the meeting yesterday, \"Its more than a Powerhouse, its a PowerMansion.\" Thank you Rachel Tourgeman and Maria Regueiro for making this possible. This ia only a small fraction of all the wonderful people that were there yesterday.", "description_tags": [{"id": "206847600571", "length": 27, "name": "Florida National University", "offset": 39, "type": "page"}, {"id": "3942096335848844", "length": 16, "name": "Rachel Tourgeman", "offset": 470, "type": "user"}, {"id": "10219773371545382", "length": 14, "name": "Maria C Regueiro", "offset": 491, "type": "user"}], "media": {"image": {"height": 604, "src": "https://scontent-lax3-1.xx.fbcdn.net/v/t1.0-9/s720x720/23622020_1665592936825708_2330006682667150554_n.jpg?_nc_cat=100&ccb=1-3&_nc_sid=8024bb&_nc_ohc=3uyW2fmptAkAX887W2s&_nc_ht=scontent-lax3-1.xx&tp=7&oh=0149aba91e2bac9a90871888511052a5&oe=606EC03E", "width": 720}}, "target": {"id": "1665592936825708", "url": "https://www.facebook.com/helperase/photos/a.1029649477086727/1665592936825708/?type=3"}, "type": "photo", "url": "https://www.facebook.com/helperase/photos/a.1029649477086727/1665592936825708/?type=3"}]}, "id": "1003344626383879_1665593896825612"}