{"created_time": "2019-08-10T20:10:02+0000", "message": "\"In Georgia, the operation resulted in the recovery of seven child victims and four adult victims, along with the arrest of three pimps or traffickers.\"", "permalink_url": "https://www.facebook.com/1003344626383879/posts/2542933995758260/", "attachments": {"data": [{"description": "An FBI-led investigation that led to 11 victims of sex trafficking being rescued statewide also resulted in the arrest of three men in Smyrna who now face pimping charges, authorities", "media": {"image": {"height": 504, "src": "https://external-lax3-1.xx.fbcdn.net/safe_image.php?d=AQFCO_kFjgJ7aTp1&w=504&h=504&url=https%3A%2F%2Fbloximages.newyork1.vip.townnews.com%2Fmdjonline.com%2Fcontent%2Ftncms%2Fassets%2Fv3%2Feditorial%2Ff%2F29%2Ff29f547c-b7a4-11e9-8390-67348feb4eaa%2F5d4864bc6fdfb.image.jpg%3Fresize%3D504%252C630&cfs=1&sx=0&sy=110&sw=504&sh=504&_nc_cb=1&_nc_hash=AQGfEw7UqZ6CrpMU", "width": 504}}, "target": {"url": "https://l.facebook.com/l.php?u=https%3A%2F%2Fbuff.ly%2F2YSiYuT&h=AT3CJzhZ0LfZLqzu0n8weJlJBUSyZDuB6JnLkSxpMSUOj_C6srC4ZmtAkXyAM5MYSlVU1JgxzmMbFf2x1MmzYWuv7KuUQGDbyITbtz022Nbc5giGdsjU1nl13Y7PrDxl&s=1"}, "title": "FBI operation recovers 11 sex trafficking victims, arrests three on pimping charges in Smyrna", "type": "share", "url": "https://l.facebook.com/l.php?u=https%3A%2F%2Fbuff.ly%2F2YSiYuT&h=AT3CJzhZ0LfZLqzu0n8weJlJBUSyZDuB6JnLkSxpMSUOj_C6srC4ZmtAkXyAM5MYSlVU1JgxzmMbFf2x1MmzYWuv7KuUQGDbyITbtz022Nbc5giGdsjU1nl13Y7PrDxl&s=1"}]}, "id": "1003344626383879_2542933995758260"}