{"created_time": "2017-02-13T13:32:14+0000", "message": "Fact 26 ~ Drugs can only be sold once. A 13-year old sex trafficking victim can be sold upwards to 20 times a day, 365 days a year.  Human Trafficking is the fastest-growing business of organized crime. 30 Facts ~ Human Trafficking Prevention and Awareness.\n#EducateYourself #ProtectOurKids #ChildTrafficking #Drugs #Business #Money", "message_tags": [{"id": "500888956642517", "name": "#educateyourself", "offset": 258, "length": 16}, {"id": "624940134189761", "name": "#protectourkids", "offset": 275, "length": 15}, {"id": "303379326455737", "name": "#childtrafficking", "offset": 291, "length": 17}, {"id": "338694272897959", "name": "#drugs", "offset": 309, "length": 6}, {"id": "453199784753211", "name": "#business", "offset": 316, "length": 9}, {"id": "115292711992355", "name": "#money", "offset": 326, "length": 6}], "permalink_url": "https://www.facebook.com/helperase/photos/a.1381766311875040/1375479372503734/?type=3", "attachments": {"data": [{"description": "Fact 26 ~ Drugs can only be sold once. A 13-year old sex trafficking victim can be sold upwards to 20 times a day, 365 days a year.  Human Trafficking is the fastest-growing business of organized crime. 30 Facts ~ Human Trafficking Prevention and Awareness.\n#EducateYourself #ProtectOurKids #ChildTrafficking #Drugs #Business #Money", "media": {"image": {"height": 377, "src": "https://scontent-lax3-1.xx.fbcdn.net/v/t1.0-9/s720x720/16640612_1375479372503734_3516392393595239343_n.jpg?_nc_cat=101&ccb=1-3&_nc_sid=e007fa&_nc_ohc=WNQkuMlo9UYAX-5XjOe&_nc_ht=scontent-lax3-1.xx&tp=7&oh=b0777e06c612b639c315e1c4e3aad1e0&oe=60719696", "width": 720}}, "target": {"id": "1375479372503734", "url": "https://www.facebook.com/helperase/photos/a.1381766311875040/1375479372503734/?type=3"}, "title": "30 Facts about Human Trafficking", "type": "photo", "url": "https://www.facebook.com/helperase/photos/a.1381766311875040/1375479372503734/?type=3"}]}, "id": "1003344626383879_1375479372503734"}