{"created_time": "2017-01-11T01:03:39+0000", "message": "#Backpage ~ Click Bait News ~ National Human Trafficking Awareness Day", "message_tags": [{"id": "355565111224800", "name": "#backpage", "offset": 0, "length": 9}], "permalink_url": "https://www.facebook.com/helperase/videos/1342287102489628/", "attachments": {"data": [{"media": {"image": {"height": 720, "src": "https://scontent-lax3-1.xx.fbcdn.net/v/t15.5256-10/p720x720/15971144_1342302849154720_595759702516695040_n.jpg?_nc_cat=104&ccb=1-3&_nc_sid=ad6a45&_nc_ohc=6UnNGGxxxfYAX8lRSbo&_nc_ht=scontent-lax3-1.xx&tp=6&oh=44e49fc6c5d40e45967b17c54794f450&oe=6071C71D", "width": 720}}, "target": {"id": "1342287102489628", "url": "https://www.facebook.com/helperase/videos/1342287102489628/"}, "title": "Backpage and Click Bait News", "type": "video_inline", "url": "https://www.facebook.com/helperase/videos/1342287102489628/"}]}, "id": "1003344626383879_1342287102489628"}