{"created_time": "2020-08-28T00:18:56+0000", "message": "The surprising ways you are helping \ud83d\udc9c\ud83d\udc9c\ud83d\udc9c", "permalink_url": "https://www.facebook.com/helperase/videos/1007604453021225/", "attachments": {"data": [{"media": {"image": {"height": 640, "src": "https://scontent-lax3-1.xx.fbcdn.net/v/t15.13418-10/118275073_307033853903728_4595513915970932957_n.jpg?_nc_cat=104&ccb=1-3&_nc_sid=ad6a45&_nc_ohc=on63jPG8UNMAX9xuWS0&_nc_oc=AQmACwmKL55DelxODy465LYQcR9RzA8ESL6mLuYd6EwarX1qCe1Y7Px4TZ7JscdOYWs&_nc_ht=scontent-lax3-1.xx&oh=b631010e84bdc0c41196babaa2cb624e&oe=607214F6", "width": 360}}, "target": {"id": "1007604453021225", "url": "https://www.facebook.com/helperase/videos/1007604453021225/"}, "type": "video_inline", "url": "https://www.facebook.com/helperase/videos/1007604453021225/"}, {"target": {"id": "639730946944968", "url": "https://www.facebook.com/helperase/videos/1007604453021225/"}, "type": "fundraiser_for_story", "url": "https://www.facebook.com/helperase/videos/1007604453021225/"}]}, "id": "1003344626383879_1007604453021225"}