{"created_time": "2020-08-21T20:10:05+0000", "message": "The GBI launched HEAT (Human Exploitation And Trafficking Unit) to stop sex traffickers in the state on July 1st.\nhttps://buff.ly/3hf65VQ\n#GBI #HelpERASE #Atlanta", "message_tags": [{"id": "230886757036232", "name": "#GBI", "offset": 138, "length": 4}, {"id": "600288956648476", "name": "#helpERASE", "offset": 143, "length": 10}, {"id": "568384459847256", "name": "#atlanta", "offset": 154, "length": 8}], "permalink_url": "https://www.facebook.com/1003344626383879/posts/3408947565823561/", "attachments": {"data": [{"description": "ATLANTA, Ga. (WJBF) \u2013 Georgia lawmakers have launched a new task force to end modern day slavery, after the FBI lists Atlanta as one of the top 14 cities in the country for human trafficking.\u2026", "media": {"image": {"height": 522, "src": "https://external-lax3-1.xx.fbcdn.net/safe_image.php?d=AQH6jCChQXNfJML_&w=522&h=522&url=https%3A%2F%2Fwww.wrbl.com%2Fwp-content%2Fuploads%2Fsites%2F24%2F2020%2F08%2Fheat-cuffs.jpg&cfs=1&_nc_cb=1&_nc_hash=AQFdvINv4l_MrGD_", "width": 522}}, "target": {"url": "https://l.facebook.com/l.php?u=https%3A%2F%2Fbuff.ly%2F3hf65VQ&h=AT0m1zZb_gWirj-byzIBsprtfeJfSDFB54O3TgVckT0EYpENcqvy_BlSLbZNEE_ZfAQPKcuxilIXJDxZ_I91Zk_e05vUOWj6sP5Uwcc9SENz-ezJ8es0L9O3G9xDxJsW&s=1"}, "title": "Georgia lawmakers, GBI launch Human Exploitation & Trafficking Unit", "type": "share", "url": "https://l.facebook.com/l.php?u=https%3A%2F%2Fbuff.ly%2F3hf65VQ&h=AT0m1zZb_gWirj-byzIBsprtfeJfSDFB54O3TgVckT0EYpENcqvy_BlSLbZNEE_ZfAQPKcuxilIXJDxZ_I91Zk_e05vUOWj6sP5Uwcc9SENz-ezJ8es0L9O3G9xDxJsW&s=1"}]}, "id": "1003344626383879_3408947565823561"}