{"created_time": "2020-06-09T16:07:53+0000", "message": "#Found", "message_tags": [{"id": "468747743181115", "name": "#found", "offset": 0, "length": 6}], "permalink_url": "https://www.facebook.com/1003344626383879/posts/3203258646392455/", "attachments": {"data": [{"description": "UPDATE: LOCATED: Hannah K Guerrier has been safely recovered. She is in good health. \n\nInitial post\nPort St Lucie Police seek public's help locating missing endangered fourteen-year-old Hannah K Guerrier.  \n\nHannah Guerrier was last seen on June 8, at around 6:00 pm when she left her home located in Port St. Lucie.  She was last seen wearing a long sleeve black shirt, ripped blue jeans and multi-colored checkered van sneakers.  \n\nHannah Guerrier is a black female, 5'07\" tall, 125 lbs, black hair and brown eyes.  \n\nIf anyone has information about her whereabouts, please contact: Detective K. Meyer Office # (772) 807-4400. You can be anonymous, call Treasure Coast Crime Stoppers 800-273-TIPS (8477)", "media": {"image": {"height": 720, "src": "https://scontent-lax3-1.xx.fbcdn.net/v/t1.0-9/s720x720/102981836_778742819196553_7068821195017725830_n.png?_nc_cat=101&ccb=1-3&_nc_sid=8024bb&_nc_ohc=G28n0RYeHtgAX-9gs75&_nc_ht=scontent-lax3-1.xx&_nc_tp=30&oh=c9b62aab219a6e04381c9ff5e788db28&oe=6070E865", "width": 556}}, "target": {"id": "778742815863220", "url": "https://www.facebook.com/PortStLuciePolice/photos/a.144692772601564/778742815863220/?type=3"}, "type": "photo", "url": "https://www.facebook.com/PortStLuciePolice/photos/a.144692772601564/778742815863220/?type=3"}]}, "id": "1003344626383879_3203258646392455"}