{"created_time": "2019-07-17T15:45:56+0000", "message": "***Update*** FoundSafe!\n#missing\n#PleaseShare\n#prayforemma\n#prayforanna", "message_tags": [{"id": "126682420847427", "name": "#missing", "offset": 24, "length": 8}, {"id": "567507269935706", "name": "#PleaseShare", "offset": 33, "length": 12}, {"id": "477906902275941", "name": "#prayforemma", "offset": 46, "length": 12}, {"id": "362144427223970", "name": "#prayforanna", "offset": 59, "length": 12}], "permalink_url": "https://www.facebook.com/1003344626383879/posts/2499420236776303/", "attachments": {"data": [{"description": "***Update*** FoundSafe!\n#missing\n#PleaseShare\n#prayforemma\n#prayforanna", "media": {"image": {"height": 720, "src": "https://scontent-lax3-1.xx.fbcdn.net/v/t1.0-9/p720x720/67094005_2499418906776436_7723883294646861824_o.png?_nc_cat=103&ccb=1-3&_nc_sid=8024bb&_nc_ohc=YwAcNSoI5joAX_WQAm1&_nc_oc=AQnk9YUJD8a5eApfzf2-LZcGrv2eGYxGP40JWuCAJlNTbAeMDwkPez67lgKmTKmS6mY&_nc_ht=scontent-lax3-1.xx&_nc_tp=30&oh=e29d041483b84febe4a88fcef6c4711b&oe=606F0BBB", "width": 720}}, "target": {"id": "2499418903443103", "url": "https://www.facebook.com/helperase/photos/a.1029649477086727/2499418903443103/?type=3"}, "type": "photo", "url": "https://www.facebook.com/helperase/photos/a.1029649477086727/2499418903443103/?type=3"}]}, "id": "1003344626383879_2499420236776303"}