{"created_time": "2018-08-16T14:04:03+0000", "message": "\"City Wants Hotels And Motels to Increase Reporting about Human Trafficking in Houston.\"", "permalink_url": "https://www.facebook.com/1003344626383879/posts/1984556578262674/", "attachments": {"data": [{"description": "Officials also aim at getting federal funding and help from the U.S. Conference of Mayors", "media": {"image": {"height": 412, "src": "https://external-lax3-1.xx.fbcdn.net/safe_image.php?d=AQFm32p8p5rOTNoh&w=412&h=412&url=https%3A%2F%2Fcdn.hpm.io%2Fwp-content%2Fuploads%2F2018%2F08%2F13160322%2FFeatured-image-for-story-on-human-trafficking.jpg&cfs=1&_nc_cb=1&_nc_hash=AQHbjiI72k6-1ZZF", "width": 412}}, "target": {"url": "https://l.facebook.com/l.php?u=https%3A%2F%2Fbuff.ly%2F2MiV2Q4&h=AT3Yi4bGsdgb5Q9RTR4kjvNVlPLw-5Y5f8Vm-U4HzSIVnULvW1gSmBNbiVefr_zMSVE0phWTD3oXdTfzeSfPOG_lvHdKPeyXKoT5hzTCK1QacNdJjReKBTV5oRCc3cfL&s=1"}, "title": "City Wants Hotels And Motels to Increase Reporting about Human Trafficking in Houston | Houston Public Media", "type": "share", "url": "https://l.facebook.com/l.php?u=https%3A%2F%2Fbuff.ly%2F2MiV2Q4&h=AT3Yi4bGsdgb5Q9RTR4kjvNVlPLw-5Y5f8Vm-U4HzSIVnULvW1gSmBNbiVefr_zMSVE0phWTD3oXdTfzeSfPOG_lvHdKPeyXKoT5hzTCK1QacNdJjReKBTV5oRCc3cfL&s=1"}]}, "id": "1003344626383879_1984556578262674"}