{"created_time": "2019-02-04T21:10:01+0000", "message": "\"Miami-Dade State Attorney Katherine Fernandez Rundle said in a statement published by the NBC Miami website. \u201cRestoring these lost girls to their families while getting their predatory bosses off the streets is what the Human Trafficking Task Force is really all about,\u201d", "permalink_url": "https://www.facebook.com/1003344626383879/posts/2225008510884145/", "attachments": {"data": [{"description": "Two teen girls have been rescued and two men have been arrested in South Florida in two separate human trafficking cases, according to local officials.", "media": {"image": {"height": 720, "src": "https://external-lax3-1.xx.fbcdn.net/safe_image.php?d=AQHwTDowzlJbj_kz&w=720&h=720&url=https%3A%2F%2Fthegrio.com%2Fwp-content%2Fuploads%2F2019%2F02%2FstAdobeStock_182004393.jpg&cfs=1&_nc_cb=1&_nc_hash=AQGjc6nuxdeVYNr_", "width": 720}}, "target": {"url": "https://l.facebook.com/l.php?u=https%3A%2F%2Fbuff.ly%2F2RBqkiX&h=AT08XLuVaK18BE5O_LY72wzY1WUTUwmik8TrEiL581MV6dmpJdAnb5S7cLZbnyM5mET4iYOd7Xo5OLEyxIW11lo3sFq4V17Y2ZWrl24LwoyY8MxmTOndMV0jJixCNg_C&s=1"}, "title": "Two arrested, two teen girls rescued in Miami Beach human trafficking case - theGrio", "type": "share", "url": "https://l.facebook.com/l.php?u=https%3A%2F%2Fbuff.ly%2F2RBqkiX&h=AT08XLuVaK18BE5O_LY72wzY1WUTUwmik8TrEiL581MV6dmpJdAnb5S7cLZbnyM5mET4iYOd7Xo5OLEyxIW11lo3sFq4V17Y2ZWrl24LwoyY8MxmTOndMV0jJixCNg_C&s=1"}]}, "id": "1003344626383879_2225008510884145"}