{"created_time": "2018-11-22T00:13:56+0000", "message": "Kindness isn\u2019t going to cure the world of all it\u2019s awfulness, but it\u2019s a good place to begin.\n- Daisy Ridley\n#HelpERASE\nWe are extremely thankful for the Law Enforcement Agencies that host our class, the incredible agency support staff that are always helpful, the Law Enforcement Officers who have participated and for the officers and agents who are out there every day making a difference.", "message_tags": [{"id": "600288956648476", "name": "#helpERASE", "offset": 109, "length": 10}], "permalink_url": "https://www.facebook.com/helperase/videos/192567035009956/", "attachments": {"data": [{"media": {"image": {"height": 640, "src": "https://scontent-lax3-1.xx.fbcdn.net/v/t15.5256-10/44314581_192569828343010_862134832640032768_n.jpg?_nc_cat=110&ccb=1-3&_nc_sid=ad6a45&_nc_ohc=MmAJmXGZUOQAX8NmnxE&_nc_oc=AQmeSETq7sOZMzK_QnURUgJmvbqUPb7zsgkXYLQixuEQXb0ScVfvZd8kl179MVxevbc&_nc_ht=scontent-lax3-1.xx&oh=ee3db10d9be72f87b9dabdab129be1b0&oe=60707653", "width": 360}}, "target": {"id": "192567035009956", "url": "https://www.facebook.com/helperase/videos/192567035009956/"}, "type": "video_direct_response", "url": "https://www.facebook.com/helperase/videos/192567035009956/"}]}, "id": "1003344626383879_192567035009956"}