{"created_time": "2018-07-11T14:04:06+0000", "message": "Well said!\n\"Douglas County Sheriff Tim Dunning said it best when he previously wrote in The World-Herald, \u201cprosecuting human trafficking cases by treating victims as criminal defendants in order to leverage them into forced cooperation against their traffickers is ineffective and misunderstands the coercive nature of the victimization that occurs in human trafficking.\u201d", "permalink_url": "https://www.facebook.com/1003344626383879/posts/1924677190917280/", "attachments": {"data": [{"description": "The writer is manager of the sex trafficking project of the Women\u2019s Fund of Omaha.", "media": {"image": {"height": 630, "src": "https://external-lax3-1.xx.fbcdn.net/safe_image.php?d=AQFTv0Mdc59gWyvt&w=630&h=630&url=https%3A%2F%2Fbloximages.newyork1.vip.townnews.com%2Fomaha.com%2Fcontent%2Ftncms%2Fassets%2Fv3%2Feditorial%2Fa%2Faa%2Faaa6fcd9-5c6a-5f63-82af-af98ea45dfa2%2F5b3fb6e852757.image.jpg%3Fcrop%3D1057%252C793%252C71%252C0%26resize%3D840%252C630%26order%3Dcrop%252Cresize&cfs=1&sx=210&sy=0&sw=630&sh=630&_nc_cb=1&_nc_hash=AQG2SMBy5cUuUXzN", "width": 630}}, "target": {"url": "https://l.facebook.com/l.php?u=https%3A%2F%2Fbuff.ly%2F2u3jdqf&h=AT3kQ2JCqxbYaL5er-TXdnRnrumOa1KCXovOLBy-GS29T5o-Q5UYyqfbzrSo_fNfQYMw2DLyxmFvZ_wd6P0pImatJg4yN0p_afO70kVz9A1eEAGXXKugVA3_oYzTesBl&s=1"}, "title": "Midlands Voices: To end sex trafficking in our communities, we must work together", "type": "share", "url": "https://l.facebook.com/l.php?u=https%3A%2F%2Fbuff.ly%2F2u3jdqf&h=AT3kQ2JCqxbYaL5er-TXdnRnrumOa1KCXovOLBy-GS29T5o-Q5UYyqfbzrSo_fNfQYMw2DLyxmFvZ_wd6P0pImatJg4yN0p_afO70kVz9A1eEAGXXKugVA3_oYzTesBl&s=1"}]}, "id": "1003344626383879_1924677190917280"}